0,10048.6897223201,18342.4507668633,25087.6249356007,30471.4958162772,34663.7175348536,37817.6569470887,40071.6533901136,41550.199969217,42365.0502128491,42616.2537900001,42393.1248486058,41775.1464014104,40832.8140567533,39628.4222659962,38216.7961367286,36645.9717414436,34957.8277350301,33188.6709811222,31369.7787770729,29527.90016,27685.7186719849,25862.2788610149,24073.3786956404,22331.9299754967,20648.2887268067,19030.5574816727,17484.8612523556,16015.5989267825,14625.6717291852,13316.69031,12089.1619519315,10942.6593043432,9875.97198585507,8887.24232516118,7974.0864425879,7133.70180975487,6362.96236183952,5658.50217633817,5016.78867382585,4434.18624,3907.01111421339,3431.57833771596,3004.24150489667,2621.42601290213,2279.65645907227,1975.57879163056,1705.97777696171,1467.79030655966,1258.11502829575,1074.21875,913.540028427763,773.690323460163,652.453065818914,547.780956625419,457.791788759765,380.763053137854,315.125567684401,259.456342895964,212.470875421681,173.01504,140.056730337528,112.677381061263,90.0634856779884,71.4982094945649,56.3531816503906,44.0805367484529,34.2052640042394,26.3179103224463,20.0676732199494,15.15591,11.3300810071537,8.37813711509916,6.12335478044457,4.41961599468647,3.14712524414063,2.20855110362726,1.52557630425916,1.03583698886554,0.690229360478888,0.450560000000001,0.287514738721089,0.178920079911937,0.108270731241761,0.0634967965040642,0.0359445410156251,0.019545350257664,0.010148505899961,0.00499466738073601,0.002308430789489,0.000989999999999998,0.000387807909489,0.000135828340735999,4.12817399609998e-05,1.04203376640001e-05,2.04101562500001e-06,2.76824064000003e-07,2.10017610000003e-08,5.51936000000008e-10,1.08900000000002e-12,0
0,10048.6897223201,18342.4507668633,25087.6249356007,30471.4958162772,34663.7175348536,37817.6569470887,40071.6533901136,41550.199969217,42365.0502128491,42616.2537900001,42393.1248486058,41775.1464014104,40832.8140567533,39628.4222659962,38216.7961367286,36645.9717414436,34957.8277350301,33188.6709811222,31369.7787770729,29527.90016,27685.7186719849,25862.2788610149,24073.3786956404,22331.9299754967,20648.2887268067,19030.5574816727,17484.8612523556,16015.5989267825,14625.6717291852,13316.69031,12089.1619519315,10942.6593043432,9875.97198585507,8887.24232516118,7974.0864425879,7133.70180975487,6362.96236183952,5658.50217633817,5016.78867382585,4434.18624,3907.01111421339,3431.57833771596,3004.24150489667,2621.42601290213,2279.65645907227,1975.57879163056,1705.97777696171,1467.79030655966,1258.11502829575,1074.21875,913.540028427763,773.690323460163,652.453065818914,547.780956625419,457.791788759765,380.763053137854,315.125567684401,259.456342895964,212.470875421681,173.01504,140.056730337528,112.677381061263,90.0634856779884,71.4982094945649,56.3531816503906,44.0805367484529,34.2052640042394,26.3179103224463,20.0676732199494,15.15591,11.3300810071537,8.37813711509916,6.12335478044457,4.41961599468647,3.14712524414063,2.20855110362726,1.52557630425916,1.03583698886554,0.690229360478888,0.450560000000001,0.287514738721089,0.178920079911937,0.108270731241761,0.0634967965040642,0.0359445410156251,0.019545350257664,0.010148505899961,0.00499466738073601,0.002308430789489,0.000989999999999998,0.000387807909489,0.000135828340735999,4.12817399609998e-05,1.04203376640001e-05,2.04101562500001e-06,2.76824064000003e-07,2.10017610000003e-08,5.51936000000008e-10,1.08900000000002e-12,0
0,10048.6897223201,18342.4507668633,25087.6249356007,30471.4958162772,34663.7175348536,37817.6569470887,40071.6533901136,41550.199969217,42365.0502128491,42616.2537900001,42393.1248486058,41775.1464014104,40832.8140567533,39628.4222659962,38216.7961367286,36645.9717414436,34957.8277350301,33188.6709811222,31369.7787770729,29527.90016,27685.7186719849,25862.2788610149,24073.3786956404,22331.9299754967,20648.2887268067,19030.5574816727,17484.8612523556,16015.5989267825,14625.6717291852,13316.69031,12089.1619519315,10942.6593043432,9875.97198585507,8887.24232516118,7974.0864425879,7133.70180975487,6362.96236183952,5658.50217633817,5016.78867382585,4434.18624,3907.01111421339,3431.57833771596,3004.24150489667,2621.42601290213,2279.65645907227,1975.57879163056,1705.97777696171,1467.79030655966,1258.11502829575,1074.21875,913.540028427763,773.690323460163,652.453065818914,547.780956625419,457.791788759765,380.763053137854,315.125567684401,259.456342895964,212.470875421681,173.01504,140.056730337528,112.677381061263,90.0634856779884,71.4982094945649,56.3531816503906,44.0805367484529,34.2052640042394,26.3179103224463,20.0676732199494,15.15591,11.3300810071537,8.37813711509916,6.12335478044457,4.41961599468647,3.14712524414063,2.20855110362726,1.52557630425916,1.03583698886554,0.690229360478888,0.450560000000001,0.287514738721089,0.178920079911937,0.108270731241761,0.0634967965040642,0.0359445410156251,0.019545350257664,0.010148505899961,0.00499466738073601,0.002308430789489,0.000989999999999998,0.000387807909489,0.000135828340735999,4.12817399609998e-05,1.04203376640001e-05,2.04101562500001e-06,2.76824064000003e-07,2.10017610000003e-08,5.51936000000008e-10,1.08900000000002e-12,0
0,8472.71876385075,15646.554783376,22405.051371593,29253.2787046936,36022.9056543828,42125.8628109029,46942.0694857111,50079.1206688553,51451.0529867893,51229.521495322,49741.1626293674,47365.4364782715,44459.8040728461,41318.0925371637,38156.4334156895,35117.2798305592,32282.5732592169,29689.5407835777,27345.2549322582,25238.2319710442,23346.7751283202,21644.5473592489,20104.1369240947,18699.3272053866,17406.5630616943,16205.8644549921,15081.2750584025,14020.8818659264,13016.4699289194,12062.9243402664,11157.5135704217,10299.1722707703,9487.86210339298,8724.04739719505,8008.29245174023,7340.97216587602,6722.08318332941,6151.14282286113,5627.1632243433,5148.6866859475,4713.8656177193,4320.56846151687,3966.49280793375,3649.26946684503,3366.54611459669,3116.04525315567,2895.5971279197,2703.15264328299,2536.78337225933,2394.67534081177,2275.12088369993,2176.50945979331,2097.31497429239,2036.07484572384,1991.35540774173,1961.69946406675,1945.55474397921,1941.18617110366,1946.57962837499,1959.34957712782,1976.6667514453,1995.22447959866,2011.26226615795,2020.66243685908,2019.12941373531,2002.45143581283,1966.83177266349,1909.26201494211,1827.89606850625,1722.37293311917,1594.03236409734,1445.97277314142,1282.91657703492,1110.87391289901,936.627955657298,767.098395755754,608.666888747034,466.562460348788,344.400888510255,243.948661104346,165.142661034698,106.349262438057,64.8019556250275,37.1259579670242,19.849307645205,9.81460660066305,4.43898473329108,1.81162180597561,0.655827362109993,0.206024691842288,0.0545733037273847,0.0117289137430763,0.001940213087143,0.000229628006936032,1.76575829322922e-05,8.11031535001601e-07,2.45146588483753e-08,4.66113097607886e-10,8.94695040920912e-13,0
0,7157.55373272843,13422.9215257027,20226.9017620819,28304.7983106429,37177.4183070283,45634.858040529,52447.4376516984,56828.4371270514,58562.5189671458,57904.889065348,55388.5089249786,51637.5492880785,47233.8113474873,42644.6289464516,38200.5947907619,34105.1735833543,30459.8655329629,27293.2704432504,24587.3074334845,22297.6916443201,20368.266996004,18740.121731292,17356.8927506237,16167.6087937046,15128.092511614,14201.5429894123,13358.5967990399,12576.9842072908,11840.8472315401,11139.8077861896,10467.9028718602,9822.50474929579,9203.31694968205,8611.49955800779,8048.94626534527,7517.71775452025,7019.62835896796,6555.97930441162,6127.42723451156,5733.96961307143,5375.02050765863,5049.54409443104,4756.21152130834,4493.5505709171,4260.0661156707,4054.3204835743,3874.97377598574,3720.79239086012,3590.63795203199,3483.44824189489,3398.21749325215,3333.97724402901,3289.77290528054,3264.62700955969,3257.47895500309,3267.09333684074,3291.93434261185,3330.01132929318,3378.70944313091,3434.62770483776,3493.45405326964,3549.91110373628,3597.8065261848,3630.21677384795,3639.82150452922,3619.38823034082,3562.38342859706,3463.65996176715,3320.14520769304,3131.43509715037,2900.19204152899,2632.25438797987,2336.39402317116,2023.70570276642,1706.67066935951,1397.99790899888,1109.3960776874,850.454917096663,627.807670026643,444.703199696824,301.044502129653,193.863690633618,118.122256738788,67.669538282322,36.1760542233029,17.8851952639536,8.08774373011839,3.29989464450533,1.1941364792469,0.374898265146818,0.0991984627697234,0.0212757742380891,0.00350386575203064,0.000410124198289308,3.05169518510887e-05,1.25115732913349e-06,2.74337748245276e-08,3.96196633834719e-10,7.3620408691943e-13,0
0,6057.3391745371,11584.2925007924,18454.5816326268,27567.961953371,38162.8351337347,48507.7652536898,56882.4032433403,62199.3174997899,64161.8820564931,63112.1410894719,59760.3340557502,54929.579745279,49376.9145110791,43699.6591210869,38309.3981583423,33448.2457882123,29224.967536499,25655.3050002607,22697.6580959465,20280.4806985066,18321.0419989444,16736.9139954066,15452.147265453,14400.0291066934,13523.9117465848,12777.088809052,12122.2439825538,11530.684347627,10981.4183463706,10460.1036846389,9957.90878636622,9470.3513205811,8996.17833535651,8536.33895895395,8093.08453938092,7669.21970102026,7267.52066274956,6890.32995720835,6539.32596322709,6215.45131241901,5918.96925832547,5649.60576296146,5406.73081141278,5189.53657869943,4997.18129673146,4828.88282305347,4683.96101085279,4561.83944817518,4462.02275086166,4384.064920613,4327.53855520338,4292.00630280895,4276.98766393046,4281.90851335407,4306.01915015127,4348.26983660807,4407.14021763584,4480.42954733246,4565.02669385639,4656.69068177046,4749.88225814232,4837.69282564425,4911.91727865846,4963.31014796435,4982.04878799848,4958.40285365208,4883.57728364828,4750.65975938605,4555.56866933319,4297.87126873317,3981.33187516545,3614.06327672222,3208.19441799678,2779.03198964998,2343.77460167785,1919.92170859761,1523.58764386827,1167.96645479631,862.183085030703,610.707556025047,413.409815077609,266.213934999311,162.198749941044,92.9153436059019,49.6695534061725,24.554593639458,11.1027210887048,4.52953993675514,1.638858407374,0.514399898221384,0.13605884364372,0.029160844929256,0.00479524905561439,0.000559185596900899,4.113737483756e-05,1.6148600856825e-06,2.98677201096228e-08,3.39109868198949e-10,6.06620678177642e-13,0
0,5136.71391516438,10095.4293203226,17165.187560553,27376.8092984353,39670.036877186,51802.3392521364,61593.2355382316,67691.6210847546,69751.1495769835,68220.3373737143,63993.3673853365,58088.4894958378,51427.5829836151,44724.80359475,38459.7539967694,32902.2411010819,28160.2085598881,24231.4442291944,21048.3953533433,18511.9397759511,16513.990978683,14950.8338175624,13729.7507088058,12771.372750979,12009.6846101299,11390.9917078577,10872.5890012979,10421.4462350186,10012.9759711225,9629.85328879469,9260.85139290732,8899.68605261155,8543.88741002474,8193.73014173361,7851.25645166845,7519.42633939583,7201.42690504966,6900.16483910101,6617.95204612152,6356.37493954316,6116.31760824502,5898.09316572777,5701.63040273357,5526.66600041186,5372.90463983684,5240.12663658463,5128.24046982389,5037.29139811595,4967.44442274396,4918.95941989333,4892.16956215044,4887.46384890885,4905.26389455232,4945.97704949545,5009.90455445913,5097.08572744096,5207.06706031558,5338.59765207739,5489.26821159107,5655.12819412183,5830.33248027324,6006.88297157929,6174.53870066156,6320.9672910851,6432.19765388549,6493.40633880172,6490.02760577156,6409.12278677737,6240.88446632478,5980.09581375068,5627.32803612749,5189.65252668602,4680.67877653088,4119.80755638698,3530.7045963716,2939.13563540797,2370.43304154552,1846.95700635659,1385.94374316953,998.083829659851,687.04852397998,450.003644966695,278.959363808398,162.64714344698,88.5328913247673,44.5892832867268,20.5533960331811,8.55443807327224,3.16048029906489,1.01403725779188,0.274520528179015,0.0603087520098339,0.0101807744550203,0.00121973365945344,9.18568101512859e-05,3.58463647970753e-06,5.4856109068829e-08,3.38031306984466e-10,5.01257605466129e-13,0
0,4365.43023324323,8887.20303725786,16234.4923745597,27539.9211074791,41444.1779335055,55221.4101328031,66271.7144208505,73017.7282535007,75087.6604667719,73045.2056981635,67964.3202240426,61046.2130067851,53362.2755466679,45728.6685976029,38680.8560961281,32507.7301526265,27311.3180726617,23069.315076282,19688.2658813057,17042.9479886115,15002.1816022201,13443.5500934715,12260.1868923156,11362.5674543108,10677.623183254,10146.7653873103,9723.74122547933,9372.73051944251,9066.76597891415,8786.40484846932,8518.54688427588,8255.32135308172,7993.00828214752,7730.9943672586,7470.78741517101,7215.12679912404,6967.23198515849,6730.2258796806,6506.75449280893,6298.80194136442,6107.67555341213,5934.11610917777,5778.47805910703,5640.9259764499,5521.60524977571,5420.76314502647,5338.81563155669,5276.37082945642,5234.2282164616,5213.37267909284,5214.97516026036,5240.3997351491,5291.2038928141,5369.1079546179,5475.90350987619,5613.27103370901,5782.48399811335,5983.99053123914,6216.88319643174,6478.29143332045,6762.75765854067,7061.68402300513,7362.95816325779,7650.87750386125,7906.48658881456,8108.41486781604,8234.24997204605,8262.40478302941,8174.34261723117,7956.92748842703,7604.58531609592,7120.91948352113,6519.44042820746,5823.15578654092,5062.9228647356,4274.66932989549,3495.80469067574,2761.32698364483,2100.22818780529,1532.78317392845,1069.16078989378,709.545156820363,445.65487697551,263.271391145252,145.20771725746,74.1134055920002,34.6268436321278,14.6116187543872,5.47507579617711,1.78245615965674,0.489911998977214,0.109347917103604,0.0187695748760561,0.00228822807342253,0.000175268739824892,6.89823885660597e-06,9.93168669197683e-08,3.86489860194209e-10,4.15763851898927e-13,0
0,3718.48931114269,7904.94120935532,15570.8800972515,27925.9494338143,43321.3726796256,58584.6967812676,70740.8004154557,78021.0605613701,80046.2980927865,77496.8203161395,71615.9940124827,63771.7946271738,55168.1185201596,46708.5531399476,38973.781944674,32265.2851006363,26676.2502393558,22164.0193632902,18610.6876654587,15867.2850032428,13782.1878189473,12216.843174339,11052.5277340986,10191.5328674572,9555.42043005453,9082.16107938983,8723.2207526509,8441.08253761726,8207.3080033209,8001.04148337609,7807.79914719082,7618.40449290118,7427.9830719561,7234.9814565712,7040.21662032386,6845.98941235901,6655.30924895855,6471.27620016976,6296.65236972365,6133.63069630918,5983.78243356208,5848.141759865,5727.37292979632,5621.96470140608,5532.40744811184,5459.32643433084,5403.56472132143,5366.22572318027,5348.69470146106,5352.65888576902,5380.13818261768,5433.52514007333,5515.61748570692,5629.61275163802,5779.02528009903,5967.4834303259,6198.37038088027,6474.28614254578,6796.3312947062,7163.24388618063,7570.45818007642,8009.19407737137,8465.72350870096,8920.98686296311,9350.73893082098,9726.38010735979,10016.5674620423,10189.6001469038,10216.4414662684,10074.0930447405,9748.9018696222,9239.29161060305,8557.39802992842,7729.17759556568,6792.75325333947,5795.04132527269,4787.02203230641,3818.30645364521,2931.84189899386,2159.62589517324,1520.13955662123,1017.88434083702,644.981177684952,384.371584964292,213.857174639742,110.109303760992,51.8992413686159,22.096259014164,8.35529183949147,2.7456950303088,0.762013722945443,0.171815193987202,0.0298096681191696,0.00367562448267516,0.000284855920982037,1.13179450709088e-05,1.60341068321306e-07,4.78311812681712e-10,3.46590640294646e-13,0
0,3175.47896036648,7111.02422709679,15132.610592085,28509.2748498673,45311.1865316455,61947.6650096969,75101.51503888,82838.2900754275,84783.753562742,81734.7672923218,75095.6241597246,66388.7634376089,56938.1777055793,47724.6447598125,39366.9487087364,32175.1477731502,26232.1420164204,21475.283126594,17763.6540555392,14926.4453080588,12793.5435432026,11212.010759479,10052.7161168553,9210.92217995664,8603.75034446061,8166.51619408363,7849.11032931732,7612.97390810704,7428.79612218615,7274.82636986108,7135.60687381952,7000.93918357387,6864.95063823621,6725.18968514449,6581.73396217795,6436.33519831929,6291.64778756646,6150.59272682242,6015.89705215003,5889.82552610893,5774.09322618007,5669.92270410192,5578.19386889557,5499.63184112722,5434.9871245379,5385.17977701878,5351.39931525988,5335.16925731711,5338.39525582644,5363.41667813198,5413.07359704906,5490.78674841427,5600.63051577664,5747.36215871326,5936.35773281014,6173.3992573249,6464.26083350614,6814.05523459426,7226.32808174692,7701.92436419986,8237.7005295352,8825.21100074483,9449.55381251702,10088.6055076436,10712.8969506406,11286.3648416374,11768.1464942924,12115.4627704242,12287.4620058574,12249.6964976681,11978.7070380182,11466.044722901,10721.0094219934,9771.46759166753,8662.34250291705,7451.72822980869,6205.00871844115,4987.77787055004,3858.65498240607,2863.18319027999,2029.83814849891,1368.77355744836,873.371532760457,524.084881587422,293.608516678819,152.22185610345,72.2528736037497,30.9819376223535,11.8012179929826,3.90753176159351,1.09306095389926,0.248523144431143,0.0435046449582079,0.00541622210049685,0.000424144664313909,1.70266506720108e-05,2.41203182764519e-07,6.21088434494819e-10,2.91123794089017e-13,0
0,2719.36836672738,6472.93807893764,14878.6812329409,29252.1476575333,47391.3457749075,65311.8193066133,79381.2797368708,87518.9868127086,89363.9729438027,85828.0209098034,78468.4017500715,68951.6374761057,58711.9373704713,48799.5490842935,39866.3495182573,32228.4943874099,25958.0798266331,20973.2454392665,17111.5245474424,14181.9437959422,11997.4764999278,10392.1118690619,9227.31216278427,8392.03431556872,7799.48378429117,7382.73572603645,7090.48176246855,6883.4982891685,6731.98519142031,6613.66658089533,6512.43777250221,6417.33691005493,6321.66854685307,6222.17413363013,6118.20895150799,6010.93565372851,5902.57636115786,5795.77663346201,5693.12711883453,5596.86713295933,5508.76635785434,5430.15461797992,5362.05217352381,5305.34787948165,5260.97978107114,5230.08882605165,5214.13597818458,5214.99040955787,5235.00709143114,5277.11354407356,5344.91764174879,5442.83310221537,5576.19983465877,5751.35643989178,5975.60558402388,6257.00311675209,6603.90174744622,7024.19259803896,7524.21537152135,8107.35162620131,8772.37523965693,9511.70589098204,10309.7871572529,11141.877442773,11973.5818845819,12761.447054192,13454.8703827263,13999.4332886755,14341.5551947367,14434.1073148906,14242.3617666075,13749.4398341077,12960.3249750938,11903.5737683467,10630.1171636455,9208.97943217829,7720.28893422181,6246.5058567749,4863.21678453711,3631.02270459805,2589.90055261425,1756.95102429111,1127.74963196083,680.761659034205,383.664506192997,200.1132523102,95.5684353185738,41.2376477492425,15.8098559795432,5.270340359326,1.48481270971769,0.340164220653302,0.0600367575617357,0.00754194423291951,0.000596535819535122,2.42072347251267e-05,3.45317970966541e-07,8.23494061567361e-10,2.47326406719222e-13,0
0,2335.96032748537,5963.05028207959,14771.7711156744,30114.5299732318,49527.1762517126,68654.246727535,83571.8485454116,92068.7153546555,93802.633779516,89797.269088414,81754.8835992425,71476.6298200977,60498.4675386624,49933.8795347736,40464.1108617982,32409.8794814994,25832.5431246054,20632.0708575754,16625.9327427655,13604.5367169837,11365.3085374932,9730.23867526778,8552.14707855884,7714.18522388601,7125.95672926959,6718.51002399329,6439.52309491589,6249.30965986206,6117.81366367249,6022.48814131321,5946.83227140551,5879.34176877111,5812.66975421621,5742.86308137068,5668.60918735933,5590.48709142366,5510.25594650058,5430.23264920487,5352.80739082937,5280.12743598007,5213.95249214341,5155.65840841362,5106.34694487851,5067.01223857119,5038.71979728492,5022.76840747504,5020.82411334474,5035.032725164,5068.12838509038,5123.55770989118,5205.63135534173,5319.6989557053,5472.3221836452,5671.39783601321,5926.1623360489,6246.99483484255,6644.93217296029,7130.81929757764,7714.04703785075,8400.87816097725,9192.43284136644,10082.4926058603,11055.3784046868,12084.248109407,13130.2198867479,14142.7356575419,15061.5100203644,15820.249956526,16352.080751075,16596.2974321153,16505.7266225247,16053.6995552711,15239.4810868771,14091.0414244116,12664.3367251747,11038.772064049,9309.18532055732,7575.38647026402,5930.85218956946,4452.45333907265,3192.97662243498,2177.67801528012,1405.27379588468,852.833987534436,483.241042598738,253.435998253776,121.714500857035,52.8241486869902,20.3740173290683,6.83480661684974,1.93849079300603,0.447300254766696,0.0795655387695454,0.0100822146541015,0.000805299451739769,3.30426627001759e-05,4.76251973482697e-07,1.09533183473056e-09,2.13643445341366e-13,0
0,2013.47474702038,5559.28669694432,14784.599429094,31071.9658217187,51704.9915836772,71976.9744911559,87691.6395229212,96519.1582339077,98139.2337180617,93683.7377379547,84992.6401517319,73993.7516572027,62318.0354630517,51137.5449850037,41160.3783275363,32711.0652278485,25840.685520472,20432.1710255727,16284.3049534327,13170.202768374,10872.8519162344,9203.06968849915,8005.57953498883,7158.04182109391,6566.61210584896,6160.3808250431,5886.06133806201,5703.57847311571,5582.7380228217,5500.88010552871,5441.28756343321,5392.09093475148,5345.44516143735,5296.81788036678,5244.30120892534,5187.92282342544,5128.97856140621,5069.4333365541,5011.4398861839,4957.01005631453,4907.84844713833,4865.33200431216,4830.59919820574,4804.70353602776,4788.78931988192,4784.26035846632,4792.92999483588,4817.1577649843,4859.98935192176,4925.31903892821,5018.08651617789,5144.50360217879,5312.28371248616,5530.82125679778,5811.24366646438,6166.23993051716,6609.56120489846,7155.09644063932,7815.45420687019,8600.03516187325,9512.65959788899,10548.9181620088,11693.5315137281,12918.1185464743,14179.8574189436,15421.5487219303,16573.5262120662,17557.687219031,18293.6297841679,18706.5106024864,18735.8304917879,18343.9924221168,17523.2554091629,16299.7137771084,14733.2212515396,12912.7519128733,10947.4714899408,8954.63802541896,7046.16845471274,5316.10226852563,3831.12439341103,2625.74272863265,1702.75346232368,1038.49697211984,591.406479080395,311.759004530351,150.516998759463,65.6828895098986,25.4789021279341,8.59907386091253,2.45462445471106,0.570348025338352,0.102229417632672,0.0130647678613465,0.00105369787920638,4.37241402182001e-05,6.37904412570015e-07,1.44811834086207e-09,1.889426917713e-13,0
0,1742.10660279669,5243.62048684231,14895.7229713612,32106.7675143132,53917.5327935027,75286.8564765971,91761.4522866209,100901.705914057,102410.662561072,97524.4892285346,88214.4475550733,76528.4678525927,64187.2994897171,52418.2161384439,41954.6040690755,33124.6188169805,25969.7571989767,20357.04126672,16067.791467321,12858.9376515487,10499.9090125979,8790.97010936606,7569.1262115258,6706.72959727533,6106.53639359634,5695.65662628984,5419.80165744084,5238.4960202245,5121.44307183526,5045.9544568513,4995.21671105259,4957.13030292621,4923.48151490953,4889.26694431211,4852.06160807071,4811.38842060033,4768.09837595364,4723.80119313675,4680.39439389305,4639.72829926299,4603.42230688142,4572.82264451493,4549.07142401428,4533.24643249549,4526.53229354809,4530.39455538298,4546.74459755732,4578.0996442261,4627.75366687815,4699.9780311778,4800.26383089731,4935.60136891229,5114.76824421753,5348.56924733815,5649.9428998107,6033.82590038598,6516.65363513739,7115.37864576361,7845.9161523634,8720.98214723599,9747.37820688343,10922.8957477204,12233.1509002541,13648.7998507218,15123.6942902515,16594.5818887248,17982.9016058548,19199.0413660205,20149.1093009403,20743.842336398,20908.7954677036,20594.5123641538,19785.0834802188,18503.4587632621,16812.1719359385,14808.7620572169,12616.0710127613,10368.5921819081,8196.92364848098,6212.90539352431,4498.01536404192,3097.00513591177,2017.67213438412,1236.34528440158,707.451228528244,374.766162061758,181.856906441233,79.7794576606287,31.1192851213596,10.5646639471469,3.03477894517737,0.709991248800694,0.128221824950636,0.0165257475755583,0.00134584147904176,5.64891744587014e-05,8.35122050201223e-07,1.89664338296789e-09,1.72496001871419e-13,0
0,1513.67378131837,5001.09953538796,15087.3252863466,33203.9058382887,56157.6692726405,78587.3273011455,95794.9378227385,105237.48078611,106641.560170972,101343.686586545,91440.7731227819,79095.4858422473,66114.3150582518,53777.3676571304,42842.4132351274,33641.4054258044,26207.0657319543,20391.578172249,15959.8747577299,12653.6226983732,10229.3957969679,8477.37809942554,7227.12271638171,6345.77654190876,5732.68646451714,5312.9115381641,5031.07663805406,4846.24390568269,4727.99611490233,4653.64778616722,4606.36202922396,4573.90743230549,4547.80665192723,4522.68128646004,4495.66583813137,4465.83111320155,4433.61254666024,4400.27443855443,4367.454641951,4336.82840443862,4309.91123944158,4287.99718943428,4272.20853102644,4263.62141086898,4263.43125056515,4273.1307742004,4294.68838608582,4330.73029898642,4384.74133038638,4461.30286225043,4566.38007718011,4707.65410662451,4894.86971002664,5140.13848906963,5458.10554041491,5865.8591006924,6382.44455440248,7027.84367458838,7821.30523294348,8778.97152033183,9910.84134130914,11217.2423885635,12685.1444486771,14284.8084730223,15967.4027243129,17664.2851884285,19288.6088519773,20739.7197344163,21910.4745285868,22697.126333552,23010.87468583,22789.6503376273,22008.3322553832,20685.5008224461,18885.110052972,16712.1359916033,14302.2557342152,11806.7578700032,9374.92993580045,7136.83892763693,5189.49806173269,3588.80840341821,2348.47076994578,1445.55636078006,830.998193573568,442.317922689244,215.701709724649,95.1181243250642,37.3055090620691,12.7386348092663,3.68221655756554,0.867346948524518,0.157823918063053,0.0205143835577484,0.00168712223685295,7.16431159585153e-05,1.0740993101578e-06,2.46018499294382e-09,1.63972867199081e-13,0
0,1321.34678615264,4819.45105544496,15345.246685172,34352.2621320181,58421.5526620532,81883.7519246772,99805.9838724571,109546.238778141,110854.024333785,105162.375758287,94689.0030141308,81706.9707068382,68105.4680993761,55215.8327222969,43819.8183561231,34253.5947164769,26541.9609124579,20523.2504052546,15946.9315666524,12540.1659128042,10047.2235487759,8248.55965410738,6966.45482472875,6062.89640710594,5433.77561473277,5002.00309359954,4711.0068115089,4519.2942436131,4396.27403664598,4319.25676197893,4271.41817016767,4240.46174414789,4217.72822616516,4197.54592930949,4176.679416491,4153.8006491024,4128.96392983328,4103.10562377588,4077.60820620787,4053.9671093361,4033.58369857507,4017.68633038559,4007.36163849084,4003.66578601732,4007.78308974647,4021.2065447004,4045.92809831026,4084.64133613184,4140.9706669473,4219.74514286811,4327.32926837612,4472.00686134553,4664.38825495025,4917.77843367883,5248.40807745431,5675.39642395723,6220.29141730354,6906.0273755601,7755.16289519567,8787.32093346132,10015.8550550835,11443.9105799636,13060.2269823637,14835.2160634729,16718.0137490286,18635.296170936,20492.624146486,22178.8936630949,23574.1052608176,24560.1402500496,25033.6099746784,24919.2347507231,24181.7529387841,22834.2042084145,20940.6876479276,18612.4038052409,15996.8822674028,13261.5889140533,10574.3222637811,8083.6345943889,5902.68927780829,4099.36905008806,2694.16163786848,1665.66122146498,961.876288473765,514.387037841868,252.075715826044,111.729572535392,44.0590404589388,15.1322108009719,4.40155226938132,1.04389943313591,0.191396102578358,0.0250925063688054,0.00208424553196257,8.95651089532921e-05,1.36258167716088e-06,3.16344879982126e-09,1.63447995923692e-13,0
0,1159.41954258762,4688.60880103535,15658.3172585485,35543.897840336,60708.0023585474,85183.094405759,103808.768916571,113846.821193447,115068.39082696,108999.469724089,97974.4861393561,84373.5149383222,70166.2675521068,56734.3553708754,44883.5087295535,34954.6983483581,26965.6559158553,20741.7536022981,16017.7776050049,12506.9920233069,9941.78508181379,8093.13470855604,6776.1599084642,5847.69215027425,5200.09680202879,4754.02430665374,4451.58240190141,4250.61495757746,4120.28069944545,4037.85280509206,3986.52781558246,3953.98514492901,3931.44449392956,3913.00806060866,3895.13286211726,3876.14255178645,3855.74605875192,3834.57323360229,3813.76079149358,3794.62549123374,3778.45028365672,3766.39031392613,3759.48677019861,3758.76363819868,3765.37860247525,3780.80461825996,3807.03039050091,3846.78183689432,3903.77783872279,3983.03805497262,4091.25544814459,4237.23023043024,4432.33566388328,4690.95166998965,5030.76333125952,5472.7837273246,6040.93175899612,6760.98523973291,7658.7484629477,8757.33234952904,10073.5519205985,11613.6014850149,13368.3633213101,15308.9177207717,17383.0131094882,19513.3743603507,21598.7201942896,23518.1788990014,25139.4105461034,26330.1773742145,26972.4161951513,26977.1736273316,26298.2219390272,24941.9461180091,22971.3160028222,20502.4874527681,17693.7537341482,14728.0013721921,11791.2122952907,9050.54612951876,6635.8273854812,4627.6925450235,3054.28506184788,1896.52584216242,1100.11477894882,591.05853977918,291.061698409203,129.672464914252,51.4134741631116,17.7612864992537,5.19895702959038,1.24156554549299,0.229394087244266,0.0303373838903753,0.00254555289111752,0.000110727693332504,1.71031011105415e-06,4.03823337290841e-09,1.71445827887738e-13,0
0,1023.11736384149,4600.27168868665,16017.5671450023,36772.8440682506,63016.8941937081,88492.0211892884,107815.746156504,118155.18041401,119301.417737954,112870.150070341,101309.159536862,87102.9590134825,72300.3163225152,58332.6662702475,46029.9943729244,35738.758489401,27470.4496767582,21038.2663664176,16162.9640391939,12544.3903685625,9903.36657308907,8001.56544775644,6647.00313284632,5691.32940105274,5023.29993642027,4561.18781177814,4245.65339459216,4033.76095704705,3894.33105713057,3804.54857753003,3747.6187275245,3711.21766361448,3686.4872663449,3667.35729863135,3650.03080965374,3632.52918147634,3614.25067091444,3595.54138809474,3577.30474578819,3560.683623298,3546.84236193311,3536.85970624195,3531.72619232204,3532.42634721959,3540.08096881888,3556.12828374691,3582.53285776543,3622.02390617297,3678.37557563462,3756.74660830016,3864.0923625413,4009.64672408215,4205.44491578718,4466.82226521414,4812.78216516781,5266.08444634352,5852.8712378731,6601.63156332644,7541.32059193005,8698.50692768908,10093.5311056118,11735.8233837705,13618.7405938108,15714.5168518264,17970.141324446,20305.1236359992,22612.1226548802,24761.2421123162,26608.4046668276,28007.6134837264,28826.1606609641,28961.0666206164,28354.4020016782,27004.8384674781,24972.9536757579,22378.5546122082,19389.5335540969,16203.3372181959,13023.6895275391,10036.374828481,7388.3104339945,5173.6144166621,3428.94698692593,2138.38160618644,1245.96555501816,672.544512421356,332.8097630033,149.038226499941,59.4168260152745,20.6473867640957,6.08250067840057,1.46279568237376,0.272392269741207,0.0363456806529752,0.00308146005471392,0.000135723001794015,2.12961304583885e-06,5.1256785961254e-09,1.89022560492036e-13,0
0,908.440574684092,4547.59207903589,16415.8155777389,38034.7086338257,65348.9271133428,91816.941665145,111838.00828971,122485.046577028,123567.17411998,116786.867201859,104702.546877452,89901.2929433534,74510.05003457,60010.0248757335,47255.9462301528,36600.5021578326,28049.7249849145,21405.3281418027,16374.5721423645,12644.2608043053,9923.87491142846,7965.89044925712,6571.23904603691,5586.34178535991,4896.25311107981,4416.75116175695,4086.92311859947,3862.93649090625,3713.1795094958,3614.68704687981,3550.6465996645,3508.7364251681,3480.04935624534,3458.38452730893,3439.73603240643,3421.86375147818,3403.88750102344,3385.89205279812,3368.5610241823,3352.87016173174,3339.86754169414,3330.55530311385,3325.8715264979,3326.75784191151,3334.29220527802,3349.86816173417,3375.41035077983,3413.62763220546,3468.31572898657,3544.72642331215,3650.01661361822,3793.77572921619,3988.60346419543,4250.67269059348,4600.16796648743,5061.44391374641,5662.70830596468,6435.01318959833,7410.34715316862,8618.67683530224,10083.897249871,11818.8230166149,13819.5789001191,16060.0048518336,18486.9364033506,21017.3977397142,23538.7850610971,25912.9593670352,27984.7708006597,29594.9040175595,30596.1271791611,30871.1719477704,30349.7478596812,29021.8048403102,26944.2812925385,24239.3096775596,21083.16161947,17686.9052624548,14271.4781983522,11041.2273677995,8160.53607510217,5737.70240515527,3818.76474168709,2391.7989875816,1399.89281261336,759.181665564026,377.537979280561,169.952310246922,68.132514480451,23.818213844014,7.06239018528155,1.71065522770608,0.321104931125779,0.0432374051582196,0.00370492989417472,0.000165293034044647,2.63613314924027e-06,6.47919398967261e-09,2.17896119697361e-13,0
0,812.035386975229,4524.92270170325,16847.3478094723,39326.3867581995,67705.4857007798,95164.1105403366,115885.659934198,126848.539519009,127877.816397435,120760.185984531,108162.580832037,92773.3814795177,76797.3173433936,61765.633681946,48558.4454755515,37535.4425112696,28697.9278326064,21836.7261958515,16646.0369672229,12799.900245213,9996.60943240875,7979.5000355881,6542.4054876669,5526.45532777171,4812.90675701707,4314.92741668451,3969.9093502881,3733.00825241533,3572.08407801404,3463.95377915366,3391.7510546506,3343.15011057463,3309.21201579032,3283.63704663557,3262.24756711329,3242.57736735831,3223.49687949238,3204.85048680526,3187.11531683053,3171.10740717949,3157.76223911183,3148.00701222185,3142.7279417702,3142.82324669012,3149.32553841641,3163.57767974173,3187.45299081772,3223.62108324516,3275.87060850325,3349.50556777123,3451.82880865932,3592.71226299319,3785.22716420891,4046.26954875469,4397.06963248233,4863.42368064038,5475.44238983494,6266.58243323376,7271.73218392144,8524.17412601666,10051.3582296235,11869.5989461629,13978.0476808816,16352.5697501875,18940.4272013179,21656.8752380402,24384.8478995873,26978.7682428021,29273.1217903629,31095.7753866924,32285.1649492576,32709.5432500853,32285.662377483,30993.7855329123,28885.980809088,26085.3660812871,22775.3306339202,19179.5641354251,15535.6218082754,12066.2905345386,8953.75108400878,6321.16365704156,4224.81529931288,2657.6624789495,1562.56343642187,851.429386160395,425.533371088201,192.575721075779,77.640508489219,27.3082858026263,8.15124958854061,1.98892131991314,0.37641177246227,0.0511607420388135,0.00443206178242609,0.000200368161302242,3.24977422995127e-06,8.16839822277142e-09,2.60642930578857e-13,0
0,731.086431623826,4527.59812852947,17307.6025099846,40645.7021171456,70088.3022289739,98539.3732787329,119967.682840663,131256.15628625,132243.671909781,124798.922580881,111695.747319937,95723.0769874984,79163.4352874672,63598.6237569262,49934.8989453446,38539.7325186344,29410.3726164387,22327.267436921,16971.9004443045,13005.7500582911,10116.0145639384,8036.90320148525,6555.11226258205,5506.40511395002,4768.14347778982,4250.77222616789,3889.87141866918,3639.47378527072,3466.8158157447,3348.42559429139,3267.34061829238,3211.21655760684,3171.09113206992,3140.58936370443,3115.39240609739,3092.83839043806,3071.57405855489,3051.22232238421,3032.06610378563,3014.76889987884,3000.15763894535,2989.08719939242,2982.39405847593,2980.93464451439,2985.69644673528,2997.96892182735,3019.56644675177,3053.10468780264,3102.34114106418,3172.59608744538,3271.26786846388,3408.44314655119,3597.5769306157,3856.17869810564,4206.39232840198,4675.30408673229,5294.76331085117,6100.46714483152,7130.05912616264,8420.03851634904,10001.3879246959,11894.0092920041,14100.3085503607,16598.5652320866,19337.0216119448,22229.86274116,25156.3564929769,27964.3045057858,30478.5645814103,32514.7309143848,33897.1538755599,34479.4751244397,34164.9445215824,32923.2096690486,30800.2510233243,27918.8202904566,24468.128276002,20683.4363344203,16818.2669987369,13113.6780341732,9769.95080881647,6925.78487740404,4648.60423759083,2937.15787786689,1734.84439771108,949.871577388685,477.154852108686,217.107487827753,88.0389092246265,31.1597580998864,9.36446905714875,2.30220195756625,0.439389283736771,0.0602980199311215,0.00528282760748391,0.000242116001738737,3.99593023514904e-06,1.02843968214378e-08,3.20985863043496e-13,0
0,663.22774481538,4551.75821464788,17792.9314823129,41991.153491467,72499.2522210774,101948.060389228,124091.950294692,135716.895691915,136673.440266654,128910.378553232,115307.309576259,98753.4000868364,81609.3060802417,65508.1000683352,51383.0156857294,39610.0822682396,30183.1132216162,22872.6170842418,17347.6304771941,13257.2065768125,10277.4907229869,8133.5460799715,6604.87301583976,5521.78546719335,4757.65070955378,4220.08247378012,3842.73752147427,3578.41915286487,3393.64736835212,3264.58940983658,3174.14023537087,3109.91659878114,3062.93461218767,3026.76122789998,2996.96140851497,2970.70373762081,2946.43378006171,2923.56965729021,2902.21086749274,2882.87462452959,2866.28297423329,2853.22128068109,2844.47920871518,2840.87446205727,2843.35172219523,2853.14701295128,2872.01137813316,2902.49554298626,2948.30588359035,3014.74753499128,3109.26877146244,3242.1084436585,3427.02300116498,3682.03097396019,4030.06264243934,4499.34600405599,5123.30579909583,5939.71308296729,6988.81499167842,8310.21615883168,9938.39145452766,11896.8946392025,14191.5869284834,16803.522541801,19682.4515789911,22742.168019108,25859.0602298643,28875.1291987422,31606.3611239627,33856.6558046872,35436.567801597,36185.0419249982,35991.3228468951,34813.542695073,32690.3868675389,29742.8775086203,26164.7194542327,22201.6519678457,18122.4684521388,14186.2915674376,10611.7879899286,7553.87853496161,5092.03863770375,3231.7622114723,1917.80197796654,1055.21977551493,532.837032596227,243.787691621169,99.4458538856763,35.4234089919106,10.7206250280164,2.65608045871607,0.511349194316656,0.0708731224032575,0.00628200002569723,0.000292004213694429,4.90710086358835e-06,1.29469393973895e-08,4.04213453199625e-13,0
0,606.468973345611,4594.20551239825,18300.4162745185,43361.7417299755,74940.2478956175,105394.986599366,128265.34211075,140238.470784217,141174.466200565,133100.630765377,119001.576050657,101866.757122128,84135.5684301256,67493.2225333533,52900.8223759043,40743.7188182396,31012.8597408809,23469.1848153306,17769.4877979281,13550.4780392229,10477.2487650803,8265.66968843642,6687.97086794433,5568.92729061178,4777.81309056646,4219.30658745712,3825.03540897555,3546.47178281333,3349.32896258274,3209.34147759424,3109.21302442454,3036.49692442886,2982.18448832328,2939.79689649168,2904.80364501548,2874.22638424825,2846.32927120718,2820.34016656266,2796.18421721752,2774.23727277056,2755.11922627243,2739.54828366458,2728.27037217394,2722.06836543169,2721.8479809375,2728.79397491408,2744.59244614019,2771.7214647366,2813.82004986641,2876.15092149348,2966.17132400743,3094.21480201582,3274.26235031899,3524.74279760287,3869.25099228773,4337.01297312322,4962.86847561729,5786.49591832127,6850.59054077924,8197.74211292662,9865.86311223366,11882.2038769056,14256.2578619874,16972.1885214516,19981.756403559,23199.0231975292,26498.2726167994,29716.5255714741,32661.6657847333,35126.5024542091,36908.1188092019,37830.7152277335,37769.0623946844,36668.8997241144,34560.4154152948,31561.5242297005,27869.0656558394,23738.1206475028,19452.0143051722,15287.6963406989,11482.4914867473,8208.23580741047,5557.40461106181,3543.23690530415,2112.7033033267,1168.31790235124,593.095140844599,272.901202730987,112.001827356799,40.1598318223271,12.2419900787007,3.05729201590394,0.593885938815981,0.0831607519711309,0.00746033052881825,0.000351881661794528,6.02502838142087e-06,1.63141866581102e-08,5.17788977343974e-13,0
0,559.133988052594,4652.28732303306,18827.7162729189,44756.8240412687,77413.1418059555,108884.433005769,132493.811510331,144827.445065274,145752.916232622,137374.715924687,122782.064474021,105065.064050328,86742.6713012662,69553.2282472114,54486.638779566,41938.3231801962,31896.8866099834,24114.0133744942,18234.4031337659,13882.4568010756,10712.1821842598,8430.18581774283,6801.34085051988,5644.78943377842,4825.61492701183,4245.46015644584,3833.82303690054,3540.74772227209,3331.05333597549,3179.97043706204,3069.96124623313,2988.4881652629,2926.51086535477,2877.51343455224,2836.88745801992,2801.52766709793,2769.53445107419,2739.95810206213,2712.55680224162,2687.56839089063,2665.51198021576,2647.03998847276,2632.85724713617,2623.71595265145,2620.48771245981,2624.30992004349,2636.80450461789,2660.37210156151,2698.57153946678,2756.59969661144,2841.88612659292,2964.80637294461,3139.49437578199,3384.69618463848,3724.55513333636,4189.15688447151,4814.59974751774,5642.30463066155,6717.25762565395,8084.90719066243,9786.53740691515,11853.1233939406,14297.9468337107,17108.5913693529,20239.3071589344,23605.0625076107,27078.7986666138,30493.3746733836,33649.3505061894,36329.06967186,38316.4981713805,39421.077063638,39502.6629512278,38493.7427488431,36414.8059058522,33379.2635199693,29585.6952861133,25297.343109088,20811.2812372807,16422.0178717991,12385.7997619764,8892.08949434726,6047.3514737567,3873.62538817706,2321.02085928466,1290.14901800097,658.531256832696,304.782233899436,125.872440548573,45.4408647286617,13.9551467973337,3.51393798882047,0.688934911576413,0.09749795681296,0.00885603952066187,0.000424083126002174,7.40352274203075e-06,2.05960583262675e-08,6.72234359692916e-13,0
0,519.809780785865,4723.79861342433,19372.9455236465,46175.9982890262,79919.6531763664,112420.137263419,136782.441769161,149489.341090505,150413.914851764,141736.768224478,126651.619222494,108349.82926221,89430.915827544,71687.4327076694,56139.0430044926,43191.9667384164,32832.9479900597,24804.6802203856,18739.871271017,14250.6105976574,10979.7590769942,8624.57219076783,6942.47008876711,5746.86539429329,4898.55482101706,4296.04992559594,3866.62338559456,3558.79864036544,3336.41601292782,3174.13153474442,3054.11462713634,2963.70697022742,2893.82697284507,2837.92766418941,2791.33809072688,2750.84438076986,2714.39939905085,2680.88722078622,2649.90499087507,2621.55428515229,2596.25317562868,2574.58823697812,2557.22488399196,2544.88850295214,2538.42195429927,2538.92048705426,2547.94467640002,2567.81559128819,2602.00218402602,2655.61565536147,2736.025247092,2853.60034404055,3022.56130268718,3261.88386678192,3596.14957905913,4056.17090509945,4679.15296211564,5508.09701865981,6590.12249750911,7973.40575466401,9702.52728566424,11812.2009554124,14319.6339704528,17216.1195559313,20458.8547561683,23964.334473154,27604.9072464814,31210.0855301245,34573.8926232342,37468.8504814947,39666.1892042183,40960.6055046675,41196.6272565055,40292.6428269369,38258.2377212648,35200.8999041195,31319.5147304685,26884.2549030986,22205.1138273482,17593.856516411,13325.9069524176,9609.08573347904,6564.88207195997,4225.25503557652,2544.44009103026,1421.84425153366,729.842031764366,339.819844786551,141.251763564552,51.3513069760582,15.8917288301239,4.03574690667816,0.79884424247711,0.114298532688153,0.0105167092368706,0.000511564996681903,9.11221487305217e-06,2.60725730933915e-08,8.82417644371184e-13,0
0,487.303895843702,4806.90250114315,19934.5749854624,47619.0166996094,82461.3218861636,116005.304207763,141135.512849862,154228.748356075,155161.671600479,146190.143296297,130612.514440446,111722.224988241,92200.4908481546,73895.2306590954,57856.8422897079,44503.0583026998,33819.207726805,25539.2164538943,19283.8639637148,14652.8932531095,11277.9333653948,8846.7860336321,7109.3149668325,5873.10502941555,4994.57282723864,4369.00738731228,3921.36559912738,3598.56167146005,3363.3749104224,3189.81679362198,3059.71151448155,2960.24813777798,2882.29185361199,2819.2686722598,2766.45908406971,2720.5580790202,2679.38663949474,2641.67327781826,2606.85898039615,2574.90933730444,2546.13936157239,2521.06795733227,2500.32135614307,2484.60118219385,2474.72691508968,2471.75776360996,2477.1974741424,2493.28781988179,2523.40114477333,2572.54654369273,2648.00416159227,2760.09336890989,2923.05923057674,3156.02498980152,3483.90580591148,3938.11377602207,4556.8140153287,5384.42937348688,6470.05574830784,7864.46351081309,9615.44670374049,11761.4593340134,14323.754456317,17297.6043407775,20643.5897446122,24280.3343841574,28080.3322561952,31870.5621819987,35439.3065225632,38549.9291846835,40961.3328130584,42453.5141329046,42855.2819855536,42070.0918049361,40095.4129366134,37031.3626872539,33075.6511866168,28504.0952907583,23638.7231714433,18808.2162742558,14307.4193349843,10363.2632673488,7113.34866274811,4600.74327627142,2784.87014843943,1564.69406898133,807.828067506177,378.464541002744,158.36631172934,57.990978549911,18.0893165541079,4.63439307244426,0.92646348810814,0.134071077624055,0.0125016974077106,0.000618081851322723,1.1241566098577e-05,3.31191817984376e-08,1.16943774781527e-12,0
0,460.608920191413,4900.06484876331,20511.353971554,49085.7194294322,85039.4774960649,119642.622270712,145556.562713609,159049.4157357,159999.585700835,150737.516783345,134666.5328163,115183.138442058,95051.494088573,76176.089109993,59639.0421678316,45870.2948140374,34854.1770535959,26316.036386844,19864.7553298761,15087.668872325,11605.0698287543,9095.1912388907,7300.23119392283,6021.84802588797,5111.98778372221,4462.63055005182,3996.3319559652,3658.31250786597,3410.2105141903,3225.32312238616,3085.07551200587,2976.4700177858,2890.30439358034,2819.97999487548,2760.74190607187,2709.21132826914,2663.09321200847,2620.97121777904,2582.13458359162,2546.41204274349,2514.011800663,2485.38125704331,2461.10581812693,2441.86504756716,2428.45988468972,2421.92003293974,2423.6983019793,2435.9596118785,2461.97577036531,2506.64062865999,2577.12015344545,2683.64396808822,2840.42472954778,3066.65606402726,3387.48761421581,3834.80945795764,4447.60489150109,5271.56317285687,6357.60098975719,7758.94650382764,9526.51771875029,11702.4987156517,14312.292919593,17355.4023550221,20796.2090114578,24556.0509898872,28508.2954764411,32478.199533539,36249.1104599664,39575.9186554736,42205.6366631649,43903.6365689914,44482.6431746181,43830.3559446526,41930.90663254,38875.5617973736,34859.3222628336,30162.2972265134,25117.6014744536,20070.4453471399,15335.3203351874,11159.0389899095,7696.45355987188,5003.00744336652,3044.4576190814,1720.16188235847,893.405035646689,421.236063858344,177.479763894472,65.4771748339872,20.5925148076516,5.32388442230755,1.07525307603527,0.157441620873031,0.0148852173679402,0.00074841663708454,1.39095729053715e-05,4.22419024099133e-08,1.56339745729228e-12,0
0,438.872827510117,5002.00037331888,21102.2468085327,50575.9830895976,87655.2183467537,123334.281632226,150048.440899445,163954.327973531,164930.329437279,155380.959914509,138815.022870405,118733.205401779,97983.9410488257,78529.5336698722,61484.8141425861,47292.614891285,35936.6584208767,27133.8755219789,20481.2571038399,15553.6466888298,11959.8801148624,9368.49646540708,7513.91444179885,6191.76725050452,5249.44348614841,4575.53315837141,4090.11057489987,3736.6222637012,3475.48772868855,3279.21999790919,3128.78970269473,3010.97571307413,2916.49159767282,2838.7147195943,2772.8673536421,2715.51471416898,2664.26254692889,2617.56125718366,2574.55300997073,2534.92817096335,2498.7828667551,2466.48704866433,2438.58142117523,2415.72332591263,2398.69891575257,2388.51484841679,2386.57986964912,2394.98641464061,2416.90450238992,2457.10283069675,2522.6117531837,2623.53543421281,2774.00142460742,2993.20145762585,3306.42571971369,3745.92590366118,4351.36652044493,5169.55167509367,6253.06451379573,7657.45278409776,9436.66265694063,11636.587370496,14286.8701120148,17391.4753173333,20918.9851715432,24794.0219628396,28891.5445060632,33035.9004779717,37006.3202818664,40549.9291778306,43402.319152511,45314.3474014432,46082.3178637915,45577.363868663,43769.0481827868,40738.2702426974,36675.7273443431,31864.3943160869,26647.44933852,21386.1859328161,16414.9422385618,12001.1985167514,8318.25377068347,5435.27797099294,3325.60311600719,1889.90002889045,987.61664094134,468.732488765827,198.898509022182,73.9475790546304,23.4542460998344,6.1210339991479,1.24941929870279,0.185181997539679,0.0177602735493177,0.000908681353852338,1.72707675596806e-05,5.41262506352931e-08,2.10750551973404e-12,0
0,421.374188487957,5111.62827316973,21706.3820694383,52089.6817613254,90309.3994677486,127081.994894683,154613.357576569,168945.771669808,169955.917336397,160121.99987221,143058.94245277,122372.833148014,100997.76729805,80955.1324878019,63393.4647479743,48769.1568025938,37065.6959570504,27991.7366009886,21132.3627818529,16049.8252014762,12341.368156859,9665.70257139628,7749.35007690952,6381.8207617074,5405.86284213942,4706.60092193324,4201.55386276402,3832.31856182565,3558.02027086108,3350.31796956197,3189.67004613526,3062.59197298291,2959.69328665202,2874.32594794011,2801.70142504822,2738.34753931145,2681.78929996383,2630.35719386586,2583.05211895434,2539.42462314684,2499.45236875817,2463.41986766319,2431.81675508175,2405.27563954276,2384.56996254781,2370.68914748879,2365.00527102018,2369.54427996527,2387.37568686162,2423.13632414438,2483.70315555384,2579.02317968242,2723.09047064325,2935.02725189173,3240.17525424272,3671.03642488579,4267.82412525157,5078.3091923823,6156.5882031871,7560.38837395948,9346.58220173047,11564.7405257265,14248.8207818181,17407.4646587136,21013.835249806,24996.393574487,29232.4001454013,33546.1077156454,37713.4627398451,41474.5610391604,44554.0802056696,46688.5116228831,47657.4344058452,47314.6218288186,45613.827226001,42624.0276864362,38529.9560544943,33615.9408864574,28234.1126497198,22761.3308590777,17551.9428405907,12894.8905665559,8983.16887638089,5901.11455696482,3630.98060638155,2075.76817159941,1091.64955739444,521.640772269868,222.978134820887,83.5637073421171,26.7372996814331,7.04603264052382,1.45408083395631,0.218245455958985,0.0212436973468584,0.00110671069496881,2.15283374120497e-05,6.97056646742019e-08,2.86417911222586e-12,0
0,407.501428518011,5228.03567101792,22323.0119320913,53626.6577475777,93002.6268834641,130887.018818283,159252.927909978,174025.391901115,175077.763281805,164961.667612875,147398.891133716,126102.215063174,104092.825847707,83452.4787292046,65364.4062028546,50299.2204365935,38240.5316125859,28888.8423703955,21817.2990256014,16575.443791055,12748.7831225325,9986.05755207652,8005.77030847715,6591.21104840735,5580.40889235397,4854.95400897177,4329.74234504108,3944.45085795276,3656.83796075705,3437.63863392733,3266.73885384229,3130.34690896875,3018.94455872571,2925.85417628568,2846.28744182228,2776.75421535586,2714.7193674248,2658.4093626466,2606.69172807008,2558.97669122247,2515.11658222923,2475.3007037229,2439.9586517933,2409.69301889847,2385.26432456282,2367.64927567562,2358.19064085283,2358.85511864665,2372.61534111821,2403.97273126888,2459.63680537434,2549.36976471226,2686.98817229701,2891.48169118415,3188.15934077402,3609.66669771038,4196.63791898648,4997.66563959702,6068.20793765237,7468.02932624538,9256.82063427974,11487.7879943968,14199.2625153421,17404.7599672553,21082.3866531863,25164.981659093,29532.8094276983,34010.8456949823,38372.6032040872,42351.9152523535,45663.093037799,48028.4567090793,49210.5957544089,49045.1509425696,47468.8194078263,44537.0607309477,40426.9099360334,35422.4418291548,29883.5262509805,24201.9847593923,18752.2852342873,13845.6238281501,9695.99126720112,6404.42478074853,3963.55926704385,2279.85411005138,1206.85043590319,580.748880825371,250.130976564619,94.5149684323868,30.516182518748,8.12314361171328,1.69547403887054,0.257811351075336,0.0254825972602582,0.00135257828788772,2.69504868514473e-05,9.02575563764727e-08,3.92417245864309e-12,0
0,396.735455242684,5350.44747495862,22951.4796601398,55186.6998121733,95735.2563360093,134750.175878933,163968.21150375,179194.24022372,180296.727042463,169900.534968209,151835.133281528,129921.338353677,107268.880560097,86021.1719903587,67397.1285372399,51882.2327049286,39460.5660631127,29824.5938663199,22535.4829200986,17129.9402743506,13181.5782847261,10329.0173811077,8282.61724924871,6819.3501767361,5772.45163695849,5019.91505029064,4473.95345088502,4072.25988502054,3771.15706537609,3540.38645995667,3359.1989000953,3213.44723648964,3093.45685736144,2992.51258399204,2905.83557874194,2829.93770130775,2762.24664048438,2700.90399893655,2644.6549185537,2592.77080324652,2544.97216968707,2501.34207743195,2462.23859862204,2428.22594660879,2400.0486343866,2378.67316845143,2365.41966885607,2362.2035636652,2371.90628939777,2398.8934121139,2449.69674291752,2533.87027172759,2665.01346595142,2861.92496334966,3149.80145775246,3561.33005445899,4137.44167889481,4927.40870610793,5987.89958968266,7380.57163310547,9167.8195560917,11406.4313665338,14139.1557376324,17384.5607504295,21126.0391856956,25301.3318614219,29794.4015671162,34431.7692950537,38985.3838667423,43183.6181236663,46731.0124039361,49335.9628237014,50743.851331801,50771.4422303522,49337.1280345026,46481.2163974795,42371.2341931074,37289.2894085881,31601.6619420106,25714.4276874896,20022.2190059074,14859.2649726315,10461.8977823882,6949.48459129764,4326.6275891152,2504.49694865388,1334.74506440209,646.959633667866,280.834852063745,107.023429347793,34.8793251729193,9.38154374105901,1.98120583214788,0.305341237868734,0.0306626260174353,0.0016592747065545,3.38925795538369e-05,1.17538622476762e-07,5.42030559055858e-12,0
0,388.635095706681,5478.20153087564,23591.193677789,56769.5273513253,98507.3953150223,138671.875366678,168759.747627019,184452.815656411,185613.15241076,174938.743443783,156367.614104479,133829.986771013,110525.596931394,88660.799432642,69491.1734717048,53517.71624624,40725.3239178165,30798.5335090837,23286.4841707982,17712.9133155852,13639.3746149174,10694.2115024904,8579.51065916079,7065.82972599922,5981.53974151285,5200.98198109114,4633.63486068132,4215.15109769853,3900.35380738162,3657.92275077442,3466.40857207861,3311.25552374649,3182.59818786643,3073.67084587508,2979.71052641674,2897.25086081794,2823.70755447995,2757.16026668083,2696.2467887926,2640.10437029046,2588.3167240211,2540.84916455399,2497.97458512794,2460.20724747755,2428.26918303703,2403.11647050295,2386.05175958181,2378.94726991575,2384.60056399162,2407.24383782067,2453.224796417,2531.87020876881,2656.52752357275,2845.75061894751,3124.54891352529,3525.55335373925,4089.8714135171,4867.31573684545,5915.61450638505,7298.17062168543,9079.96139213298,11321.2916393341,14069.3552450505,17347.9313124439,21146.0222785668,25406.7776965561,30018.5447298898,34810.2166000762,39553.0693351974,43970.8562528222,47758.9957582961,50612.2675601409,52258.6840007094,52495.4261812424,51221.3386163642,48459.9060412773,44367.2569803035,39221.7047465108,33394.4787310979,27305.0793199956,21368.2612440787,15942.0365139886,11286.4617897393,7540.96003691853,4723.81940942788,2752.31253898433,1477.05974872751,721.306394262904,315.643118666669,121.349389388465,39.9317037876171,10.8563401871869,2.32056489323049,0.362649254443265,0.0370185813553838,0.0020435990409833,4.28271667763902e-05,1.53976092983785e-07,7.54821795509582e-12,0
0,382.824878566479,5610.72814262223,24241.6070061076,58374.7792775874,101318.907570358,142652.133891747,173627.586887627,189801.100006862,191026.898761842,180076.026657615,160995.97043877,137827.739746515,113862.531203283,91370.9171353388,71646.1101627583,55205.261249015,42034.4228329005,31810.3124381865,24069.9915221219,18324.0888372531,14121.9281163713,11081.4118998086,8896.21927209937,7330.3944705843,6207.37622379951,5397.8050404674,4808.381995932,4372.67195734248,4043.94110105593,3789.74196176146,3587.85836456928,3423.2677799777,3285.87281340471,3168.83780288718,3067.41765933919,2978.18620413236,2898.57404684623,2826.62575276441,2760.89166116906,2700.38392939245,2644.54727888765,2593.218406389,2546.56986020641,2505.05129306649,2469.35201732581,2440.41398985312,2419.5252164478,2408.52204158102,2410.12651275417,2428.4425703263,2469.63124767036,2542.77767655121,2660.94731174331,2842.40053812651,3111.88938253062,3501.8953843267,4053.58603970986,4817.17715431859,5851.30617221193,7220.9713365352,8993.60391403096,11232.9481948108,13990.6537753108,17295.8487843496,21143.4469574454,25482.4954071674,30206.4020919106,35147.2637611949,40076.5972344264,44714.4193287712,48747.7345655119,51858.0824699803,53756.009502273,54218.4543895157,53123.4840470909,50476.0576352197,46418.9343194584,41224.6821689008,35267.8736077884,28980.4621094451,22797.1758633513,17100.5132252162,12175.6646839042,8183.92952849269,5159.14146878912,3026.2210556323,1635.74495188246,804.970736725837,355.196193534802,137.797874584769,45.7979478411291,12.5897970470111,2.72490414230289,0.431990385357984,0.044848001199977,0.00252733236127623,5.43847842655384e-05,2.02938850921563e-07,1.05978945192908e-11,0
0,378.984775587917,5747.53320066302,24902.2010608729,60002.0066433708,104169.419470083,146690.595221985,178571.319909068,195238.588637965,196537.367462708,185311.727921593,165719.537622863,141913.9689547,117279.118425588,94151.0319182216,73861.5127719008,56944.500150961,43387.5461620494,32859.6616305655,24885.7828511783,18963.2897744673,14629.1001139781,11490.504839931,9232.63472552805,7612.91882623182,6449.79723294424,5610.1672227354,4997.91919067866,4544.49286000685,4201.54855197225,3935.45057738607,3723.14900149294,3549.09166547062,3402.90066006923,3277.64315594713,3168.58783859412,3072.36416781859,2986.44517323318,2908.87083908743,2838.12935625109,2773.1224066902,2713.1577937955,2657.93474503318,2607.50980474446,2562.2507317769,2522.79998158069,2490.07760146526,2465.3565140934,2450.44282977355,2447.99167508997,2461.9859724285,2498.40119039006,2566.07113304023,2677.75455468398,2851.37499308662,3111.36212179883,3489.95945548068,4028.28171532027,4776.81301726402,5794.94955245648,7149.1312632108,8909.10693748836,11141.9700187162,13903.818186319,17229.2444976758,21119.3523114533,25529.5549344944,30358.9860592746,35443.7804278388,40556.6319877636,45414.7486868564,49697.4936487943,53073.6192995817,55236.1864104192,55941.2914912648,55045.0188302654,52532.0749762343,48529.7992754886,43302.9350567643,37227.6314465616,30747.1619687546,24315.949845183,18341.6158218848,13135.9057209334,8883.90583376105,5637.0020028277,3329.4764916499,1813.00118567106,899.302197012523,400.234679683473,156.726173458061,52.626012051396,14.6328116548069,3.20811007379866,0.516171047064608,0.0545285955873839,0.00313878308261228,6.94094610625187e-05,2.69122799541272e-07,1.50017737395879e-11,0
0,376.841581861715,5888.18429742343,25572.4730148894,61650.6682677068,107058.327784382,150786.549523155,183590.103613261,200764.317717904,202143.524434857,190644.814310306,170537.35364124,146087.8331859,120774.659992769,97000.5838257131,76136.9398021245,58735.0850109453,44784.418872665,33946.3665008767,25733.6985960019,19630.4087519039,15160.8299537151,11921.4645944448,9588.7472644426,7913.38516380099,6708.75305303232,5837.96744916531,5202.08403785222,4730.39147093827,4372.90574347333,4094.7487671343,3871.97150573661,3688.42564280863,3533.39666697163,3399.81829562741,3282.96084930836,3179.51987516983,3087.03735091829,3003.58203600019,2927.61080331141,2857.93599146444,2793.73632171839,2734.568366517,2680.35791121367,2631.37177006702,2588.18769974478,2551.69152655453,2523.13650556227,2504.30138625984,2497.78219176558,2507.44944271137,2539.09745154883,2601.30373505621,2706.50120467052,2872.23902814881,3122.56518623257,3489.40155472873,4013.70123095303,4746.08409918503,5746.55443716415,7082.83660427171,8826.85224887425,11048.9400077896,13809.6188286915,17149.0389719151,21074.7463769285,25548.9665342812,30477.2098056965,35700.484563939,40993.6203268835,46071.9900166502,50608.1569207206,54258.6243503459,56699.0351753278,57664.1161748337,56986.8013183801,54629.8029120708,50702.9145302359,45460.8422861075,39279.3730049542,32611.7853129352,25931.7651306412,19672.6006540799,14174.0090585402,9646.85690906778,6162.2397704039,3665.69777540347,2011.30709402966,1005.84019402095,451.614237170999,178.552542231024,60.5914997213473,17.0466866368552,3.78717753925816,0.618687465631391,0.0665405855917526,0.00391482251361986,8.90343288290313e-05,3.59099868299094e-07,2.14084649919416e-11,0
0,376.161668022921,6032.29931926801,26251.9260875025,63320.1288075573,109984.808626847,154938.952155714,188682.685703365,206376.888905964,207843.920028635,196073.888399667,175448.161572043,150348.272289401,124348.311089271,99918.9294057864,78471.9151165013,60576.6673567226,46224.7865112197,35070.2447936611,26613.6183455107,20325.383473907,15717.1097937209,12374.3286552391,9964.6225561131,8231.86318869279,6984.29048358809,6081.20568770133,5420.8143302253,4930.2401572571,4557.82879397394,4267.41505184342,4034.08959843596,3841.0394780662,3677.15040336366,3535.17642667715,3410.36744839073,3299.48820741328,3200.17299789733,3110.55408961107,3029.09294445608,2954.54079440512,2885.96227534278,2822.77158988455,2764.7516703821,2712.04888547181,2665.15537636534,2624.90579934243,2592.52427550896,2569.76118525938,2559.15929334858,2564.48570465083,2591.36064682756,2648.10491914324,2746.81220478033,2904.62607439746,3145.15967958535,3499.93520130112,4009.63964143119,4724.89867671401,5706.17394110789,7022.31318591067,8747.25771817663,10954.4731557925,13708.8526878331,17056.1708297345,21010.6414468387,25541.7227202569,30561.9354803682,35917.995705637,41387.8473580414,46686.0489160574,51479.278176854,55412.4197417465,58143.8652234999,59386.5304646525,58949.0833813445,56770.4981508252,52940.82794899,47702.3947599396,41428.5003283703,34580.9115380936,27651.9650452411,21101.044188695,15297.2268275189,10479.2245779858,6740.15281042672,4038.90110943938,2233.44959682356,1126.33816922031,510.322328836987,203.766212148987,69.9027333075549,19.9052504291434,4.48291201846759,0.743898544926788,0.0814953033336759,0.00490356556773897,0.000114784682989275,4.82101607597906e-07,3.07961312415821e-11,0
0,376.744882294945,6179.53709553767,26940.0622486314,65009.6588447593,112947.827381003,159146.442210649,193847.427887349,212074.492300346,213636.707200343,201597.198686553,180450.411226172,154694.000836959,127999.068398931,102905.325858219,80865.910510267,62468.8802882445,47708.397011683,36231.1276391334,27525.4405423173,21048.1748008907,16297.9613897015,12849.1741853396,10360.3791415023,8568.48970526001,7276.53578547514,6339.96920462506,5654.13691835904,5143.99609948445,4756.21008638471,4453.2941893746,4209.32485956839,4006.75661380643,3834.00641978814,3683.59228059456,3550.71007837585,3432.18700931727,3325.76722819576,3229.68047306546,3142.43261816719,3062.74916023611,2989.60391304871,2922.27628648124,2860.39897197805,2803.97972142806,2753.40221336359,2709.42867564066,2673.23928854507,2646.55013243223,2631.85327094711,2632.82048397602,2654.90669754723,2706.1796061003,2798.38603576194,2948.23942606676,3178.87180653195,3521.33387945406,4015.94710498815,4713.21603644049,5673.90916383232,6967.83295056976,8670.78646259643,10859.2293493312,13602.3608500858,16951.6199746734,20928.0838818362,25508.835325221,30614.0185848746,36096.8858925522,41739.4922103168,47256.6482043926,52310.1358672446,56533.9506126942,59569.5093669533,61107.5767985443,60931.5072798994,58954.8056056433,55245.5311388845,50031.1419266692,43680.1392187452,36661.0402839313,29484.0143013617,22634.8211222312,16513.2370245132,11387.9399669705,7376.52609173523,4453.53301323429,2482.55587438467,1262.78994260197,577.49695106295,232.938831978351,80.8066754479899,23.2973858426897,5.32078526909087,0.897241372575217,0.100171757590676,0.0061678989585615,0.000148718501374302,6.51139209811687e-07,4.4647451204969e-11,0
0,378.419417082937,6329.58975912048,27636.3769245617,66718.4366609425,115946.149511487,163407.36098193,199082.328329473,217854.928361926,219519.658840357,207212.649562106,185542.260757458,159123.502087598,131725.758394362,105958.916099639,83318.3296792782,64411.3225864483,49234.985124924,37428.8436664243,28469.0653322178,21798.7476378479,16903.4149893528,13346.0956866217,10776.1662747546,8923.44825181185,7585.67745639032,6614.41910861445,5902.15770342006,5371.69351733076,4968.0109362837,4652.28841219003,4397.54509419502,4185.43904197347,4003.84597803817,3844.98191566529,3703.94248520437,3577.59836202607,3463.81226768004,3360.94176064737,3267.57889680643,3182.4652282149,3104.51586884911,3032.89194106862,2967.07541142065,2906.92077325114,2852.68016934447,2805.01871754857,2765.05248076178,2734.45156484081,2715.65527568889,2712.24579283622,2729.52195984384,2775.30518548661,2860.99327747401,3002.85193282085,3223.49322647571,3553.43169419583,4032.5296876485,4711.04753157798,5649.91086819985,6919.71687431666,8597.95183591543,10763.921443397,13491.0408170135,16836.4253692325,20828.1785371965,25451.3675417633,30634.3481185472,36237.7276268037,42048.6824272333,47783.3860508231,53099.7909120431,57621.8374610146,60974.3649621003,62825.7626432342,62933.1097905119,61182.7405462528,57618.4213546382,52450.138548044,46039.0787706199,38858.5331119797,31435.4518180016,24282.0750511968,17830.1350010875,12380.4345157461,8077.65708840066,4914.50341797238,2762.12686655594,1417.45821608293,654.447430310788,266.737473632863,93.5958093350788,27.3300331011811,6.33197446534764,1.08549919866812,0.123563298231416,0.00779011985849994,0.00019361799879722,8.84605921768296e-07,6.52203525395955e-11,0
0,381.037485451134,6482.17653349695,28340.3553720394,68445.5514494958,118978.352208393,167719.77057339,204385.043758693,223715.629419306,225490.184966819,212917.811586045,190721.578933626,163635.022788897,135527.026509164,109078.714788645,85828.4934105644,66403.5445397749,50804.2592011857,38663.2060424941,29444.380621873,22577.0548656264,17533.4906356574,13865.1841092851,11212.1421598105,9296.94831039476,7911.94823201982,6904.77636607676,6165.05189095457,5613.43727687439,5193.2567761041,4864.35200077559,4598.65629172459,4376.97536541449,4186.57097701243,4019.28335185948,3870.04874508737,3735.74808053428,3614.35938408156,3504.39138731378,3404.56322830174,3313.6791063977,3230.63626418066,3154.50417416627,3084.6226449637,3020.68430046405,2962.78870142894,2911.47727877546,2867.77698176653,2833.29409676765,2810.4073191789,2802.61101133445,2815.05602056563,2855.32627274963,2934.47319825732,3068.30401357134,3278.87995382848,3596.12264934956,4059.34867508762,4718.45583865234,5634.37888904634,6878.33503220884,8529.31893085111,10669.3192241353,13375.8541550168,16711.6977413604,20712.1079379912,25370.4608495445,30623.8821587633,36341.1382958164,42315.5463510705,48265.7940619575,53847.1467127263,58674.4329096165,62356.4413640694,64539.0925318072,64952.3338179024,63453.677078653,60060.2674133987,54961.8923230422,48509.7083242058,41179.5495384282,33513.8358251277,26051.1807494541,19256.4173365692,13464.6453016491,8850.37817940006,5427.21801498591,3076.07183518282,1592.90507116083,742.677323485034,305.93931648918,108.616090155986,32.1317401733252,7.55461943769296,1.31713365602427,0.152937031317738,0.00987802509963412,0.000253250577313991,1.20857062778931e-06,9.59678668380211e-11,0
0,384.471678229057,6637.03871046433,29051.4704493025,70190.0077694027,122042.836842301,172081.472823744,209752.91159772,229653.681249835,231545.350365304,218709.93268385,195985.948669994,168226.569312181,139401.327497647,112263.595368106,88395.62581598,68445.035159618,52415.8899854072,39934.0022293055,30451.2513684101,23383.0245843901,18188.1823147156,14406.5078528762,11668.4528697481,9689.2040655471,8255.60590982536,7211.30655027342,6443.05357983153,5869.39697750532,5432.0341985994,5089.4889484561,4812.59841345857,4581.27271209479,4382.09101234416,4206.43903471985,4049.02252685788,3906.68391921612,3777.49838518158,3660.13843637197,3553.48672604319,3456.45887969656,3367.98268982702,3287.07324668641,3212.94764871846,3145.13667644642,3083.57099931653,3028.64208485725,2981.25920622975,2942.94096406355,2915.99094772247,2903.81201999848,2911.41221135627,2946.14715076663,3018.72823206641,3144.49988971681,3344.94981308603,3649.35870877943,4096.4187133693,4735.55287460502,5627.5598295345,6844.1044151229,8465.50319163276,10576.2498016625,13257.8299254035,16578.6275272487,20581.1463367943,25267.3567589073,30583.6785824613,36407.820544446,42540.2627994277,48703.3945154021,54551.0105430476,59689.8822146551,63713.413256493,66245.1074691392,66987.0478442116,65766.3436552114,62571.180534286,57568.3132879257,51095.9525274131,43629.9776869216,35726.6809834533,27950.697265727,20800.9569307541,14649.013361064,9702.07464371631,5997.60890389461,3428.74339656594,1792.0242042514,843.909402270396,351.448104326262,126.276078102047,37.8568386251525,9.03533725831988,1.60269516339899,0.189909255990839,0.0125728880828534,0.000332723887724233,1.66006039394328e-06,1.42190298596104e-10,0
0,388.61189360723,6793.93562290289,29769.1815611068,71950.7310852716,125137.842221991,176490.028710814,215182.972409894,235665.845123434,237681.893122721,224585.950761916,201332.672337892,172895.905583786,143346.917300201,115512.278215534,91018.8414458794,70535.2104241562,54069.5009991908,41240.9861337686,31489.5120191764,24216.5508976167,18867.4454471408,14970.0962885148,12145.2125072727,10100.4129965169,8616.91286716918,7534.3027563831,6736.44378025393,6139.80048141009,5684.48894949571,5327.75317323194,5039.34498296077,4798.25302174197,4590.31452784984,4406.38131385007,4240.84774350405,4090.45336396955,3953.3351192002,3828.32738553377,3714.50409174659,3610.93964609723,3516.64617166919,3430.63179251569,3352.02242639751,3280.19810741226,3214.91202683983,3156.38252065463,3105.37108379961,3063.27963464186,3032.31521934688,3015.77878522126,3018.53599034291,3047.7218274542,3113.71613657958,3231.40179243218,3421.67826004095,3713.14657962897,4143.8048802384,4762.49663763784,5629.74343950902,6817.48497446794,8407.1666397064,10485.5949082692,13138.0642941256,16438.488330712,20436.6687772722,25143.413304767,30514.9206510048,36438.5981030603,42723.1073510934,49095.7559312256,55210.1554916417,60666.186804282,65042.6794083236,67940.9316432549,69034.5736033757,68118.8264294966,65150.5912166093,60270.6661925408,53801.2055337688,46215.3601720235,38081.3875530908,29989.3112670364,22472.9682472806,15942.4736681213,10640.6969087318,6632.16242783203,3824.9722728321,2018.07452034917,960.112626648832,404.312435920995,147.057356732959,44.6903269142666,10.8310379559468,1.95532783552304,0.236540922484513,0.0160598815090909,0.00043896810081374,2.29175521830017e-06,2.12049250880014e-10,0
0,393.362748646108,6952.64144968054,30492.9345922733,73726.5742645674,128261.458650086,180942.778368031,220671.992896386,241748.580594065,243896.244375303,230542.508106504,206758.779262606,177640.553234216,147361.846750925,118823.320044505,93697.1331624468,72673.402181056,55764.6600005797,42583.872178847,32558.9618520364,25077.4883360905,19571.1881912083,15555.9265354598,12642.4854009417,10530.7349130694,8996.11448527044,7874.0663815709,7045.53607552066,6424.92578609228,5950.82372591166,5579.25038731334,5278.9060887576,5027.85393881122,4811.14489097462,4619.02219729915,4445.48201637,4287.08230000326,4141.96787755327,4009.11516812784,3887.80396028179,3777.30890550626,3676.78217901732,3585.28081458072,3501.88340633693,3425.84333029419,3356.73841834926,3294.59707725294,3240.004167025,3194.21254576302,3159.30479219551,3138.46201406298,3136.40153584584,3160.04177250543,3219.43966756036,3329.02184706409,3509.09224999879,3787.54297421084,4201.61858600152,4799.48703982374,5641.25790134338,6798.97423768647,8355.01211716682,10398.2855086602,13017.7166740202,16292.6361492007,20280.1552688097,25000.1162156981,30418.9371771858,36434.4465748704,42864.49454672,49442.5461444977,55823.3820759752,61601.2700617145,66341.426323104,69623.326305761,71091.7223364965,70508.5813110769,67797.23340821,63069.5272916942,56628.2656837934,48940.8161839916,40585.1629865046,32175.770320525,24281.9617889069,17354.4354526272,11674.7656222855,7337.94292958301,4270.10084276479,2274.71456422824,1093.53091942407,465.745904133863,171.526326647075,52.8535441532485,13.0110892684013,2.39138775714728,0.295457951512105,0.0205816528514277,0.000581389444080581,3.17869391964711e-06,3.18144778902495e-10,0
0,398.641396741377,7112.94271645167,31222.1626729201,75516.3249193729,131411.64276622,185436.861814658,226216.489615213,247898.069229836,250184.549467945,236575.967800543,212261.035717383,182457.794334003,151443.957479088,122195.104765834,96429.3607250898,74858.8473663592,57500.8709540315,43962.3306720717,33659.3627521317,25965.649806905,20299.2668860159,16163.914221629,13160.2712916294,10980.2723479041,9393.41707007567,8230.88582954991,7370.65938461695,6725.09019206588,6231.29447398206,5844.14039064669,5531.3339667762,5270.03411757953,5044.48192095596,4844.24854536235,4662.84451501372,4496.55619666147,4343.46409260422,4202.64643676227,4073.5859177519,3955.78793388378,3848.59784122593,3751.18288543221,3662.62951594716,3582.10256308866,3509.01994354887,3443.21315624643,3385.06623437659,3335.64985519615,3296.88909063069,3271.81973882928,3264.99716757652,3283.1216359695,3335.93376830806,3437.41140216001,3607.26179963431,3872.64799394499,4270.01204177868,4846.76062337887,5662.4640852009,6789.10070356344,8309.77585426263,10315.2940633139,12898.0027116831,16142.5045917938,20113.1901613042,24839.0846704406,30297.2169792481,36396.5186651181,42965.0152747523,49743.581983862,56389.5785589287,62493.0444468669,67606.696105126,71288.7505442053,73154.8398774759,72932.4555403973,70509.1372837366,65964.7471775349,59579.2723131097,51810.9611120012,43244.93669931,34518.8061297824,26237.6871004798,18894.7516176918,12813.3680694796,8122.61102427419,4770.01439974208,2566.03711066709,1246.71344120016,537.149036998549,200.347441718971,62.6107148247466,15.6598816250523,2.93119606363336,0.37000220516117,0.0264559399305429,0.000772753233703738,4.42783429944341e-06,4.79967429532966e-10,0
0,404.375687267176,7274.63637781057,31956.2876401683,77318.7134881719,134586.233154482,189969.240467232,231812.75353787,254110.239390017,256542.690609655,242682.432261425,217835.957600406,187344.677014245,155590.880359027,125625.836089284,99214.2401430265,77090.677270535,59277.5659303713,45375.9837185802,34790.4387273751,26880.8076689894,21051.4857120319,16793.9088243693,13698.494507408,11449.0534513735,9808.96623876401,8605.01362995608,7712.1376509256,7040.63591613068,6526.20384026079,6122.63827259985,5796.72986316372,5524.78220263219,5290.22891091906,5081.92355398088,4892.80967432771,4718.80565960938,4557.83915867112,4409.02848615495,4272.03502885676,4146.60925976602,4032.3348356857,3928.55156353696,3834.41777691597,3749.06167957522,3671.7718835129,3602.18908424978,3540.48076661986,3487.50501021219,3444.99359818096,3415.80491340672,3404.31051680733,3416.9835757718,3463.25055420119,3556.64776459857,3716.28897649877,3968.59626505022,4349.17094269831,4904.58392002486,5693.74869500744,6788.41610377277,8272.21857708841,10237.6247307185,12780.1844045471,15989.5963063801,19937.4568088194,24662.0715523559,30151.4173166876,36326.1633094594,43025.4685649972,49998.874581595,56907.7788808132,63339.4788910376,68835.4576736624,72933.4284637188,75219.8606350541,75386.719485918,73283.6319410882,68955.4214005349,62655.6465866983,54829.8254034264,46067.2691791556,37027.0481216844,28350.0638803828,20573.6761643267,14066.14445801,8994.43487398552,5331.16885588398,2896.60306545796,1422.54593449553,620.132916518026,234.297921880726,74.2764375288921,18.8798464473059,3.59995075977103,0.464419943659703,0.0340983290865561,0.00103037274926471,6.19164722785926e-06,7.27706150840253e-10,0
0,410.502613771243,7437.52838392863,32694.7220772329,79132.4219550094,137782.966673463,194536.719464167,237456.875509765,260380.792088215,262966.311012281,248857.763878649,223479.825853914,192298.024178598,159800.036845756,129113.532214976,102050.333977436,79367.9067089181,61094.0964102082,46824.4008521573,35951.8762496769,27822.6972160683,21827.600300182,17445.6939166966,14256.9980200683,11937.0186464439,10242.8270612503,8996.64292019625,8070.26675792255,7371.91166064951,6835.89056455943,6415.01285584304,6075.25046118624,5792.12815060122,5548.30454162847,5331.89483627371,5135.20797508108,4953.69818241143,4785.03948562011,4628.30780782659,4483.29534721017,4349.99098581753,4228.24790077863,4117.63630665651,4017.45528329686,3926.86037394435,3845.05730238743,3771.51778086148,3706.18931674254,3649.6937142263,3603.5342816171,3570.35523983527,3554.31464788463,3561.64118340162,3601.44274377971,3686.81861959358,3836.29427127131,4075.54556574733,4439.30502355614,4973.2451518627,5735.51613128575,6797.48652194098,8243.1153004511,10166.3017579122,12665.5576308038,15835.4708539762,19754.7276418936,24470.9581406429,29983.3660167221,36224.9381491423,43046.8869693131,50208.6692550917,57377.2169831862,64138.6652080943,70024.6802166744,74553.4220266917,77282.3702753661,77867.1091576118,76117.3592201748,72039.8706659792,65858.0384562327,58000.7746933322,49058.2570149266,39708.9282101094,30629.1011393469,22401.808755292,15443.2626645341,9962.29288164739,5960.61347864129,3271.47365387893,1624.28255873766,716.544255955058,274.283930965261,88.2241772780511,22.7949806993781,4.42882339431138,0.584095711188952,0.0440515098369704,0.00137770314252239,8.68738345991534e-06,1.10815050525197e-09,0
0,416.967005565935,7601.4326491921,33436.8718226956,80956.0931005348,140999.495444269,199135.970798437,243144.772636889,266705.22792686,269450.840421557,255097.607619398,229188.704554635,197314.445402553,164068.643489124,132656.02301575,104936.042915718,81689.4231301943,62949.7235976835,48307.0935704034,37143.3243554849,28791.0215361542,22627.3246143715,18118.9922483256,14835.5430069096,12444.0122501444,10694.9674486957,9405.88465932971,8445.28951144654,7719.25015985807,7160.71393590183,6721.58076365211,6367.11187621677,6072.15499528213,5818.65835248349,5594.00866920592,5389.83438543662,5201.03761986723,5024.93192435605,4860.45060258802,4707.44447244157,4566.10939198789,4436.57957765626,4318.70264232726,4211.9866502265,4115.68703341582,4028.98791999417,3951.23110081443,3882.1563405122,3822.13649667536,3772.41593767081,3735.38643230873,3714.95651682967,3717.08432832658,3750.54659591952,3828.00482277395,3967.4006527738,4193.66292729211,4540.63627519951,5053.0440076529,5788.17887058429,6816.88231179374,8223.24391113181,10102.3562999184,12555.4374034266,15681.7293282839,19566.8498461322,24267.7432557111,29795.0570631282,36094.6148328995,43030.5546976101,50373.4788327285,57797.3761677603,64888.8820605901,71171.4075019139,76144.7084752007,79337.6765699087,80368.879627523,79006.2996392356,75215.6323310897,69186.2819533828,61326.4335273596,52223.4358458877,42572.5780311966,33084.8047738178,24390.0258601221,16955.3801823886,11035.6662112372,6666.00712246073,3696.23970200803,1855.57747894764,828.491604875887,321.358149291309,104.895799802122,27.5549276419235,5.45626831727771,0.735840717845129,0.0570226667040735,0.00184646792373917,1.22242714396704e-05,1.69381420603821e-09,0
0,423.720424631556,7766.17035208852,34182.1388514786,82788.3401733499,144233.404405535,203763.557214413,248872.215581792,273078.875048594,275991.521893888,261397.415380107,234958.461480899,202390.351989555,168393.71984339,136250.950134375,107869.599076154,84053.9759109317,64843.6075668363,49823.5080820067,38364.3933905141,29785.456468583,23450.3400196411,18813.4751071311,15433.8141152838,12969.7800259307,11165.2463095509,9832.74725780908,8837.37006204712,8082.94234293892,7501.03296708013,7042.69478204641,6672.58916579849,6365.00873509436,6101.28771822412,5868.12910663347,5656.46422837294,5460.57227939327,5277.30140797057,5105.32965907913,4944.47164124984,4795.07191261496,4657.53252087181,4532.00801294432,4418.27646926618,4315.7692007145,4223.72216249988,4141.40350809201,4068.37556045539,4004.76458960514,3951.53485845138,3910.78991815599,3886.14916645145,3883.26646056708,3910.56578071118,3980.26269073353,4109.71603672056,4323.10855132297,4653.3848649731,5144.27937504437,5852.14622174617,6847.16676749146,8213.37264892417,10046.8119329262,12451.1412230487,15529.9961229516,19375.7269789131,24054.5270214354,29588.6395540917,35937.1767289747,42978.0177301086,50494.1092817672,58168.0320356271,65588.6548285924,72272.83137971,77703.2608988908,81380.8874673408,82886.8691505484,81945.8111217838,78479.4647473743,72639.3610414907,64808.6152143758,55567.683616325,45625.720430795,35727.0744094616,26549.3983185447,18613.5922480219,12224.6196037585,7455.62633911127,4177.04666035238,2120.51530640867,958.372225006012,376.738597872041,124.812156573204,33.3396570902273,6.72957293926502,0.928245850175514,0.0739309665446802,0.00247948012196025,1.72417294049247e-05,2.59698819838481e-09,0
0,430.720235660582,7931.56950518428,34929.9244355235,84627.7568621046,147482.229315798,208415.956783934,254634.856714827,279496.91802285,282583.439639974,267752.471798706,240784.7908537,207521.975019597,172772.09988132,139895.770400524,110849.061611226,86460.1663139451,66774.7953483383,51373.0158138595,39614.6513735511,30805.6542510028,24296.3050951674,19528.7748951817,16051.4300812817,13513.9732001069,11653.4078093262,10277.1204432449,9246.56958626844,8463.20940726945,7857.18063790163,7378.7257324687,6992.00953200527,6670.90384657579,6396.25370531263,6154.15978948871,5934.87524770312,5732.01161456551,5541.85800099256,5362.71973447635,5194.26197791074,5036.89307003194,4891.24142945521,4757.77447652974,4636.58695357929,4527.3589085221,4429.45905463419,4342.15351870857,4264.87648038992,4197.52824188777,4140.78565504568,4096.43555236136,4067.76884612845,4060.09593731763,4081.45785030822,4143.60730279055,4263.31534980518,4464.01832047994,4777.75316338523,5247.23516405799,5927.81147345238,6888.88358095825,8214.24664253459,10000.6691836472,12353.9709988814,15381.898392915,19183.2970455302,23833.4896252803,29366.4001582541,35754.8088301632,42891.0852761331,50571.6765700033,58489.2875287643,66236.8095918612,73326.3625538756,79225.1301413359,83406.9949961621,85415.5732990131,84930.6807519813,81827.3656812315,76215.3881278045,68448.2604519483,59095.1268431983,48875.5574601495,38565.5909001499,28891.0956340445,20429.365455081,13539.769107023,8338.36373166191,4720.61389247009,2423.63932829941,1108.89904280022,441.828484709207,148.584689851133,40.3647772859048,8.30667678180787,1.1721103476075,0.0959674385799259,0.00333436143813606,2.4362758126122e-05,3.9912918124654e-09,0
0,437.928822021081,8097.46474193123,35679.6324972079,86472.9274402684,150743.475054029,213089.58803344,260428.259029059,285954.427566809,289221.547745341,274157.921208729,246663.237865572,212705.386094975,177200.446886789,143587.762903576,113872.315239437,88906.4388027286,68742.2083925486,52954.9015730784,40893.6171995957,31851.2444858239,25164.8645269208,20264.4993905983,16687.9587521945,14076.1588880963,12159.0826634033,10738.7650869929,9672.82531647142,8860.17468818608,8229.43433502259,7730.03783504346,7325.73793581164,6990.12208511309,6703.69288020968,6452.06555742256,6224.87362904605,6015.05039994843,5818.25357397664,5632.30291229641,5456.58929180201,5291.47614562692,5137.74720383505,4996.16020194617,4867.15173315525,4750.71278927337,4646.42695428126,4553.64134541442,4471.72934465457,4400.40604780358,4340.07142386576,4292.17930685773,4259.65778738138,4247.4327143105,4263.12500038467,4317.99856594747,4428.22375300837,4616.48611760548,4913.90869409398,5362.16469405437,6015.53768517652,6942.54327043259,8226.57375247013,9964.88948136776,12265.1941195487,15239.0439233605,18991.5077853564,23606.8657386372,29130.7395081696,35549.8799419856,42771.8222194309,50607.6138904023,58761.5986890305,66832.5193982538,74329.6965116468,80706.5259041718,85410.963146045,87949.2278897996,87955.1892613609,85254.6056014902,79911.5970717039,72245.3873389116,62809.0528266273,52328.6575655122,41609.6964111985,31426.2778477491,22414.4565894561,14992.2355811172,9323.71497397755,5334.24666861048,2769.97631615872,1283.12694220612,518.236745122925,176.927977497524,48.8874939405088,10.2582847013449,1.48095779439491,0.124669888131689,0.00448841066493604,3.44680789757839e-05,6.14454907661974e-09,0
0,445.312924570163,8263.69727360504,36430.6730728004,88322.4369476924,154014.63404017,217780.835448838,266247.925686789,292446.390983683,295900.699582917,280608.795412639,252589.224559352,217936.520371372,181675.271646282,147324.0399361,116937.072329152,91391.0745681603,70744.6301749561,54568.3496823294,42200.750295965,32921.8312843677,26055.6553780407,21020.2458337475,17342.934990043,14655.8361989168,12681.7967897357,11217.3103660322,10115.935033505,9273.83764039369,8617.98436905998,8096.95844506323,7674.15466949319,7323.00276395268,7023.82221825802,6761.89053654222,6526.3208609623,6309.39811935945,6106.10712326723,5913.68439547436,5731.11915709638,5558.60317827844,5396.97619764274,5247.2323124807,5110.1475559583,4986.06764255802,4874.86671341049,4776.06144164648,4689.0467358593,4613.41343823893,4549.31578664505,4497.87515840732,4461.63269070591,4445.09124637751,4455.41056345323,4503.33180141306,4604.40280681583,4780.54752234323,5061.96722402566,5489.2744859392,6115.64266512377,7008.60896504979,8251.01010173526,9940.37903574043,12186.0243661223,15102.9982829829,18802.290156824,23376.9155752037,28884.1433464813,35324.9176498369,42622.5325854938,50603.6687193936,58985.7899934356,67375.3410972081,75280.8724414357,82143.8946639027,87387.8174592599,90481.8989358279,91013.1873456801,88755.7760591516,83724.3521063405,76199.0552031806,66711.8308214881,55990.8450021085,44868.2695371587,34165.9764202579,24580.816925246,16593.5831837904,10421.7530622125,6025.83928104737,3165.05658286612,1484.47752111418,607.79884042478,210.673077776143,59.2132094425141,12.6702950095379,1.87165123447316,0.162015809464689,0.00604492675884442,4.87983539398797e-05,9.46863429641e-09,0
0,452.843083741897,8430.11497522874,37182.4658073266,90174.8812672209,157293.204571151,222486.075139093,272089.33002057,298967.743182341,302615.677746675,287100.041973047,258558.076601869,223211.201371585,186192.953601021,151101.56185423,120040.879071032,93912.1882035111,72780.6949930451,56212.4288556228,43535.4368518551,34016.9858644436,26968.3092222178,21795.6128457831,18015.8794837307,15252.4566102258,13220.9869148452,11712.2590463812,10575.5488751493,9704.05241919966,9022.90305515942,8479.74396487578,8037.62545715361,7669.92358181591,7356.93477025584,7083.76937001561,6839.15776930932,6614.81029877426,6405.03650062182,6206.41792947067,6017.42297745428,5837.93525809798,5668.72730398646,5510.94396732625,5365.66632695246,5233.61297054706,5115.00962238018,5009.62917998431,4916.98019149365,4836.60828518649,4768.47480430718,4713.38965126126,4673.4981646744,4652.84970852696,4658.10213783934,4699.43432916801,4791.74133449639,4956.16663158423,5221.97751029513,5628.70863554455,6228.38397605601,7087.4821512684,8288.14581660986,9927.97323273463,12117.6034425004,14975.262263024,18617.5312146876,23145.8938684014,28629.1496382186,35082.5770299907,42445.7345666708,50561.8896612247,59163.0585330082,67865.2412984215,76178.3230739411,83533.9919163231,89332.7337494179,93007.5773514222,94098.1822849496,92324.8527342562,87649.1735340543,80307.3443206068,70804.8451158319,59867.0947241869,48349.5983634257,37120.9661319333,26940.4827905172,18355.742476069,11643.0886046316,6803.86774744165,3614.9278782062,1716.76130694559,712.597266995927,250.781465885197,71.7027262562052,15.646555840523,2.36511873261881,0.210536534533707,0.00814135072968994,6.90940216723574e-05,1.45945158286656e-08,0
0,460.49316828403,8596.57256413768,37934.4434065836,92028.8769517667,160576.708846192,227201.700395415,277947.945761723,305513.398115852,309361.224349358,293626.552759159,264565.050513999,228525.167022398,190749.764472632,154917.155697787,123181.126105906,96467.7284337307,74848.8791898534,57886.076992498,44896.9733027392,35136.2344475232,27902.4490397772,22590.2083068702,18706.3162550914,15865.446635044,13776.0219574477,12223.0009081165,11051.1697695344,10150.5134072189,9444.11718743769,8878.5445272659,8416.46574006623,8031.27220721997,7703.38466575636,7417.92873837061,7163.42196694058,6931.11785211132,6714.69320813331,6510.03871527631,6315.00244022481,6129.02406482387,5952.66904799652,5787.11851874741,5633.69033270701,5493.46273047731,5367.05135299191,5254.56166448296,5155.71071135199,5070.09168204629,4997.54647756532,4938.61698919252,4895.06352988013,4870.46476969565,4870.94147423707,4906.06895126873,4990.05242092234,5143.2276791597,5393.90933914391,5780.53516790076,6353.94505375234,7179.48918691073,8338.49162634307,9928.42220157226,12060.9839288815,14857.2506558162,18439.0476976921,22916.01828279,28368.313220712,34825.6045419208,42244.1281958715,50484.6036185559,59294.9668616683,68302.6104794078,77020.9136854606,84873.946353225,91241.1232104947,95520.2757471203,97203.4327534907,95955.2720376923,91680.7803915524,84567.3530908867,75088.4427141204,63961.4360685669,52061.2547360794,40301.6305608127,29505.4538137763,20290.9183044364,12998.8152920998,7677.3707017645,4126.16168739701,1984.19632156237,834.981117065449,298.359278609332,86.7799832126974,19.3119526431869,2.98719937668838,0.273456029597774,0.0109596512614471,9.77849420629443e-05,2.24843440420023e-08,0
0,468.239976519632,8762.93183911934,38686.0549770494,93883.0706583475,163862.710440346,231924.146843496,283819.277216279,312078.280439552,316132.071533142,300183.192531302,270605.360962502,233874.096336768,195341.893751974,158767.537194067,126355.063732752,99055.4836531576,76947.4960881076,59588.0873751147,46284.5482888933,36279.041958502,28857.6803827315,23403.6517015608,19413.7866688563,16494.2304318853,14346.2283210042,12748.8334843583,11542.1630287615,10612.7495615054,9881.38673867421,9293.37057688307,8810.90178901006,8407.41007413981,8063.56127096323,7764.67726898872,7499.2554071502,7258.25033903382,7034.79615649236,6824.10048088154,6623.32238244469,6431.33430084553,6248.34788339472,6075.44309355039,5914.07354170687,5765.62905798817,5631.12392009476,5511.0535654898,5405.43278432504,5314.00241247142,5236.57559431596,5173.4921497718,5126.16070730252,5097.69026328187,5093.64031778794,5122.94441959955,5199.07737940139,5341.53277614823,5577.64637035438,5944.73581889144,6492.42365320573,7284.86952211998,8402.46705236444,9942.3782171992,12017.1144241453,14750.2733804224,18268.5616497586,22689.4388836267,28104.1698118779,34556.7989396475,42020.5572947632,50374.38445839,59383.4250031926,68688.2648855523,77807.9690006531,86161.3138783309,93108.7112288526,98014.1244231563,100322.049226545,99640.0194951165,95813.1495591622,88975.2135980399,79561.8979039217,68276.8684391965,56009.973219466,43717.8241699336,32287.5608611079,22411.4831892322,14500.4401168485,8655.91729468088,4705.85053690776,2291.42181458679,977.583930638423,354.671504402649,104.940212265988,23.8158158518106,3.76961733948952,0.354857778277973,0.0147394375052915,0.000138245165200025,3.45973991525229e-08,0
0,476.062898142034,8929.06195199021,39436.7691903354,95736.1480511666,167148.830979166,236649.916855173,289698.88905544,318657.357141713,322922.972033543,306764.827388071,276674.207781127,239253.63618329,199965.475355727,162649.335558014,129559.821528988,101673.092758061,79074.6958062464,61317.0978982251,47697.2247401187,37444.7926856097,29833.5770427818,24235.5700480961,20137.858068988,17138.2499147547,14930.916718243,13288.9884756151,12047.7747287456,11090.1286987815,10334.2922431658,9724.06463760671,9221.03200778479,8798.63101410159,8437.85371037554,8124.38325623523,7846.89969843926,7596.24944127799,7365.16004427975,7148.2125469637,6941.84884611555,6744.27527304417,6555.20762446887,6375.473047916,6206.53148291704,6050.00086673317,5907.26828342927,5779.2497395193,5666.33248596759,5568.50437468808,5485.6521028968,5417.99951283785,5366.66049717756,5334.29736116467,5325.90048458352,5349.73203203743,5418.49669342021,5550.80647476719,5772.98491936781,6121.20051903443,6643.82380714349,7403.76659346254,8480.39092816536,9970.3855525601,11986.827525716,14655.5198086765,18107.6792610725,22468.2102326834,27839.2012776184,34278.9712906389,41777.9677508236,50234.0149252787,59430.6627904611,69023.4365818797,78539.2873885914,87394.1198745788,94931.6074827349,100483.463654519,103447.09707525,103371.727573098,100039.590072217,93526.1257627626,84223.3954168833,72815.2919114864,60201.5382703442,47378.734393807,35298.3262302723,24729.8575493285,16159.798406558,9749.56123626569,5361.59502607404,2643.50595826426,1143.33899349551,421.155677677335,126.758357563135,29.3356205656717,4.75108801343048,0.459883008387202,0.0197943328936996,0.00019513168391287,5.31334050534813e-08,0
0,483.943626377978,9094.83968718605,40186.0772157365,97586.8420461745,170432.765771554,241375.602866838,295582.43534013,325245.668844571,329728.72961089,313366.352928942,282766.802457231,244659.427637561,204616.614717295,166559.120321901,132792.431904341,104318.06140104,81228.4708536004,63071.584909897,49133.9239935178,38632.7696139144,30829.6622077074,25085.5872946885,20878.1257385825,17796.980130588,15529.4079128615,13842.6615464015,12567.1575800978,11581.8718841584,10802.2326020304,10170.2812951946,9646.7921211915,9205.11825788531,8826.60829992671,8497.44112629582,8206.67821977685,7945.26993261688,7705.71437845617,7482.07241806116,7270.08821131952,7067.23860747041,6872.6185677082,6686.64754264367,6510.64140650369,6346.32996282513,6195.41048373438,6059.21710125689,5938.56114421879,5833.76718776503,5744.90194913575,5672.17489641745,5616.48452640289,5580.09342045765,5567.43570225379,5586.08658529396,5647.94701349824,5770.70705106144,5979.63919957862,6309.72746059758,6808.05226787466,7536.22225225612,8572.47491327715,10012.8732789223,11970.8311082687,14574.0468930865,17957.8738404852,22254.2674438847,27575.8039336572,33994.9062319072,41519.3644187486,50066.4439971124,59439.1943254959,69309.7527385679,79215.1424897222,88570.8887970806,96706.365391211,102922.929568252,106571.699333465,107142.780193348,104352.830747703,98214.4095513861,89070.0332194575,77577.4552229214,64640.6830301348,51292.7473265363,38548.8191428731,27258.3786856041,17988.9542918494,10968.7805060274,6101.47949568309,3045.94632565969,1335.49117774231,499.434563280504,152.897550251777,36.0809296762822,5.97855526299784,0.594963068254295,0.0265321784278769,0.000274829876851394,8.1385519680432e-08,0
0,491.865911925639,9260.14972852617,40933.4953723136,99433.9402844656,173712.298172914,246097.909248152,301465.68736284,331838.360416002,336544.229121371,319982.721993954,288878.393884367,250087.131486736,209291.415590343,170493.429300441,136049.856816401,106987.783383135,83406.6679914136,64849.8629835326,50593.4138785404,39842.1345157801,31845.3867589897,25953.3078867316,21634.2076481336,18469.9381733771,16141.0548421108,14409.0428127647,13099.4021919756,12087.0770685044,11284.4340733803,10631.4777624013,10087.9278069068,9626.90383397538,9230.08251721487,8884.22906088892,8578.96567840058,8305.56683010295,8056.51010400132,7825.4897402592,7607.62293276754,7399.63815323083,7199.9135870189,7008.31515539999,6825.85331894818,6654.22663526269,6495.34407387181,6350.91861355304,6222.20687851861,6109.94122341644,6014.47031264246,5936.09966366463,5875.61054059189,5834.93663988746,5817.99231309856,5831.66918691029,5887.04241425073,6000.84352596514,6197.25278944508,6510.0290546856,6984.92001811281,7682.17534777141,8678.82049571019,10070.1513379895,11969.703126245,14506.7713790931,17820.4734484365,22049.4071396773,27316.2613260622,33707.3263972369,41247.7689403788,49874.7421033938,59411.7767959789,69549.2058614708,79836.2731476218,89690.6609076145,98430.0296060608,105327.531325175,109689.136229818,110945.420959068,108745.118723476,103033.574003829,94097.8452392171,82562.9230329851,69331.002838894,55467.3206634478,42049.5099355539,30009.1609939136,20000.0877997297,12324.402714171,6934.03551483272,3504.6620641147,1557.60439743204,591.327255966938,184.11738389865,44.2975088797395,7.50855245381992,0.768087976372024,0.0354796433497183,0.000386032293992814,1.24246606762243e-07,0
0,499.815351431409,9424.88489581102,41678.5674606646,101276.291740778,176985.312476481,250813.672378242,307344.559870445,338430.710480182,343364.465945887,326608.971829401,295004.293231789,255532.452548172,213986.005901956,174448.79673702,139329.016636153,109679.566486021,85607.0063463424,66650.0915032316,52074.3024875087,41071.9110036997,32880.1068474481,26838.2959688572,22405.7323143125,19156.6846337332,16765.2589756991,14987.3452487884,13643.5710606579,12604.7501719264,11779.9701047988,11106.9164098606,10543.9777377183,10063.834383197,9648.39978041956,9285.06141548298,8964.14733872181,8677.46906982274,8417.71222099571,8178.39837018777,7954.13965224747,7740.94771355345,7536.42753383137,7339.76719623621,7151.51122257435,6973.16568057063,6806.72106166482,6654.19226627259,6517.26684095132,6397.12921236646,6294.4982599469,6209.88659729925,6144.06950275271,6098.74407024291,6077.36592317037,6086.16903322164,6135.39744894869,6240.79664651895,6425.41530038112,6721.74340979912,7174.1489254096,7841.46473260997,8799.41972996636,10142.4099940116,11983.8899099144,14454.466042883,17696.6532840052,21855.2737509235,27062.7224374604,33418.8615327801,40966.1805191502,49662.0565859379,59351.3660906695,69744.1171219964,80403.8631475615,90752.9966911552,100100.170945789,107692.717879961,112792.938885355,114771.862099838,113208.326159757,107976.401236156,99301.8436056915,87770.0636651885,74274.8861277384,59908.8674301664,45810.1265717219,32993.9503482215,22205.3703320353,13827.5166036901,7868.19270833175,4025.97683088867,1813.56376957134,698.858076257452,221.281689897899,54.2715173263208,9.40867216515952,0.989112006206541,0.0473117948467024,0.000540481160451456,1.88926468786712e-07,0
0,507.779204443226,9588.94633732947,42420.8667438356,103112.812395322,180249.805165913,255519.878618197,313215.135233665,345018.159377222,350184.574437847,333240.250496987,301139.897812939,260991.162554588,218696.562089749,178421.780689718,142626.819994017,112390.661681984,87827.1012354744,68470.2883774959,53575.0389120223,42320.9726004519,33933.0631110452,27740.0522761998,23192.3209193854,19856.8174406525,17401.479419462,15576.8284898379,14198.732355859,13133.8410651954,12287.790582844,11595.6794732937,11014.2690257818,10515.5468927644,10081.5094198055,9700.14034442084,9362.57148200991,9061.34170202947,8789.57843385695,8540.85467232332,8309.44629399357,8090.73241372864,7881.53579962269,7680.27542438276,7486.88267321297,7302.50263975972,7129.05269653126,6968.73750687044,6823.62312667399,6695.35721172558,6585.09482160155,6493.65837253095,6421.93402072222,6371.49132408207,6345.41150613035,6349.32127981176,6392.64920380055,6490.14146937609,6663.68253335465,6944.45029374882,7375.38305230554,8013.83653704668,8934.1596606044,10229.7225424414,12013.7076845403,14417.759582233,17587.4324965883,21673.3510746504,26817.1856756536,33132.02323906,40677.5412030692,49431.5694779772,59261.0715889677,69897.0951339081,80919.5126982339,91757.9701067102,101714.908857787,110014.433228293,115876.975030394,118614.391309544,117734.062186938,113035.043101097,104676.079312155,93196.0578362314,79473.4647840344,64622.6537577816,49839.5171634305,36223.9759581191,24616.8308148543,15489.3707107794,8913.21684666626,4616.59177701999,2107.57163567545,824.262624327992,265.365473421819,66.333652582435,11.7591205620531,1.2700955951346,0.0628871054007471,0.000753908037149689,2.85954686298584e-07,0
0,515.746233793076,9752.24366766107,43159.9975563919,104942.489920964,183503.894404751,260213.679917124,319073.685154861,351596.335104591,356999.855000171,339871.842300133,307280.713845513,266459.121441774,223419.331481487,182408.988799041,145940.193379271,115118.294388053,90064.4926731998,70308.3505731066,55093.9216217194,43588.0374757733,35003.3638361496,28657.9911074737,23993.5655253507,20569.9588200843,18049.234095093,16176.8160525246,14763.990660939,13673.2814542542,12806.7581584731,12096.6949459231,11497.9258395378,10981.4569018917,10529.1557893163,10129.5112654805,9774.49953674901,9457.54000236425,9172.42554959449,8913.02179527767,8673.47604748021,8448.67025535523,8234.68798162048,8029.13033270498,7831.19379077852,7641.49885120064,7461.72033988999,7294.11081976349,7141.02504216136,7004.54797806152,6886.30723249833,6787.52051162695,6709.29879262146,6653.20340276862,6622.0452795965,6620.91857650881,6658.47561957241,6748.46893228119,6911.59794333686,7177.68998735289,7588.20360857414,8198.95513278293,9082.83007343175,10332.050932066,12059.3468478074,14397.1395462657,17493.6747461078,21504.9585272333,26581.4884102168,32849.1856260911,40384.7065996954,49186.4591587468,59144.1121743398,70010.9924480465,81385.2037816007,92706.1522479758,103272.922075153,112289.159672149,118935.525123498,122465.473961563,122313.787187308,118201.127869393,110213.719625328,98836.9281785008,84926.5854451793,69612.7135511849,54145.5221071781,39709.8032416862,27246.2152630675,17321.2607244036,10078.6355623853,5283.54814355123,2444.13671371425,969.990362657837,317.460642118704,80.8631047335135,14.6543226330564,1.6256808804323,0.0832882461746163,0.00104720591721519,4.30563369744823e-07,0
0,523.706565236236,9914.69504331391,43895.5965301505,106764.387362122,186745.827685567,264892.406851426,324916.689556008,358161.076782327,363805.799366794,346499.191954137,313422.377988073,271932.296943849,228150.652413256,186407.101722028,149266.109312722,117859.696283785,92316.6771405917,72162.080561697,56629.1144718997,44871.6708935064,36089.9740214515,29591.4198156308,24809.0056662992,21295.7368550652,18708.093205449,16786.7047460417,15338.5122272273,14222.0215748444,13335.6886734612,12608.7715933203,11993.8906652706,11460.7604834467,10990.8595519423,10573.0264396544,10200.0586314664,9866.35984903373,9566.58677394033,9295.14132588603,9046.27770097886,8814.56159459546,8595.4332135402,8385.67614822897,8183.66626441081,7989.35293499686,7803.99552898895,7629.73114643697,7469.07976530336,7324.49962619111,7198.09243027065,7091.53150318522,7006.25484610814,6943.93723261742,6907.23773671625,6900.81464303014,6932.60780918347,7015.40391341066,7168.71306210173,7420.98309346527,7812.14612778881,8396.41683959085,9245.13394067204,10449.2537766118,12120.8784139744,14392.9575507258,17416.0916141906,21351.2511770339,26357.3013224912,32572.5715482728,40090.4222701092,48929.8667949078,59003.7749996406,70088.8617183383,81803.2614316752,93598.5871844602,104773.448544872,114513.949167847,121963.347786509,126317.84857749,126938.926637094,123465.874121343,115907.140104819,104687.588709544,90632.8025016324,74881.7823778295,58734.859205852,43461.1913529119,30104.8428687634,19334.4075774823,11374.1525203762,6034.17936195935,2828.05581446922,1138.70313993553,378.780145597539,98.2911537112653,18.2045343858634,2.073495801057,0.109868819122525,0.00144786899344841,6.44565846569999e-07,0
0,531.651562925168,10076.2271716831,44627.3334341278,108577.645805324,189973.987610241,269553.578969063,330740.852360418,364708.455222003,370598.113652461,353117.927186442,319560.67751835,277406.782451694,232886.971919419,190412.893702197,152601.612055439,120612.136203157,94581.1409517215,74029.217270199,58178.6696407992,46170.2956923035,37191.7117349612,30539.5230028088,25638.105765199,22033.7636878847,19377.6660109113,17405.9659094315,15921.5429614701,14779.062851969,13873.3924300012,13130.6402186853,12500.9564808492,11952.4499377919,11465.9129217715,11030.3200782889,10639.2010428327,10287.9891019636,9972.36404960699,9687.49514307622,9427.99337213358,9188.32572852062,8963.43477259333,8749.33917990098,8543.55276453769,8345.23566672838,8155.06734670764,7974.89475079218,7807.25250697437,7654.87189694922,7520.29283457423,7405.67319396109,7312.86018249989,7243.75758959112,7200.99836536883,7188.91929324044,7214.8348807897,7290.61774387965,7434.60468813485,7673.8492838834,8046.71823190761,8605.76517687034,9420.69972167668,10581.0961102632,12198.2619839251,14405.4359989592,17355.2478962944,21213.2224564861,26146.126497345,32304.2435915552,39797.3054342155,48664.8678160626,58843.3779099743,70133.9130046317,82176.3127247023,94436.7617244683,106216.275916017,116686.443214814,124955.733939037,130164.613839259,131600.981963509,128820.208989621,121748.028747494,110741.912820718,96589.3929123745,80431.2523065287,63613.0247875582,47486.9589592251,33203.4619742765,21539.8287363166,12809.5513323587,6876.05291466151,3264.38776635984,1333.26914526073,450.660147019479,119.104228280978,22.5374082774437,2.63457904078346,0.144305914769699,0.0019917326868365,9.58869848489748e-07,0
0,539.573717935122,10236.7752514979,45354.9116346119,110381.48606308,193186.895820055,274194.91238729,336543.113970091,371234.79024496,377372.738751605,359723.879428239,325691.568993569,282878.813122137,237624.860952719,194423.249951289,155943.840035301,123372.948734631,96855.3934713414,75907.4697797917,59740.5562012149,47482.2103830456,38307.2524423328,31501.3531107574,26480.2356900815,22783.6126944686,20057.5825943746,18034.1389589326,16512.4181810359,15343.4842212875,14418.7131290561,13660.9978466536,13017.8071463662,12455.3418281188,11953.3892390604,11500.797160805,11091.6742111169,10722.4645164121,10389.9800244291,10090.3613028841,9818.82606168212,9569.98525637359,9338.47287755276,9119.6470328321,8910.16750529821,8708.32495236174,8514.07448699775,8328.79812835536,8154.87623632443,7995.18150437325,7852.61895392824,7729.82455661999,7629.10989952299,7552.70892785721,7503.35364105493,7485.18540912864,7505.00074694094,7573.83387469383,7708.88710620957,7935.82315749425,8291.41634548042,8826.50636226382,9609.0945741849,10727.2601908051,12291.3546251888,14434.6756054045,17311.5678768166,21091.7084519884,25949.2980496793,32046.0986837623,39507.8311578293,48394.4480947576,58666.2358134443,70149.4731165412,82507.2448447744,95222.5706316678,107601.723901405,118804.881977558,127908.54938386,133999.305820141,136291.636143478,134254.887940631,127727.499534885,116992.817859438,102792.392282953,86261.1487797969,68784.2133607296,51794.8616827049,36552.1094169916,23948.2055086193,14394.5909445579,7816.90259539993,3758.41944169658,1556.75189291499,534.559871314123,143.846236535657,27.7994493937366,3.33381525255589,0.188658047754417,0.00272504057385736,1.41678519521147e-06,0
0,547.466547598127,10396.2828452992,46078.0681886796,112175.209411763,196383.215137355,278814.32466848,342320.660339099,377736.664484226,384125.86771345,366313.102255458,331811.195211246,288344.780240902,242361.027197111,198435.180725553,159290.044440606,126139.559398094,99136.9985238666,77794.5518581308,61312.6925919141,48805.6137801271,39435.1412274753,32475.8284341868,27334.6563750769,23544.7969659584,20747.4727098425,18670.8184635759,17110.5640320509,15914.4605591761,14970.5617167497,14198.5514153209,13543.0626975882,12968.1149004031,12452.1658813232,11983.6367354873,11557.0038136133,11169.6379984232,10819.5341073526,10503.9682721562,10219.00045598,9959.64019127585,9720.43594858045,9496.2373477924,9282.90941417762,9077.83779015499,8880.13904351591,8690.56677344573,8511.17001978168,8344.80702312328,8194.64057600817,8063.74152350551,7954.90890409873,7870.78609695239,7814.32068195921,7789.58935134629,7802.99340571692,7864.82628261529,7991.21826775962,8206.46580659965,8545.73992827329,9058.12382082887,9809.83753375185,10887.3566749293,12399.9201308824,14480.6631717719,17285.341876321,20987.3928299233,25767.9841441532,31799.8651167468,39224.3219390913,48121.4840932395,58475.6307793593,70138.947368721,82799.1631224357,95958.2785088153,108930.619708682,120868.103424354,130818.265850282,137815.964438577,141002.852050655,139760.613392001,133836.212518718,123432.36396856,109236.651046793,92370.1299348634,74251.2577858862,56391.484307414,40159.976726942,26569.7494446624,16138.8946188587,8864.55219442995,4315.62405493406,1812.39398143191,632.058819016008,173.119977956128,34.1572930064567,4.20036716781209,0.245427626162943,0.00370685499276147,2.07830359137093e-06,0
0,555.324503853375,10554.7016865259,46796.5735908291,113958.197439976,199561.750017471,283409.937069292,348070.9286447,384210.933509934,390853.959793703,372881.887259111,337915.900276332,293801.243845387,247092.325613607,202445.832167633,162637.603715165,128909.505579615,101423.602562679,79688.2154409873,62892.9810121483,50138.6345666929,40573.8121205575,33461.7388479794,28200.5118530771,24316.7511750847,21446.9439605043,19315.6365058348,17715.4912632937,16491.272517769,15527.9430452999,14742.0578473959,14075.325999883,13489.354679878,12960.9583400687,12477.8090749997,12034.4910066276,11629.1549006516,11260.9664330827,10928.4517716443,10628.7209211948,10357.4347692311,10109.301816929,9878.85593654153,9661.27633008785,9453.05664059952,9252.39906934536,9059.28714804439,8875.2641862845,8703.00276416124,8545.78732528914,8407.04483978567,8290.04995998164,8197.90698890123,8133.87940285644,8102.10703205765,8108.72806804639,8163.41108989145,8281.29963487035,8485.37126907571,8809.20216998695,9300.09067361847,10022.4118241356,11060.9355732249,12523.6382500008,14543.2792601864,17276.7326157435,20900.8117313633,25603.1894964899,31567.1008912245,38948.9395811655,47848.7260427548,58274.7853054032,70105.7836963875,83055.3495186926,96646.479217892,110204.267541846,122875.533254792,133681.980661432,141609.188404272,145726.961825562,145328.149615717,140064.497515313,130051.864521071,115915.909037939,98755.5081206926,80015.5913206299,61282.150428534,44035.2865184438,29414.0710459774,18051.8349502956,10026.8319997579,4941.6121969868,2103.59554143353,744.851100458949,207.587457439943,41.7987299380461,5.26808856814985,0.31762666929016,0.00501181396488596,3.0255385448462e-06,0
0,563.142889195621,10711.9914254778,47510.2311976272,115729.911076264,202721.44543916,287980.074319755,353791.609654974,390654.732231732,397553.750977698,379426.777071773,344002.242582183,299244.943608802,251815.766908984,206452.494140081,165984.033962999,131680.452755488,103712.958503859,81586.2813813761,64479.341727832,51479.3638732939,41721.6131740066,34457.7588259531,29076.8283673094,25098.8184419301,22155.5614443797,19968.2423821815,18326.7826952038,17073.307901438,16089.974073538,15290.3579454214,14613.2273728336,14017.6011773229,13478.3624413575,12982.1048369391,12523.2235577774,12100.4457413627,11714.0325433407,11363.8179512702,11048.1306480742,10763.5204419912,10505.1113030491,10267.3452974436,10044.8697109685,9833.34841357404,9630.03731881961,9434.03907462564,9246.22996738474,9068.92021027224,8905.35836838082,8759.21695797082,8634.19912741165,8533.88982403042,8461.94606125158,8422.68828022765,8422.12615711249,8469.43264103708,8578.87014612445,8772.16768658804,9081.33656770005,9551.87948488488,10246.2756473152,11247.4965203324,12662.1136196333,14622.3056046738,17285.7812143999,20832.3582947877,25455.7577776282,31349.1925720304,38683.6784018363,47578.7832360297,58066.8380582714,70053.438823247,83279.2217118687,97290.0534095757,111424.412970681,124827.166328973,136497.425288211,145374.178142339,150456.745797885,150948.431558913,146402.478483915,136842.005246961,122822.886258498,105413.292711747,86077.2322292723,66470.8516937898,48185.1821479764,32490.0540122276,20142.4175988129,11311.4898331025,5642.07636415671,2433.88747742513,874.736730511793,247.9689429139,50.9334053943702,6.57589991434621,0.408844025817453,0.00673321858754343,4.3695126234433e-06,0
0,570.917779109377,10868.1193197577,48218.8763593817,117489.888874073,205861.38438356,292523.262138201,359480.646978559,397065.477644937,404222.260877599,385944.575345315,350067.005530641,304672.807980033,256528.524139829,210452.605388985,169326.99550807,134450.205886669,106002.944523324,83486.6661171721,66069.7454329204,52825.8888415137,42876.835537222,35462.4667207747,29962.520540648,25890.2432228364,22872.8306807131,20628.2817477801,18944.0761605357,17660.0554562959,16655.893191963,15842.4023260693,15155.4642713268,14551.3961724408,14002.9012240374,13495.1734630646,13022.0993603846,12582.7313900006,12178.2903715939,11809.9157236084,11477.2754767383,11178.0186292125,10907.9371378832,10661.6253777083,10433.3903371994,10218.1751903312,10012.3042021152,9813.92598077866,9623.11101678247,9441.63494629011,9272.54015056488,9119.60801488145,8986.8897674433,8878.43714418299,8798.3507822244,8751.23217309313,8743.09255064823,8782.74582861393,8883.69539663214,9066.51359767038,9361.69931020115,9812.96891080638,10480.871036525,11446.4980473667,12814.8842605349,14717.4322702378,17312.412879119,20782.286782844,25326.373706473,31147.3542025875,38430.3591295638,47314.1107014022,57854.8214439695,69985.346096465,83474.2927767112,97892.1245384002,112593.202810509,126723.540256785,139262.963128713,149106.76637456,155185.499740911,156612.665427841,152840.195733991,143792.968993236,129949.387237371,112338.252713633,92434.7909661387,71960.1981847558,52615.633322231,35805.7381455778,22419.1665460389,12726.0986088163,6422.73001967993,2806.89981015015,1023.60982603154,295.040640221303,61.7931201458085,8.1681069283907,0.523311892045509,0.00898641262625617,6.25846314883663e-06,0
0,578.645950124955,11023.0598758047,48922.3752909022,119237.744637796,208980.784065728,297038.222723995,365136.233453838,403440.868092154,410856.796018766,392432.353559069,356107.20585045,310081.961568085,261227.937664125,214443.756442549,172664.296038259,137216.716179386,108291.577523872,85387.4033216856,67662.2421151615,54176.3252359182,44037.7445979328,36474.3688292669,30856.4039652623,26690.1706121291,23598.1851529628,21295.3771355288,19567.0448970946,18251.0925042776,17225.0610571499,16397.2684651957,15700.8338162187,15089.326918246,14533.0729194732,14015.56750799,13529.8598747728,13075.0405608548,12653.0998611758,12266.4199804709,11916.0751659057,11600.986490515,11317.8513628862,11061.6690170204,10826.6263268151,10607.0966951941,10398.5337477601,10198.100889443,10004.9542829194,9820.17667687335,9646.43036236902,9487.45003665987,9347.52534130669,9231.12775324414,9142.82105781906,9087.56572244529,9071.49346009746,9103.19673701976,9195.55356309542,9368.09028939959,9649.86785242314,10082.8472556417,10725.6306038646,11657.3656974703,12981.4296044078,14828.2646856599,17356.442516015,20750.7165442968,25215.5649465123,30962.6261973918,38190.6231953224,47056.9968240745,57641.6405592652,69904.8846831724,83644.131425902,98456.0136648067,113713.141082879,128565.701796071,141977.576944095,152803.436235084,159907.089503014,162312.419132728,159367.723245471,150894.562992579,137286.416060073,119523.997111371,99085.4992676125,77751.3908293078,57331.3598483298,39368.2137956291,24890.0137086004,14277.9625991875,7289.24247421554,3226.32562742611,1193.44376209237,349.630901080149,74.6316704731243,10.0946418278969,0.665969024829095,0.0119123905466254,8.88780215004999e-06,0
0,586.324812831734,11176.7944488255,49620.6237155009,120973.16447708,212078.991090006,301523.86849275,370756.804989185,409778.879302366,417454.94963892,398887.454630428,362120.099420791,315469.730759216,265911.51863504,218423.690671862,175993.890883936,139978.083662362,110577.021356825,87286.6600429636,69254.9852799584,55528.8474232809,45202.6112755264,37491.9265132941,31757.2130915692,27497.6518471993,24330.9792495737,21969.1114324482,20195.3773525364,18846.0681996371,17796.9539800754,16954.1687633829,16248.2567991781,15630.0637440746,15067.3967576922,14541.7894312208,14045.1304473091,13576.23751157,13137.634404983,12732.8262699108,12364.3039085878,12032.3883546345,11734.8941463181,11467.4747372655,11224.4353552941,10999.7653083124,10788.1521623313,10585.786681414,10390.8380402637,10203.5598824642,10026.0659228554,9861.87781173108,9715.39036402369,9591.41695816359,9494.97245395154,9431.4277672726,9407.13707717392,9430.60367402087,9514.21981247374,9676.59146038131,9945.43642253298,10361.0132566467,10979.9822431212,11879.4989629565,13161.1780948184,14954.3307329574,17417.5805866533,20737.6362030997,25123.7041659961,30795.8744452389,37965.927476584,46809.5518128021,57430.0533504921,69815.3500121708,83792.3228855191,98985.1933834101,114787.041647712,130355.166762704,144640.846513253,156461.327022407,164615.992355472,168039.700991591,165975.278599517,158136.345547765,144824.298935134,126963.070448285,106025.259849207,83844.216054329,62335.7751438514,43183.5303760172,27562.1956444837,15974.0246975701,8247.17107374859,3695.88134109778,1386.27346291765,412.614930358193,89.7241751592788,12.4112073948384,0.842517725876726,0.0156815430918161,1.25118090730158e-05,0
0,593.952349342362,11329.3108088469,50313.5453175852,122695.903377609,215155.475701777,305979.29432905,376341.032201436,416077.757540674,424014.598220998,405307.493393756,368103.184564162,320833.647560827,270576.951203186,222390.30392547,179313.881039154,142732.556210934,112857.590199819,89182.7472589908,70846.2508342053,56881.7144073737,46369.7417388528,38513.5845839693,32663.6229787479,28311.6553049564,25070.486825009,22649.0154401636,20828.7581517445,19444.6843117678,18371.1513813999,17512.4502735695,16796.7926351608,16172.3898213431,15604.4538774509,15072.3375781524,14566.4642322271,14085.0572237731,13630.9023804736,13208.4564551295,12821.5808777721,12472.0746309367,12159.0464752762,11879.0394595575,11626.7232666681,11395.9149917845,11180.6793001721,10976.2898550598,10779.8954012688,10590.8128842874,10410.452639754,10241.9544178116,10089.6681715144,9958.64463911205,9854.30694288312,9782.45923747441,9749.75864003053,9764.74042045246,9839.45091329307,9991.7115902679,10248.0094310933,10646.9746537002,11243.3520334641,12112.2771311173,13353.5144417874,15095.0880759807,17495.439536399,20742.9085219132,25051.0117535347,30647.7900691672,37757.5398249939,46573.6972115789,57222.652092112,69719.9255823303,83922.4306504952,99483.2413367271,115817.978193346,132093.874270939,147252.917244827,160078.227948755,169307.324727591,173787.025444653,172653.323309449,165507.749173407,152552.811062044,134647.060762155,113248.714827544,90237.0622099711,67630.9504937324,47256.6210320072,30442.1598810255,17820.7769837926,9301.89232664526,4219.26411447384,1604.17512254351,484.90801524266,107.365853672258,15.1793057298082,1.05947148147811,0.0204974226128913,1.74570540978463e-05,0
0,601.527054825818,11480.6026807823,51001.090039615,124405.781375852,218209.825304806,310403.768631409,381887.810217532,422336.010251817,430533.895061085,411690.354101684,374054.20283532,326171.451679291,275222.093560616,226341.643105044,182622.509533554,145478.525749216,115131.747727864,91074.1251400801,72434.4503726688,58233.2910357428,47537.5041324325,39537.7992631337,33574.2733274693,29131.0819112523,25815.9051023473,23334.5601479251,21466.8516314531,20046.6753653026,18947.319083957,18071.5872970755,17345.6455101124,16715.222189537,16142.9213424615,15605.7485428858,15092.3865517189,14600.1450659172,14131.7764312511,13692.4740153513,13287.3706344277,12919.7691510997,12590.2085257352,12296.3333944628,12033.4212867193,11795.3458515386,11575.7239359114,11369.0076794892,11171.3322417702,10981.0035053415,10798.5943377075,10626.6992046669,10469.4636919719,10332.0500075375,10220.2185209335,10140.2002240532,10099.0109689696,10105.32311387,10170.9715571793,10313.1343762595,10557.1938372566,10940.2452367621,11515.1657158403,12355.0641989866,13557.7866167414,15249.9318648863,17589.5410585425,20766.2763459462,24997.5596973775,30518.8903819645,37566.5358761743,46351.1568753302,57021.846536929,69621.6564862508,84037.959559548,99953.7939310449,116809.232410746,133784.136278216,149814.460694243,163652.560536162,173976.85636537,179547.464934858,179392.651709679,172998.197474629,160461.304586456,142566.716761793,120749.330498816,96926.9566544819,73217.6003844455,51591.2450089444,33535.4830820372,19824.1768121346,10458.5336766691,4800.10745803786,1849.24376149049,567.457358012312,127.870238870308,18.4661364197761,1.32419010733923,0.0266003859240962,2.41374469286991e-05,0
0,609.047882823352,11630.6692663529,51683.2322589111,126102.679423118,221241.737406446,314796.723415218,387396.247005974,428552.394609032,437011.261232963,418034.185179593,379971.137395649,331481.090858545,279844.977927682,230275.903986542,185918.15671646,148214.522388346,117398.102861378,92959.4035921115,74018.1390017874,59582.0639300911,48704.3512788941,40563.0642722446,34487.7932348035,29954.7836706829,26566.3632388516,24025.1538664432,22109.288924291,20651.7897376309,19525.1902669927,18631.1684208455,17894.1626031458,17257.6239265706,16681.5980602184,16140.6337554815,15621.4369103694,15120.0979767447,14639.0278340736,14183.9070419502,13760.9924386119,13375.0650538633,13028.1847810088,12719.2788461718,12444.4638481232,12197.9061776929,11972.9741282331,11763.4292099524,11564.4390919663,11373.2600459259,11189.5195776091,11015.1160978859,10853.8291942826,10710.7914515379,10592.0051518407,10504.0936144746,10454.4608880622,10452.0016699697,10508.4635506866,10640.5224171241,10872.5914832877,11240.341103543,11794.849176913,12607.2130546845,13773.3126577131,15418.2028792671,17699.3243463619,20807.369917763,24963.2770536441,30409.5215526351,37393.7976872225,46143.4499393199,56829.8492430648,69523.4251669279,84142.3207923402,100400.501020153,117764.241322375,135428.583573605,152326.628152115,167183.350607262,178621.01133402,185314.687551164,186184.466994233,180597.213377618,168538.834571312,150712.071012828,128519.495726997,103909.621811858,79095.0885952549,56189.9486912598,36846.8028735916,21989.5704648614,11721.9076306193,5441.93608297521,2123.56912228091,661.232652576047,151.566829081339,22.344352854547,1.64489939514332,0.0342709528638927,3.30706842674473e-05,0
0,616.514194134111,11779.514755472,52359.968878882,127786.535020881,224251.012143624,319157.743724068,392865.650593202,434725.904388362,443445.374349592,424337.391525321,385852.209120613,336760.719530819,284443.809556659,234191.428520124,189199.334934883,150939.207223132,119655.402935661,94837.3388438441,75596.0181517572,60926.6520915214,49868.8387318132,41587.9339187268,35402.8252613393,30781.5839574007,27320.9346008497,24720.1439555773,22755.6591329034,21259.7729773127,20104.5457884928,19190.8797345339,18441.8257123824,17798.8080161704,17219.4221713927,16675.7088714722,16152.2064455746,15643.5045030972,15151.3632659638,14681.6766495964,14241.6369278487,13837.4286151168,13472.6762554063,13147.7340829512,12859.7686755605,12603.4737263485,12372.1841652841,12159.1310628605,11958.5971027997,11766.7868595106,11582.3045500773,11406.2203508377,11241.7910014605,11093.9696371541,10968.8856452707,10873.494498726,10815.591364447,10804.3561133887,10851.5586180713,10973.509046058,11193.7922630382,11546.7768136714,12081.8283799267,12868.0691286163,13999.3873240592,15599.1960887122,17824.1553527709,20865.7156952494,24947.9572758439,30319.8633818239,37240.0146854757,45951.8863104109,56648.663632427,69427.9300079622,84238.7994892595,100826.982425184,118686.544848122,137030.109489729,154790.998668782,170670.191102394,183236.856664243,191082.980488408,193020.443476575,188294.516744696,176774.28017046,159072.565919624,136550.630942519,111179.548029697,85261.454113624,61054.045680925,40379.7646847552,24321.6261538543,13096.4498776428,6148.12114646029,2429.2104825213,767.215599154277,178.79820703392,26.891670389069,2.03069259559905,0.0438327062834393,4.48957353893538e-05,0
0,623.925709110841,11927.1478343014,53031.3173677527,129457.337705099,227237.544531408,323486.55658002,398295.515498162,440855.755579782,449835.155539579,430598.624689776,391695.870638227,342008.695858173,289016.964806311,238086.701771447,192464.682988365,153651.364427019,121902.525122516,96706.82693909,77166.9340532489,62265.8124657653,51029.6379394916,42611.0424072868,36318.0476425117,31610.2982675897,28078.6516485445,25418.8225586168,23405.5047227281,21870.3542183714,20685.1953354247,19750.485951891,18988.2378706484,18338.1339707631,17755.4801545027,17209.8152739119,16683.3692564982,16168.98150194,15667.4614999082,15184.6284453938,14728.3882844565,14306.2098896835,13923.2795559855,13581.4828330735,13279.2203261027,13011.9377736768,12773.1596065507,12555.7691142735,12353.2786451513,12160.8743494752,11976.0912405886,11799.0622672873,11632.3753619185,11480.6520172452,11350.0198530499,11247.6841634968,11181.8087201068,11161.8977021587,11199.8351256983,11311.6928852939,11520.3687775965,11859.0620153248,12375.5291390489,13136.9736988668,14235.2886047775,15792.1695313687,17963.3369479009,20940.7466347069,24951.2674899709,30249.9364059904,37105.6872673659,45777.5651102963,56480.0752849647,69337.667345974,84330.5257083061,101236.787190546,119579.73474245,138591.812705861,157209.523030235,174113.19719568,187822.079790344,196847.259823774,199892.774643112,196080.109884192,185156.458548337,167637.179435565,144833.304632999,118730.080691943,91713.4553959958,66183.6156936637,44136.9844564808,26824.2778244977,14586.1628967987,6921.83701722056,2768.17101484391,886.388598085555,209.916675480441,32.1903257013031,2.49151159650671,0.0556545557887991,6.03908684586139e-05,0
0,631.282463243789,12073.5811966666,53697.31377589,131115.124452167,230201.316563911,327783.019680925,403685.508689322,446941.371124012,456179.755055764,436816.771299652,397500.798536116,347223.577271249,293562.98833029,241960.348603739,195712.960638951,156349.893172985,124138.46686283,98566.8950100732,78729.8726881435,63598.4410046606,52185.5446152605,43631.1189580725,37232.1937691879,32439.7542906303,28838.5223040781,26120.4355436188,24058.3209144583,22483.2361738211,21266.9605364469,20309.8110033593,19533.106613732,18875.0985937807,18289.0084252515,17741.9336577157,17213.7067282684,16695.2058926932,16186.0079429661,15691.5648370558,15220.2498938319,14780.6586897539,14379.4920270459,14020.2294296613,13702.6579020889,13423.1831441373,13175.7418167336,12953.0673951282,12748.0434119649,12554.9036595437,12370.1004675056,12192.7468779994,12024.6320078593,11869.8970582439,11734.5305296848,11625.8872812723,11552.4539349257,11524.0743340552,11552.8186487185,11654.6353640604,11851.8728888166,12176.6989706082,12675.3770580729,13413.266999934,14480.2840521397,15996.3533501379,18116.1197576402,21031.8137459405,24972.7596096053,30199.6113471878,36991.1331930047,45621.3763347105,56325.6468419105,69254.9173965763,84420.4493636618,101633.35642828,120447.40601433,140116.940526713,159584.465282044,177512.955358104,192374.956219417,202603.067517528,206794.207065123,203944.349974986,193674.229522354,176394.547692587,153357.354220647,126553.518793182,98446.631039896,71577.5214999518,48120.0275561152,29500.6808388682,16194.5663491497,7766.02063553482,3142.37234540027,1019.72289988485,245.280480065612,38.3263927067905,3.03810634213449,0.0701521945564953,8.04915915864101e-05,0
0,638.584765935536,12218.8310648858,54358.0107603887,132759.975073405,233142.389284557,332047.110029118,409035.455334895,452982.365131153,462478.536916189,442990.940091719,403265.884002341,352404.114637366,298080.589419067,245811.130148662,198943.043354656,159033.799782165,126362.335957466,100416.691157731,80283.9520720832,64923.5699237504,53335.482674484,44646.9986335867,38144.0683694258,33268.8103745576,29599.5467458165,26824.1937463426,24713.5585945601,23098.0888355428,21849.6608151553,20868.7194103321,20076.2254893456,19409.3224159414,18819.3885805344,18271.1902048874,17742.1245892175,17220.9404477855,16705.7254165893,16201.2762578415,15716.1715655095,15259.944271908,14840.7218898958,14463.5991912683,14129.8672039114,13837.0770427014,13579.7931668991,13350.8054310592,13142.5310677095,12948.346671438,12763.6398375701,12586.4490200391,12417.6543367338,12260.7767779646,12121.5253251692,12007.2908561082,11926.8168738756,11890.2794438574,11909.9859855362,12001.861144323,12187.834341442,12499.1812412915,12980.7978611278,13696.2912405809,14733.6368876784,16210.9587886836,18281.7133923339,21138.1986053486,25011.8830206051,30168.6207301757,36896.4967154605,45484.0057919111,56186.716708128,69181.7344240909,84511.3196501887,102019.990482229,121293.111843804,141608.833960904,161918.343399351,180870.468109841,196894.309085024,208346.556890114,213718.060689288,211878.007937067,202316.589385674,185333.082091431,162112.008356164,134641.222061635,105455.374585385,77233.4426510547,52329.4037331917,32353.1802109046,17924.6553031157,8683.3344426661,3553.6299559265,1168.16651225224,285.249707770637,45.3889663906101,3.68197185549246,0.087788596445781,0.00010630777423557,0
0,645.833162383595,12362.916725358,55013.4756427976,134392.007658664,236060.894929811,336278.912651919,414345.324581577,458978.526897992,468731.062948852,449120.447921471,408990.222180512,357549.245212109,302568.637538817,249637.940076511,202153.917377505,161702.190376443,128573.340831005,102255.473666775,81828.4127046968,66240.3619369261,54478.5042848967,45657.6290412758,39052.5601137861,34096.3717092675,30360.7337115149,27529.285597084,25370.6300910469,23714.5467127977,22433.1024144767,21427.0994413072,20617.4552083496,19940.5333387977,19346.1376438,18796.8562529272,18267.6629608124,17745.0531759296,17225.4000996709,16712.5697806119,16215.076601989,15743.1771149834,15306.302113258,14911.1433087431,14560.5772066692,14253.4591522883,13985.183801099,13748.805146661,13536.4515384729,13340.7621426454,13156.1070149783,12979.4236896372,12810.5955727367,12652.3965402134,12510.1176122597,12391.06357952,12304.1522244804,12259.8634440909,12270.7720038076,12352.8611605484,12527.7614123013,12825.993637655,13291.2182460612,13985.393591984,14994.6118128806,16435.1869367562,18459.2977387418,21259.1264365587,25067.9984427422,30156.5723260154,36821.7601933966,45365.9431805097,56064.4015398153,69119.9412878484,84605.6692698663,102399.820965586,122120.322847011,143070.87579071,164213.870622514,184187.096211722,201379.462364492,214074.468090815,220658.236421386,219872.313764057,211072.752867192,194441.0788105,171086.0078989,142983.723722135,112733.020932048,83147.9243274496,56764.5774884903,35383.2916566541,19778.8670620977,9676.13371769232,4003.63003975073,1332.63217453582,330.181963035231,53.4692315288583,4.43526311960925,0.109073429051122,0.000139139138178485,0
0,653.028398493034,12505.8600834961,55663.7885227821,136011.37412288,238957.029237445,340478.609550942,419615.215561338,464929.804997963,474937.076574066,455204.805089704,414673.100523265,362658.084545259,307026.157119172,253439.800653011,205344.675137076,164354.264196474,130770.781344516,104082.600156803,83362.6069487177,67548.1022592717,55613.7866870041,46662.0732783965,39956.6506192262,34921.4037998997,31121.1155749509,28234.890275658,26028.9170774647,24332.209221684,23017.0707142544,21984.8487264564,21156.7055828456,20468.5488990968,19868.8947282683,19318.3426032698,18789.5000570299,18266.5303405806,17743.9020558776,17224.2940291122,16715.8873064286,16229.4313083022,15775.5067101338,15362.3473163145,14994.4604493447,14672.1351269659,14391.7805724397,14146.918259243,13929.5739832372,13731.7889213344,13546.9889462185,13371.0118867214,13202.680656211,13043.9114243635,12899.4451499681,12776.3744402028,12683.6959987816,12632.1467185151,12634.5785766713,12707.0978129296,12871.1433768683,13156.6133955215,13606.067301464,14279.9291667481,15262.4804523731,16668.2370239093,18648.0339879994,21393.7793379593,25140.3925040045,30162.9639662613,36766.7577832679,45267.4929870841,55959.6023074404,69071.1282924753,84705.8035659512,102775.788013462,122932.391333712,144506.442634465,166473.898829049,187464.499970808,205830.189573656,219784.095245195,227609.212233333,227918.988766753,219932.222674032,203706.819144928,180267.723174972,151570.846105938,120271.941742646,89316.4393405468,61423.9928226346,38591.695328666,21759.0570675878,10746.4389937818,4493.9083623956,1513.98570597616,380.427932658945,62.6594381469835,5.31068899181784,0.134561295956448,0.00018048827287436,0
0,660.171388740367,12647.6852417966,56309.0404672523,137618.255902264,241831.043997478,344646.468994839,424845.343791316,470836.291674061,481096.486615621,461243.700302128,420313.986421515,367729.917522587,311452.321653147,257215.858559327,208514.510979432,166989.307649572,132954.040402297,105897.517132552,84885.9879901341,68846.189124241,56740.6264836091,47659.509618627,40855.4200289373,35742.9430315474,31879.7616595073,28940.1906526563,26687.7798583764,24950.6436952026,23601.3257130532,22541.8627018966,21693.9191073577,20993.258366775,20387.4054753658,19835.1897240562,19306.9504553645,18784.4835401291,18260.2002085431,17735.3597238877,17217.547871509,16717.7662933375,16247.5682276795,15816.6421455186,15431.1367251927,15092.8733409772,14799.4384729381,14545.014859576,14321.7153613208,14121.1371814031,13935.8578245628,13760.6424257418,13593.2139391774,13434.5388401614,13288.6859065971,13162.4096800694,13064.6816052546,13006.4332272797,13000.7848312419,13064.0117594859,13217.4544668595,13490.5124394859,13924.7784534804,14579.2639761513,15536.5263616011,16909.3140875114,18847.0751014786,21541.3092478877,25228.2925418263,30187.1992098434,36731.1907044896,45188.7877455168,55873.0135566973,69036.6560801434,84813.7944631015,103150.622869723,123732.520969872,145918.861774686,168701.365109473,190704.581189553,210246.659702922,225473.247048264,234566.029250878,236010.265540282,228884.846514802,213118.659550657,189645.265483249,160391.816523152,128063.647199609,95733.4611140576,66305.1109972679,41978.2417432395,23866.4840550684,11895.9140414104,5025.83159702685,1713.03501663786,436.326954399691,73.0518094114695,6.32138720814283,0.164848766125352,0.000232070344919157,0
0,667.263186904037,12788.4181040464,56949.3317911164,139212.859839535,244683.23991126,348782.835249084,430036.028099466,476698.207722407,487209.351387107,467236.985542275,425912.514371617,372764.188729455,315846.447184604,260965.380451665,211662.717148854,169606.689076164,135122.57648207,107699.750260237,86398.0989048107,70134.1234777175,57858.4320848005,48649.2285110458,41748.0494929193,36560.1043208192,32635.7894474541,29644.3854190923,27346.5673378765,25569.3904124377,24185.6003599499,23098.0259903102,22229.0567518208,21514.6056439884,20901.5054804437,20347.0550944602,19819.459003109,19298.1515476546,18773.3719846363,18244.7555877355,17719.0439474378,17207.2469725121,16721.6953460194,16273.4167752913,15870.1793530232,15515.4045536217,15207.9946384932,14942.9736455884,14712.7293416644,14508.5785514516,14322.3646273215,14147.8303510346,13981.5830186137,13823.5673618154,13677.0706741142,13548.3874596797,13446.3546974642,13382.0238998154,13368.7579670364,13423.0297242683,13566.1589275254,13827.1605176707,14246.7918527092,14882.7778288953,15816.0495418113,17157.6358789886,19055.5754665554,21700.850282438,25330.8811675285,30228.6033332728,36714.6435208598,45129.8031113047,55805.1353661278,69017.6621468762,84931.4789268925,103526.835716003,124523.742024345,147311.373279637,170899.242477272,193909.427089119,214629.382036525,231140.202564094,241524.26941621,244138.896750382,237920.861899981,222665.110716006,199206.591227707,169435.381094233,136098.89157316,102392.545367321,71404.459689729,45541.9690968111,26101.8043584657,13125.849713433,5600.58150932085,1930.52004083869,498.202702783593,84.7374102659552,7.48078332789869,0.200570197315068,0.000295818738246581,0
0,674.30495956769,12928.0860078874,57584.7704424357,140795.414290213,247513.959811788,352888.118816812,435187.678178894,482515.88801415,493275.86325517,473184.661099524,431468.472920825,377760.492320433,320207.985269712,264687.748244172,214788.679943759,172205.854169737,137275.917123642,109488.895572798,87898.5622267578,71411.4984051928,58966.7149413177,49630.6274809702,42633.8209682578,37372.0860025616,33388.3735203764,30346.6999615704,28004.6270608397,26187.9690343443,24769.6013022543,23653.2066130264,22762.0862725342,22032.5736738739,21411.1037192343,20853.6988441148,20326.5914576971,19806.8977706519,19282.6081139415,18751.5596588107,18219.4185163437,17696.9614825656,17197.089698615,16732.0315766748,16311.1232787338,15939.4240210307,15617.2648165734,15340.6740610673,15102.4961125172,14893.935891834,14706.2310339803,14532.1726736384,14367.2592113741,14210.3619950232,14063.8923761838,13933.5698587634,13827.9862276158,13758.2291498081,13737.8639901255,13783.5727642585,13916.7167643711,14166.028954222,14571.5570757565,15189.8671199723,16100.3704201402,17412.4389155373,19272.6995563148,21871.5301471343,25447.3101854096,30286.4391458879,36716.6008799696,45090.3741658996,55756.2874245059,69015.070452742,85060.4615077881,103906.708466888,125308.892161727,148687.097703587,173070.495391752,197081.257304498,218979.151319873,236783.663912684,248480.026371514,252298.154033152,247030.929346246,232334.905395057,208939.597469243,178689.914566337,144367.780233223,109286.418212258,76717.6917539692,49281.1309132005,28465.0750039952,14437.1537564354,6219.14226130093,2167.10381433309,566.35909933128,97.8050063893376,8.80243712407598,0.242392410497339,0.000373885979643681,0
0,681.29796229148,13066.7173872186,58215.4705014701,142366.165474768,250323.582286549,356962.787246806,440300.782847143,488289.767766899,499296.333838917,479086.860954529,436981.791605181,382718.56157215,324536.51550769,268382.454110789,217891.875965584,174786.321951918,139413.653339343,111264.611701216,89387.0702900847,72677.98873293,60065.0801192467,50603.2045002587,43512.1148049467,38178.1722096739,34136.7522150083,31046.3956911046,28661.3148277344,26805.8858687872,25353.0115542845,24207.2527743813,23292.9731249081,22547.1708201648,21916.1667659041,21354.9686897435,20828.0229118037,20310.2042582505,19787.2132417998,19254.9463076983,18717.7839827213,18186.0362003593,17672.9612431147,17191.8315818841,16753.4742880813,16364.5955213829,16027.0420441435,15737.9904092332,15490.9134658554,15277.0733269692,15087.2404549472,14913.3421545583,14749.7952708426,14594.3662608237,14448.5121902111,14317.2720709433,14208.8833501105,14134.3800221514,14107.4778291638,14145.0645016814,14268.5897872822,14506.5947561037,14898.5359990744,15499.947452287,16388.8332695167,17672.9836280159,19497.6294729412,22052.480401419,25576.7135344983,30359.922194439,36736.464190615,45070.2123732125,55726.6246229978,69029.6035302223,85202.1204297666,104292.292109448,126090.602556574,150049.009427618,175218.040525234,200222.374801416,223296.994526337,242402.707386972,255429.871186582,260481.818419908,256206.154868098,242117.05509835,218832.208089921,188143.52449585,152859.875972334,116407.068446821,82239.6517138121,53193.2327720513,30955.7650151847,15830.3465133769,6882.29099528469,2423.36487113263,641.076543806778,112.339942956523,10.2998804070755,0.291008320297805,0.00046863946703058,0
0,688.24351833506,13204.3414652299,58841.5507999672,143925.374094438,253112.515732906,361007.356548356,445375.899063043,494020.369644383,505271.179965466,484943.838685388,442452.528065148,387638.258284993,328831.73774182,272049.09521588,220971.868386706,177347.681188697,141535.434860138,113026.613144779,90863.3765078323,73933.3411302529,61153.2166750839,51566.5503439729,44382.4055911383,38977.7330730333,34880.2320953621,31742.7776700254,29316.0035034334,27422.6414543149,25935.4945803642,24759.9918598978,23821.6738872714,23058.4194592396,22416.7043706687,21850.7849883752,21323.5249471547,20807.6631735318,20286.603102888,19754.1894269009,19213.3306143359,18673.647787875,18148.541725336,17652.1590628851,17196.7186872378,16790.5567492242,16437.0971950184,16134.7878677699,15877.8893643035,15657.8869851779,15465.2287891445,15291.0798142869,15128.8209766825,14975.1015840039,14830.3627638137,14698.8688431959,14588.3980151752,14509.83765521,14476.992433824,14506.9389164976,14621.2476050339,14848.344824499,15227.2057017767,15812.4560349928,16680.8090600614,17938.5585955552,19729.5713173807,22242.845434731,25718.2190077372,30448.2350035373,36773.5677852622,45068.9226537454,55716.1535704642,69061.7964736771,85357.6166235374,104685.408062222,126871.288955721,151399.915510114,177344.712977463,203335.121319471,227584.120242889,247996.734364011,262370.814469532,268684.163742154,265438.102822252,252000.896037685,228872.450131258,197784.148539817,161564.302783884,123745.841966363,87964.4481029379,57275.0767417002,33572.7741737914,17305.5622815091,7590.59175284612,2699.79108646551,722.60854904749,128.423071299354,11.9864505558536,0.347129669443539,0.000582651716033404,0
0,695.142999804844,13340.9879782377,59463.1336641607,145473.312221981,255881.192865659,365022.383238044,450413.641733213,499708.291734803,511200.910466517,490755.954021211,447880.855494508,392519.562184267,333093.464033984,275687.368197567,224028.303177212,179889.587132129,143640.966101831,114774.664530845,92327.2876603759,75177.3649357001,62230.8881926077,52520.3403817941,45244.2567102948,39770.2231024552,35618.1904260946,32435.2004966022,29968.0907572731,28037.7380373818,26516.6993103802,25311.2312389588,24348.1319793278,23566.3468443693,22912.7567590237,22341.1265345726,21812.9523187469,21298.9665819123,20780.2990237224,20248.6623632224,19705.3316322931,19159.0322799472,18623.0959741622,18112.3649658139,17640.3329099732,17216.9255644093,16847.1810129883,16530.9202290159,16263.3360583904,16036.2967502058,15840.0754018461,15665.186767497,15504.0372096081,15352.1645197551,15208.9489097795,15077.7983547791,14965.933254886,14884.0008990497,14845.82658977,14868.6473924855,14974.1732846118,15190.7800515022,15557.061265486,16126.8538093532,16975.6977493381,18208.4838911617,19967.7603832093,22441.7900877142,25870.9585908224,30550.5400893303,36827.1941989864,45086.020110731,55724.7494861579,69112.0122092082,85527.9050851332,105087.65296822,127653.147208444,152742.43976064,179453.237940542,206421.837716066,231841.871459376,253565.423171314,269300.266269734,276899.934452169,274718.800282208,261976.124959427,239048.52019391,207599.643949054,170469.845540455,131293.53640435,93885.5298193803,61522.8120742368,36314.4583492007,18862.5559523016,8344.39268442925,2996.77504176286,811.178845418455,146.129749051002,13.8751241143311,0.411479050629052,0.000718685060876934,0
0,701.997811088118,13476.686929948,60080.3437823318,147010.260472613,258630.065686829,369008.457030459,455414.674322599,505354.19643425,517086.113870146,496523.660136108,453267.050548666,397362.560454061,337321.610514758,279297.063440286,227060.905247525,182411.75848038,145730.002722903,116508.575772621,93778.6571953336,76409.9238394293,63297.9237494334,53464.3261757043,46097.3140210234,40555.1781150997,36350.0758860088,33123.0724982196,30617.0055777873,28650.6866101963,27096.2656568908,25860.7604512748,24872.2753786196,24070.9781615915,23404.3838366838,22826.0175447093,22296.2298132697,21783.8953028644,21267.9204891365,20737.8352058631,20193.145356036,19641.4913689643,19095.9309316979,18571.8189007472,18083.7926245417,17643.3066388315,17257.027241125,16926.2291239882,16647.1657126401,16412.2391971764,16211.6946861051,16035.5158810659,15875.2090678348,15725.2223518092,15583.8462171372,15453.5638278843,15340.9472886789,15256.3120628199,15213.4313064364,15229.6648088323,15326.8684585244,15533.4191231915,15887.6183590158,16442.6272634913,17272.9300323148,18482.1135890165,20211.4652178353,22648.5059169642,26034.0773438989,30665.9915740984,36896.5882876734,45120.9460265492,55752.1729925099,69180.4574897923,85713.7479560971,105500.406314391,128438.152717662,154079.011635134,181546.207652973,209484.829381068,236071.68232184,259108.682856891,276215.99502109,285124.319224724,284040.734169777,272032.825675184,249348.841061961,217577.86868109,179565.044324113,139040.494339354,99995.7647691714,65931.9907111393,39178.6604217731,20500.7144499688,9143.82641677592,3314.61093824399,906.979002984121,165.528935925443,15.9783546988929,0.484781425231865,0.000879670974074572,0
0,708.809374428531,13611.468375307,60693.3071955084,148536.505455032,261359.600919155,372966.194173452,460379.70026857,510958.800241472,522927.447015957,502247.491746775,458611.481810618,402167.437518352,341516.189206815,282878.059183136,230069.474481981,184913.974464137,147802.34864557,118228.19800923,95217.3794893469,77630.928480267,64354.2094967702,54398.3271775414,46941.2990165777,41332.2110618965,37075.4077886082,33805.8583510805,31262.2134963161,29261.013267475,27673.8301684147,26408.3543747901,25394.0159972622,24572.331596905,23891.6563398225,23305.5161058643,22773.3397675446,22262.307448732,21749.1764390386,21221.2700382098,20676.214865994,20120.3961463814,19566.4024562212,19029.9175222682,18526.5810278591,18069.2981178528,17666.3564792557,17320.5444565065,17029.2874203908,16785.6617765784,16580.0284519807,16401.963646056,16242.1585045989,16094.0075607748,15954.6980285252,15825.7332177833,15712.9556627611,15626.2608681918,15579.2947378231,15589.4945597198,15678.8577319938,15875.8018948531,16218.4155201849,16759.2899099453,17571.9685827614,18758.8375030833,20459.9906281809,22862.2161540598,26206.7408191155,30793.7453125374,36980.9699982255,45173.0828371429,55798.0864120287,69267.1991261431,85915.7287634613,105924.840280092,129228.063235139,155411.859472802,183626.063353569,212526.336718321,240275.039205372,264626.609601956,283116.086595701,293352.921598226,293396.842366826,282161.487214137,259762.108938051,227706.753842279,188838.282460239,146976.693651097,106287.519221507,70497.6261869664,42162.7457812058,22219.0724035938,9988.81337037366,3653.4930398116,1010.1666011113,186.682403184366,18.3079191741085,0.567755363856942,0.00106868439104747,0
0,715.579117491494,13745.3622327146,61302.150407941,150052.337497732,264070.275897346,376896.231418763,465309.455185671,516522.864453829,528725.624599996,507928.054050948,463914.598887066,406934.46516471,345677.299912384,286430.315517572,233053.881655602,187396.071986047,149857.85342083,119933.420202349,96643.3849878251,78840.3299585076,65399.6809637321,55322.2227464556,47776.0017618279,42101.0070721174,37793.774083729,34483.080289313,31903.2205269112,29868.2647241095,28249.0315254667,26953.7770113879,25913.2503715184,25070.4151714002,24374.6488603206,23779.7042269466,23244.3105858911,22734.1271450653,22223.855870858,21698.6147221394,21154.0656626997,20595.1886258346,20033.9200346257,19486.0912497421,18968.1961209434,18494.4979934569,18074.8804416416,17713.6857674382,17409.6054367795,17156.5182250164,16945.0392839762,16764.4625497895,16604.7568785718,16458.3116045594,16321.211215619,16193.9373507051,16081.5316909478,15993.3867603149,15942.9456790368,15947.6724620815,16029.6923052516,16217.4922484918,16549.0160731617,17076.3834130216,17872.3088259282,19038.0822385369,20712.6797311021,23082.1794486168,26388.1410632279,30932.967511972,37079.5456859402,45241.767879637,55862.0692581706,69372.1800406939,86134.2673178894,106361.931251871,130024.424423841,156743.00755208,185695.081854054,215548.510549635,244453.446282558,270119.446317925,289998.904354298,301581.728781235,302780.499984755,292353.014584121,270277.331846373,237974.367419611,198277.867587996,155091.83386133,112752.736474021,75214.2545973464,45263.6413751187,24016.3314344964,10879.0677593087,4013.51558524537,1120.8639573186,209.644070340535,20.8747756170826,0.661104238484082,0.00128891362697047,0
0,722.30846276449,13878.3981230767,61906.999612412,151558.048641934,266762.574904748,380799.220610626,470204.699838108,522047.186741216,534481.409638302,513566.012522143,469176.92218413,411663.99308716,349805.122246595,289953.868331818,236014.064241295,189857.942759573,151896.409833372,121624.166264721,98056.6361191268,80038.1142240089,66434.316138789,56235.944640469,48601.2738461366,42861.3179970221,38504.8284055977,35154.3180920313,32539.5758854546,30472.0129084304,28821.5156574937,27496.7855775653,26429.8613305256,25565.2250687725,24853.4345985153,24248.6795178239,23709.2064665143,23199.3338021212,22691.8182223563,22169.5957220517,21626.3017862466,21065.3814033358,20497.9496084,19939.8093653475,19408.1568525577,18918.5099652057,18482.306337497,18105.4642622151,17788.0184328614,17524.7651202274,17306.7049218471,17122.974139392,16962.9177202727,16817.9783838126,16683.1511446943,16557.8668710481,16446.3054886209,16357.2797753953,16303.9557419247,16303.7695740809,16378.9527807442,16558.0803835141,16879.0096450312,17393.478365409,18173.4792878097,19319.3116433458,20968.915162109,23307.6925113176,26577.5012963749,31082.8418864328,37191.5179452468,45326.3057884633,55943.6326937273,69495.2348129609,86369.6348390151,106812.472493814,130828.577634373,158074.276429145,187755.366289862,218553.392189155,248608.395612512,275587.545790625,296863.05090004,309807.079603975,312185.501891684,302598.733146622,280883.859882265,248368.969471341,207872.105355881,163375.417544226,119383.013619856,80075.9964066364,48477.8773103623,25890.8824136821,11814.1059618075,4394.6740752729,1239.15741053787,234.459477995967,23.688936041004,0.765507590489263,0.00154362664231515,0
0,728.99881863602,14010.6052339438,62507.9800241878,153053.93088923,269436.985937825,384675.823868257,475066.21384904,527532.593564489,540195.604824023,519162.083558081,474399.033391927,416356.439906873,353899.90788814,293448.823260205,238950.022126683,192299.530412515,153917.951660305,123300.392604473,99457.1238717095,81224.2972714071,67458.1293354108,57139.4700801318,49417.0215346574,43612.9566903049,39208.2864129797,35819.2080468902,33170.8735898843,31071.8586056083,29390.9403254331,28037.1346434055,26943.7203402212,26056.7451719624,25328.0816474698,24712.5484381651,24168.11843986,23657.952193987,23152.9839082552,22634.0104019686,22092.6008233825,21530.5558136684,20958.0147568196,20390.5835932455,19846.0080948361,19340.9486379081,18888.3411516888,18495.6852609692,18164.4195664794,17890.359457929,17665.0136539869,17477.4828870285,17316.5899341966,17172.897692397,17040.3361720661,16917.268333633,16806.961892843,16717.5801885599,16661.9403533594,16657.3939934557,16726.2511691833,16897.1845265241,17208.0132680547,17710.1747245653,18475.0415693753,19602.0267482393,21228.1195610569,23538.0917877518,26774.0793865837,31242.5754279825,37316.0939776941,45425.9794846124,56042.2328070933,69636.1044635178,86621.9689515966,107277.087525025,131641.669383249,159407.28603176,189808.840577462,221542.897858844,252741.341653466,281031.337578353,303707.332073269,318025.632443144,321606.042497973,312890.387592598,291571.408064691,258879.05911175,217609.365555208,171816.826127059,126169.675408004,85076.6180010697,51801.6300638574,27840.830041213,12793.256921061,4796.86781267345,1365.09713914895,261.165401148838,26.7593562233694,0.881612884088888,0.00183613454223769,0
0,735.651571998082,14142.0122068331,63105.2153165158,154540.274689606,272093.997876757,388526.70933287,479894.79010972,532979.933397431,545869.04474254,524717.025965782,479581.566690118,421012.284712862,357961.973107631,296915.349693928,241861.813268677,194720.827537357,155922.451516689,124962.085982628,100844.864923626,82398.9210581328,68471.1658156575,58032.8154363149,50223.1992504596,44355.7912195137,39903.9216405563,36477.4410866082,33796.7530679393,31667.4341724752,29956.9790732589,28574.5801195443,27454.6902578203,26544.947536053,25798.65058814,25171.4209990869,24621.1567372414,24110.0435042174,23607.3252890271,23091.71915099,22552.7081795588,21990.3589258273,21413.6964978968,20837.97030702,20281.3244747081,19761.4439683495,19292.6956569186,18884.1508644332,18538.6971723489,18253.2571060809,18019.9606649374,17827.9909011503,17665.7515824523,17522.9988820249,17392.6319511862,17271.9397385869,17163.2375462775,17073.9771716897,17016.5587422079,17008.1917366276,17071.232141695,17234.4520744907,17535.6720733241,18026.1019285183,18776.5899951683,19885.7652804503,21489.75545215,23772.7542993919,26977.1702560573,31411.4029086714,37452.4925651419,45540.0597595273,56157.2826237453,69794.4502967476,86891.2882694889,107756.243822587,132464.662072259,160743.46100782,191857.247098439,224518.807065607,256853.680007553,286451.298738311,310530.723571277,326234.333799495,331036.693688125,323220.136459862,302330.072587366,269493.413751083,227478.140695107,180405.389618779,133103.844386261,90209.5920365529,55230.7664348008,29864.0191167023,13815.6742216274,5219.9035533454,1498.69748160308,289.789603022568,30.0938443217837,1.01002783236149,0.0021697532780704,0
0,742.268082220215,14272.6470457393,63698.8271499376,156017.367653705,274734.098037285,392352.547445909,484691.229847096,538390.070705844,551502.588901269,530231.633255105,484725.200672223,425632.05915,361991.691622668,300353.674905871,244749.549319578,197121.872684727,157909.918739071,126609.261597145,102219.899220691,83562.050053888,69473.4971227886,58916.0305581821,51019.8034767675,45089.7391612604,40591.5610506585,37128.760284187,34416.8989113301,32258.4053793976,30519.3245011214,29108.8829447628,27962.6282758743,27029.793547249,26265.1931687935,25625.4067640004,25068.4444448916,24555.6974166457,24054.8582654271,23542.6376161648,23006.4309367022,22444.4996906359,21864.6319669277,21281.5715378393,20713.7131289533,20179.644925961,19695.0880385744,19270.662665765,18910.7358903699,18613.4119844335,18371.5452471066,18174.5134773849,18010.4043333963,17868.2449054317,17739.9457749685,17621.725761996,17514.917396095,17426.2066830511,17367.5130890726,17355.8468182285,17413.5735984084,17569.5602069336,17861.6595967293,18340.9187177222,19077.7509850192,20170.1008311468,21753.3246295825,24011.097786198,27186.1073619058,31588.5902446182,37599.9497472785,45667.8134993487,56288.1628259656,69969.8666868193,87177.5063529439,108250.266535092,133298.345545442,162084.037866369,193902.147140309,227482.754533231,260946.730137467,291847.928347881,317332.34044187,334430.388066543,340472.381668671,333580.543066285,313150.341272109,280201.121140674,237467.097179601,189130.449997531,140176.506705364,95468.1557791079,58760.8874596619,31958.0619040643,14880.3494852389,5663.50011306151,1639.93771739723,320.350725629162,33.6989892952807,1.15131345477718,0.00254776455514993,0
0,748.849676348163,14402.537044806,64288.9347873456,157485.493472029,277357.770076825,396154.007722434,489456.338305578,543763.880633921,557097.11552555,535706.726704174,489830.650974957,430216.340068707,365989.487817614,303764.078336817,247613.391261386,199502.747307356,159880.397274706,128241.961323439,103582.287910428,84713.7683300894,70465.2170601331,59789.1937305317,51806.8671329067,45814.7620955468,41271.0804436136,37772.957876089,35031.0399182764,32844.4724581454,31077.6908521699,29639.8123740856,28467.3888790563,27511.2355478522,26727.7518496988,26074.6119762858,25510.1123546484,24995.0252670876,24495.6346201038,23986.7292515093,23453.6315595427,22892.7445160265,22310.5122190712,21721.0349661874,21142.8154803981,20595.2223736631,20095.2470572092,19655.0243753863,19280.418073571,18970.7758201716,18719.7687688392,18517.0754460794,18350.5686086751,18208.6268461539,18082.2211221859,17966.5128892639,17861.8308262138,17774.0487931247,17714.547009909,17700.0806587222,17752.9866378959,17902.2160175985,18185.6777293255,18654.3126944558,19378.1821956689,20454.6417493194,22018.3671510018,24252.5802782254,27400.2633928914,31773.4368619648,37757.7233223758,45808.5106274299,56434.2311980187,70161.8927456871,87480.4448860304,108759.351955151,134143.349138829,163430.073494386,195944.923646939,230436.225273464,265021.721747878,297221.725701984,324111.409583599,342611.228899201,349908.36338308,343964.563653391,324023.099010658,290991.604829818,247565.119371477,197981.418155815,147378.573138357,100845.366784059,62387.3716099126,34120.3660402509,15986.1267393193,6127.29376795476,1788.76325867535,352.858309985855,37.5801095122639,1.30597799307859,0.00297337694170772,0
0,755.397645386734,14531.7087331409,64875.654786571,158944.931023145,279965.492226566,399931.755981973,494190.920996987,549102.244346052,562653.516068756,541143.149154174,494898.663589764,434765.742739471,369955.83035552,307146.886083898,250453.545085427,201863.57267004,161833.963558144,129860.252057345,104932.11155172,85854.1771023931,71446.438246601,60652.4072307497,52584.4544490472,46530.8603817891,41942.3998550779,38409.8719628777,35638.9475623041,33425.3704486658,31631.8159352403,30167.1488075829,28968.8266786003,27989.218740705,27186.360011049,26519.1376365418,25946.2948948483,25428.1542247694,24929.7351685886,24423.9983299007,23894.2216577962,23334.9125042901,22751.0793805979,22156.0530790119,21568.3081503139,21007.8712058917,20492.914710282,20037.044260496,19647.6253422379,19325.2983407738,19064.6332837781,18855.7082491449,18686.2794238087,18544.1589961702,18419.4325279026,18306.2246134702,18203.8476058334,18117.324627745,18057.4435338112,18040.650947493,18089.2150184297,18232.1562251222,18507.4563515932,18965.9996541049,19677.5714761801,20739.029826852,22284.46003002,24496.6992129742,27619.0503170229,31965.2772049289,37925.0963004351,45961.4298645806,56594.8308472287,70370.0228560274,87799.8459737849,109283.580557065,135000.153935209,164782.454681564,197986.785863248,233380.552386126,269079.784496515,302573.172003438,330867.245289069,350774.492475413,359340.203030612,354365.533447734,334939.628944716,301854.643669848,257761.34692155,206947.824443234,154700.935027601,106334.155402499,66105.4166949028,36348.1624932443,17131.7174298756,6610.8442859056,1945.08719774621,387.312936224106,41.7412213421336,1.47447177834788,0.00344968812293489,0
0,761.913241534178,14660.1878348118,65459.1007623675,160395.953652802,282557.735820728,403686.451998416,498895.780472152,554406.044971691,568172.690383188,546541.759487231,499930.008826876,439280.914626152,373891.226200116,310502.465625299,253270.257552927,204204.506746466,163770.72436831,131464.224121047,106269.468533463,86983.3926471247,72417.2891776525,61505.7934433116,53352.6563429444,47238.0682714821,42605.4790411076,39039.3830157095,36240.434016212,34000.8689440795,32181.4624272276,30690.6861331193,29466.7990270027,28463.6832206517,27641.0426446563,26959.0783574426,26377.1270105756,25855.2224395597,25357.2637357215,24854.4835120453,24328.1559607951,23770.8705441894,23186.1233468161,22586.3616649413,21989.903129834,21417.3118021537,20887.8483841791,20416.5373317009,20012.2401763553,19676.9277801227,19406.1406672632,19190.4476646345,19017.5828898238,18874.8745053876,18751.5808560999,18640.8168201519,18540.8738020678,18455.8930835303,18396.0227194098,18377.3500824209,18422.034202673,18559.1465263698,18826.752695191,19275.7227237709,19975.6356774629,21022.9388311815,22551.2157072876,24742.9902025783,27841.9189043346,32163.4815209126,38101.3794405316,46125.8634190352,56769.2972748559,70593.7160863787,88135.3835027064,109822.929456741,135869.104989486,166141.908334618,200028.775496076,236316.917194377,273121.940687189,307902.715317176,337599.227789712,358917.992842996,368763.749119432,364777.151257598,345891.610083945,312780.386007201,268045.20580852,216019.362962115,162134.515011042,111927.37373658,69910.0799945429,38638.5331356159,18315.7157755845,7113.64143007602,2108.79215315055,423.706471786912,46.1850270146614,1.65718310794701,0.00397964915902458,0
0,768.397676244016,14787.9992421397,66039.3832098655,161838.828606109,285134.964094265,407418.747530634,503571.713567925,559676.16410125,573655.542498042,551903.427738887,504925.475897332,443762.529704454,377796.215057118,313831.220808029,256063.812069234,206525.741126621,165690.814667914,133053.989705103,107594.473648571,88101.544521794,73377.9117227221,62349.4914827227,54111.5862857801,47936.4493898054,43260.3131270622,39661.4102959874,36835.3498479839,34570.771333771,32726.4186132593,31210.2335822249,29961.1683482052,28934.5660130597,28091.8173752283,27394.521836426,26802.7418581631,26276.3750701928,25778.341938981,25278.252023835,24755.426616691,24200.5284115036,23615.4781960224,23011.7378056224,22407.3473334602,21823.2908677816,21279.8225099887,20793.3272354755,20374.1474628521,20025.6115911856,19744.2921719559,19521.3320912777,19344.5333249728,19200.8215986052,19078.6890182755,18970.2734440795,18872.84777153,18789.6474438863,18730.1390357317,18710.0032965559,18751.250073703,18882.980656481,19143.3504771778,19583.2513433023,20272.1193523003,21306.0729337928,22818.2803679251,24991.0255414559,28068.3578364501,32367.4560484169,38285.9130011133,46301.1207234094,56956.9643857471,70832.4045312375,88486.6735436529,110377.284194546,136750.423338492,167509.012110289,202071.774052932,239246.351344985,277149.10059659,313210.758528945,344306.784699411,367039.699458165,378175.112387278,375193.463133891,356871.112002634,323759.359195488,278406.433577514,225185.929862204,169670.312498691,117617.840786201,73796.3162451465,40988.4375634952,19536.6141898504,7635.11178393031,2279.73235632809,462.022414493453,50.9129206010719,1.8544351582747,0.00456603149370631,0
0,774.852118999444,14915.1670005099,66616.6093819171,163273.816595448,287697.631220928,411129.284696252,508219.509084436,564913.478782297,579102.976951551,557229.030795977,509885.868075105,448211.283306035,381671.364236675,317133.587118727,258834.524700434,208827.497959509,167594.395433319,134629.681330157,108907.256781615,89208.7740298914,74328.4589947806,63183.6542728349,54861.3766330053,48626.0926005163,43906.9284751188,40275.9082754671,37423.5814915906,35134.9136407218,33266.4986310459,31725.6171177103,30451.8041456792,29401.8030290313,28538.6956828439,27825.5488028625,27223.269182036,26691.7610973405,26193.1047357586,25695.39445968,25176.0578906937,24623.8339958192,24039.0184602097,23431.9975034976,22820.4216525506,22225.5817403588,21668.6297527049,21167.2478327107,20733.2359362379,20371.2972765527,20079.0883049192,19848.4013049975,19667.1909146173,19522.0603351484,19400.7981546269,19294.6024533248,19199.736316138,19118.5119982431,19059.6786138292,19038.4665697445,19076.6974035577,19203.4792171555,19457.0588509289,19888.3801223707,20566.7933781511,21588.1650750881,23085.3321619632,25240.4125316204,28297.8925008018,32576.6427218656,38478.0678249159,46486.5313355953,57157.1695339392,71085.5006366672,88853.2838037712,110946.449778134,137644.217651744,168884.205240738,204116.511060626,242169.740531937,281162.060095549,318497.650031894,350989.375208607,375137.716951103,387570.644836823,385608.845539259,367870.587191903,334782.475031207,288835.099288184,234437.655949235,177299.443969711,123398.383637113,77759.0131943716,43394.7388542864,20792.8185305421,8174.62575825943,2457.73592212868,502.236316420735,55.9250106293717,2.06648392917991,0.00521139732880388,0
0,781.277696695013,15041.714303044,67190.8832131844,164701.171487622,290246.181564659,414818.694652345,512839.945849084,570118.858967235,584515.895626023,562519.44863105,514811.998399622,452627.887464338,385517.26393243,320410.027250894,261582.740356608,211110.026955217,169481.651487139,136191.450320227,110207.961678949,90305.2328800349,75269.0935338821,64008.4460304913,55602.1753888734,49307.1082546812,44545.3788072165,40882.8631257578,38005.0485812019,35693.1630425635,33801.5422892126,32236.6803853698,30938.5846727011,29865.3308728501,28981.684223036,28252.2333148908,27638.834250296,27101.5308214222,26601.6966756633,26106.0202039439,25590.1013059421,25040.768740001,24456.6553661385,23846.9930672517,23228.9396178376,22623.9842420296,22054.0817743796,21538.1444605887,21089.3994704717,20713.9332655659,20410.5289404077,20171.695603483,19985.6198523016,19838.6598726373,19717.9642738301,19613.8321912406,19521.5310628477,19442.4387436933,19384.5564562925,19362.6244092553,19398.2381469529,19520.4883302245,19767.7112156275,20190.9276049089,20859.4535309086,21868.9752991233,23352.079374184,25490.7916900841,28530.0835535641,32790.5184945783,38677.2458704552,46681.4471161666,57369.2577042183,71352.4035833692,89234.7421547121,111530.160951773,138550.495416276,170267.799365583,206163.572905017,245087.8295329,285161.500241067,323763.676857944,357646.476847915,383210.26709647,396946.920057866,396017.988390485,378882.861578755,345841.031682526,299321.618689511,243764.933970922,185013.17824114,129261.874633589,81793.0245259071,45854.2280179018,22082.6629714227,8731.50465409328,2642.60724905447,544.316274251464,61.2201575943931,2.2935171893223,0.00591807383889442,0
0,787.675493529836,15167.6634936045,67762.3052843146,166121.140094684,292781.049118667,418487.596548491,517433.791125796,575293.165365981,589895.1950367,567775.561025663,519704.685878225,457013.066734956,389334.52290746,323661.026976058,264308.829161209,213373.602468609,171352.789348143,137739.465285785,111496.744779066,91391.0819987858,76199.9857534007,64824.0401035524,56334.1433692881,49979.6248135971,45175.7416055249,41482.2893298502,38579.7012231233,36245.4161573133,34331.4145291811,32743.2852710348,31421.3982660325,30325.0884591553,29420.7861636539,28674.6433001703,28049.5572369189,27505.8339464861,27004.2687898137,26510.2534442975,25997.6312461114,25451.3433520848,24868.3331356611,24256.6103570378,23632.7457689763,23018.3241559018,22436.0096181436,21905.87488782,21442.5381960861,21053.4697828915,20738.6135953929,20491.2552617145,20299.8868944285,20150.6961880973,20030.2553325741,19928.0080875595,19838.2451056261,19761.4042274558,19704.7136738032,19682.387569607,19715.7596233715,19833.8781678293,20075.1639228127,20490.734969379,21149.9190338221,22148.2890853885,23618.2585806017,25741.8348910732,28764.5253221216,33008.5943679676,38882.8802908919,46885.2437877181,57592.5849283926,71632.5048053855,89630.5442790716,112128.091682064,139469.173579725,171659.989220962,208213.412070193,248001.228280181,289147.988535738,329009.05997263,364277.574619036,391255.672921723,406300.714944662,406415.878267375,389901.123658489,356926.712638714,309856.76513158,253158.44097547,192802.966922238,135201.264557625,85893.2000302547,48363.6469540837,23404.4243236256,9305.02767012927,2834.12949888464,588.22347189392,66.7960244565756,2.53565436936592,0.00668813155584413,0
0,794.046551326104,15293.0360767403,68330.972820079,167533.962053992,295302.657108122,422136.596719657,522001.799330542,580437.247659911,595241.764028001,572998.244736731,524564.752148231,461367.554461346,393123.76457318,326887.091321065,267013.183021268,215618.520684391,173208.035113865,139273.910619324,112773.774088284,92466.4904647593,77121.3126046602,65630.6171168034,57057.451725926,50643.7858290658,45798.1148007583,42074.2264541763,39147.517266359,36791.5971652893,34856.0045972721,33245.3121092315,31900.1443567416,30781.0184153456,29856.002477863,29092.8412532756,28455.5529515877,27904.8181567106,27400.9760452276,26908.2297384698,26398.7410201027,25855.5938272674,25274.0254123617,24660.7659733545,24031.7138170133,23408.4524001188,22814.263762905,22270.3099824175,21792.559429735,21389.8596677175,21063.3418074641,20807.1202297627,20610.060263491,20458.2502056466,20337.7487259843,20237.1897351288,20149.9099306494,20075.4065708404,20020.1148017201,19997.6907686013,20029.1726410855,20143.5414041715,20379.2949143981,20787.6646901759,21438.0311020438,22425.9156992845,23883.6328208295,25993.2434853209,29000.8441056483,33230.414202233,39094.4351493311,47097.3219727191,57826.5210309031,71925.1927248109,90040.1604867848,112739.863867828,140400.088601508,173060.863067709,210266.356589695,250910.418719753,293121.981574512,334233.951460382,370882.152278798,399272.344852097,415628.992863472,416797.782017256,400918.912624829,368031.583162211,320431.676707568,262609.156154699,200660.470315639,141209.611901484,90054.4129640835,50919.7097814731,24756.3356688157,9894.43875870882,3032.06710990696,633.912761714249,72.6491381357705,2.79294733192363,0.00752336711249186,0
0,800.391870195914,15417.8527333184,68896.979715904,168939.869784219,297811.417734194,425766.288088646,526544.71101668,585551.943036247,600556.481833635,578188.371062365,529393.018559169,465692.089455528,396885.623444138,330088.741049205,269696.2124086,217845.096920261,175047.632391109,140794.985009117,114039.228092602,93531.6345388748,78033.2564223853,66428.3633834504,57772.2797946862,51299.7472594331,46412.6137495062,42658.7361077416,39708.4996204129,37331.6558289363,35375.2249889848,33742.6595916169,32374.7341806554,31233.0682590183,30287.3331499651,29506.8850195887,28856.9308318626,28298.6280996746,27791.9752924982,27300.0930883613,26793.5393753547,26253.5777999311,25673.7318628527,25059.4044566803,24425.7446733369,23794.2439668795,23188.7138987215,22631.3341172281,22139.3784136362,21723.0591150802,21384.7135666131,21119.3300132981,20916.2088394576,20761.4062792519,20640.5291539453,20541.4483181819,20456.5726321147,20384.462700646,20330.7452355748,20308.4904444715,20338.4096073411,20449.3916272608,20680.0023222146,21081.5991821847,21723.6514998064,22701.6865781772,24147.9898087511,26244.7464295947,29238.6964213605,33455.5533718209,39311.4048479618,47317.1077967484,58070.451792329,72229.8567820973,90463.0417590414,113365.05529535,141343.0058828,174470.412768003,212322.619553529,253815.762242667,297083.828823618,339438.433340109,377459.685557848,407258.768766696,424928.888282086,427159.230928059,411930.105823956,379148.084678045,331037.860094739,272108.374588896,208577.579059601,147280.108372345,94271.5845971031,53519.1224517498,26136.5991970859,10498.9532498386,3236.16830307525,681.333271554409,78.7749599881506,3.06538193367608,0.00842529040348176,0
0,806.712409488173,15542.1333407221,69460.4165877751,170339.088505217,300307.732038971,429377.249750118,531063.252096463,590638.075005093,605840.216460137,583346.803766241,534190.303637124,469987.413062972,400620.741949242,333266.509439066,272358.343358013,220053.66306159,176871.840288405,142302.899978599,115293.29470099,94586.6967716801,78936.0039196165,67217.4695444626,58478.8132328402,51947.6750969938,47019.3684948438,43235.8991049632,40262.6736579928,37865.5654627269,35889.0102215763,34235.2444229601,32845.091216552,31681.1913512161,30714.7782652069,29916.8286109109,29253.7951257891,28687.4046994997,28177.4236377966,27685.9934717406,27182.1474366678,26645.3712317977,26067.4749853811,25452.4955500194,24814.7644067433,24175.5966864425,23559.2484710847,22988.8453419737,22482.9188701371,22053.0283210961,21702.729763138,21427.9236863995,21218.4015847974,21060.2509806089,20938.6868252789,20840.8643708267,20758.2934157585,20688.6058020269,20636.608812381,20614.7625883116,20643.4226602586,20751.3617427195,20977.2030547168,21372.4394472623,22006.6611240968,22975.4537658644,24411.1401981807,26496.0984518439,29477.7672343354,33683.617317996,39533.3133373245,47544.0531340403,58323.7806121244,72545.8908385982,90898.6250800665,114003.206869627,142297.628562737,175888.543443112,214382.308542563,256717.507502257,301033.777301892,344622.517767232,384009.637097243,415213.495823803,434197.692838619,437496.005594741,422928.905805156,390269.027488156,341667.191533651,281647.717305905,216546.431826739,153406.100807756,98539.7059924359,56158.6006040218,27543.3981715701,11117.7641777892,3446.16754577512,730.429025762177,85.1679632950921,3.35288028588982,0.00939511610331012,0
0,813.009088955719,15665.8969966238,70021.3708410363,171731.836310867,302791.989872671,432970.046710653,535558.133267844,595696.452464424,611093.823356529,588474.397322303,538957.420894901,474254.266581187,404329.767578441,336420.939351936,275000.01468475,222244.565137911,178680.931482901,143797.878459553,116536.17021855,95631.8651736805,79829.7453062927,67998.1294025923,59177.2424113805,52587.7432810434,47618.5212994841,43805.8128408256,40810.0847307302,38393.320896269,36397.3154846589,34723.0007703576,33311.1513833084,32125.347634329,31138.338966502,30322.7230113995,29646.2452056219,29071.2847324432,28557.4771749231,28066.0847808395,27564.6960411732,27031.0654318498,26455.2971455925,25840.0315635036,25198.7221791246,24552.4298685527,23925.7740392417,23342.7553520936,22823.1133822053,22379.7320221978,22017.3926233163,21732.9399949841,21516.7071551194,21354.8721453272,21232.3159609807,21135.5258399541,21055.143379705,20987.8829975232,20937.7255547613,20916.500676664,20944.181850182,21049.4023957261,21270.8313922316,21660.1037382934,22286.9586258908,23247.0884049005,24672.915915462,26747.0782708295,29717.768200461,33914.2400411456,39759.7131616992,47777.6355625465,58585.9297441432,72872.6960236326,91346.3381175546,114653.829158763,143263.605681294,177315.082664324,216445.434886493,259615.798457439,304971.976959974,349786.148396563,390531.452892489,423135.133904054,443432.842800409,447804.121562991,433909.827192596,401387.582152449,352311.915351961,291219.138054873,224559.429405493,159581.10970995,102853.857104606,58834.8856506277,28974.9079678331,11750.0482590424,3661.78794329976,781.139569661956,91.8217158816524,3.65530361432326,0.010433759379847,0
0,819.282790090476,15789.162045467,70579.9267541267,173118.324285186,305264.569946413,436545.229761665,540030.049618446,600727.86898134,616318.14433591,593571.99544443,543695.176953789,478493.389002136,408013.350342916,339552.58057617,277621.675420155,224418.161048284,180475.190372212,145280.153407286,117768.058350206,96667.3324386013,80714.6735105479,68770.5389222997,59867.7610316773,53220.1318706455,48210.2244372809,44368.5888806113,41350.7958178813,38914.9364654555,36900.1152119652,35205.8795481596,33772.863028367,32565.5041691226,31558.0182702849,30724.6169438056,30034.3759647675,29450.4006069499,28932.2900189053,28440.5231183153,27941.3234364915,27410.7643960615,26837.2578490821,26222.024869128,25577.5882001979,24924.6828661833,24288.2144897307,23692.9892847162,23159.9036143649,22703.1399250035,22328.7061125179,22034.4175172063,21811.1936540078,21645.358134678,21521.5135586341,21425.5264244439,21347.202557142,21282.3532498783,21234.1295869139,21213.7137213111,21240.673391346,21343.4804317428,21560.8376081479,21944.5262535821,22564.459077549,23516.47929342,24933.1685671113,26997.4868837334,29958.4359450373,34147.0825669586,39990.1843873003,48017.3580865328,58856.3411706206,73209.6830930934,91805.6033113007,115316.408292547,144240.5397193,178749.789145352,218511.922663045,262510.682507064,308898.486577086,354929.202699969,397024.560044413,431022.340516123,452631.907844193,458079.815800335,444867.683559929,412497.269834933,362964.640404706,300814.927177423,232609.245493065,165798.844627118,107209.223309191,61544.7591157177,30429.3061591047,12394.9714835212,3882.74353343867,833.400588182878,98.7289661080578,3.97245561778905,0.0115418355574782,0
0,825.534357581652,15911.9461069046,71136.1655737943,174498.7566531,307725.839955592,440103.335464347,544479.680381336,605733.102260898,621514.006717874,598640.429868596,548404.369944892,482705.51504973,411672.140526452,342661.987435115,280223.782461808,226574.818439798,182254.911319663,146749.966465463,118989.169236923,97693.2952126107,81590.9834858874,69534.8953708725,60550.5649383755,53845.025451773,48794.6382266843,44924.3507615555,41884.8853211363,39430.4440590614,37397.4016109976,35683.8475771722,34230.1867395575,33001.6354889846,31973.8217408279,31122.5575754198,30418.2782601468,29824.8802991546,29302.0135889356,28809.465403609,28312.1733076025,27784.5824497498,27213.4312524301,26598.5055444917,25951.3517327718,25292.3135992863,24646.5101418989,24039.4853710237,23493.2403908457,23023.227028407,22636.6762921031,22332.3948543246,22101.9284970218,21931.7972747298,21806.3783821761,21710.9641618415,21634.5582020792,21572.0854810889,21525.8672251812,21506.4244468577,21532.897998843,21633.5774118488,21847.1866298194,22225.6558716976,22839.0926928322,23783.5315108116,25191.7679275318,27247.1459308844,30199.5303936869,34381.8314133472,40224.3334517167,48262.7486762463,59134.4771725919,73556.2743609341,92275.8414271431,115990.411258386,145227.993533532,180192.360917752,220581.617374649,265402.118602552,312813.280018227,360051.495052607,403488.365628417,438873.817010009,461792.581074997,468319.534017191,455797.574451905,423591.951872885,373618.334768094,310427.712937299,240688.834524267,172053.21662181,111601.109500705,64285.0552727122,31904.7816383039,13051.694292955,4108.74146462916,887.144510679315,105.88173063009,4.30408622592414,0.0127196634180692,0
0,831.764600858464,16034.2661055478,71690.1656187774,175873.330958348,310176.15676063,443644.88622801,548907.688819767,610712.913776627,626682.222663552,603680.519357818,553085.788160289,486891.373484982,415306.786705737,345749.716643946,282806.798432105,228714.912740846,184020.396999278,148207.566687347,120199.718527242,98709.9534048807,82458.8715908648,70291.3965797257,61225.8511033617,54462.6117546263,49371.9292885397,45473.232000111,42412.4450130526,39939.891241666,37889.1831812028,36156.8866524352,34683.0950109349,33433.7237915014,32385.7580275976,31516.5911507762,30798.039370904,30194.8474031021,29666.7960948411,29173.0682461866,28677.3930979503,28152.6421720206,27583.903908434,26969.5191768901,26320.0191723111,25655.2970695796,25000.6167776167,24382.1944724495,23823.0836487654,23339.9738430749,22941.3116218546,22626.910831751,22388.9783557778,22214.2774394167,22087.0101439615,21991.9402341656,21917.3032976951,21857.1568965491,21812.995241213,21794.6676014914,21820.8693209329,21919.6881943173,22129.8567497394,22503.4549345511,23110.8036041591,24048.1651147475,25448.6005094007,27495.8961432668,30440.8331674307,34618.1970788335,40461.7919658372,48513.3596665401,59419.8206474596,73911.9052590347,92756.4746301286,116675.290638279,146225.496710193,181642.442981624,222654.294254701,268289.98524589,316716.252716127,365152.78042127,409922.256507458,446688.303946874,470912.670192337,478519.9188385,466694.872664805,434665.818789765,384266.318989409,320050.46064532,248791.436851158,178338.348071964,116024.951911258,67052.6721463831,33399.5427845971,13719.3763307931,4339.48404281613,942.301095283789,113.271382494107,4.64989566046872,0.0139672717797857,0
0,837.974295684814,16156.1383014782,72242.0023893789,177242.238261963,312615.866613457,447170.390465357,553314.722220583,615668.048539561,631823.588677903,608693.068902921,557740.208926597,491051.685652887,418917.934017719,348816.325399927,285371.189737476,230838.825348565,185771.956844825,149653.209319122,121399.926487127,99717.5095365617,83318.5350306932,71040.2403081105,61893.8167584319,55073.0804584164,49942.2690101465,46015.374295862,42933.5781421026,40443.3394681563,38375.483245705,36624.9925495122,35131.5717911963,33861.7589882551,32793.8392739157,31906.7635442108,31173.7434517705,30560.421262396,30026.7821874947,29531.4870461033,29037.132591402,28515.0725799404,27948.7727369039,27335.124833107,26683.6122179851,26013.623891377,25350.5046228994,24721.0795258475,24149.4022843302,23653.366516017,23242.6232039647,22918.0046952773,22672.4091584169,22492.8857486956,22363.5088492355,22268.5579658103,22195.5352661516,22137.6515008409,22095.5792922102,22078.4884022204,22104.612472678,22201.8195905153,22408.8383947394,22777.8980844206,23379.5487001744,24310.3139105995,25703.5682174591,27743.595875748,30682.1460499011,34855.9125680059,40702.2154933207,48768.7670495286,59711.8752176937,74276.0255752256,93246.9291271517,117370.488830101,147232.551363803,183099.63443243,224729.666169073,271174.088297737,320607.228262142,370232.758507489,416325.599928806,454464.577480807,479990.089707529,488677.798809487,477555.21186991,445713.378939041,394902.258162555,329676.469890624,256910.581574791,184648.580049958,120476.327812898,69844.5809603497,34911.8246961046,14397.1807572644,4574.67063644046,998.79798738776,120.888738311412,5.00953871003516,0.0152844089623042,0
0,844.164185778575,16277.5783210622,72791.7486807339,178605.663355695,315045.305419608,450680.342810167,557701.411978252,620599.23498512,636938.88525649,613678.869094711,562368.397675781,495187.16424677,422506.222652842,351862.369690245,287917.424819069,232946.941967924,187509.905605378,151087.154649759,122590.017151075,100716.16812644,84170.1713525058,71781.6236943101,62554.6586569518,55676.6221626001,50505.8321976,46550.9259213254,43448.3976937547,40940.8624002967,38856.338516582,37088.1739949509,35575.6119407017,34285.7386335814,33198.0814076078,32293.120730028,31545.4719655208,30921.7171565232,30382.1127394094,29884.8752864901,29391.5427235095,28872.007549358,28308.1432093817,27695.3931955633,27042.1661468922,26367.2988581319,25696.157304871,25056.1149202068,24472.1739095395,23963.3968694526,23540.6249678726,23205.716291861,22952.2861275102,22767.7083573109,22635.9742764376,22540.9219883452,22469.3548589617,22413.658790417,22373.6925102733,22357.9411127632,22384.1626736169,22479.9891002351,22684.1329585679,23048.9711588735,23645.2965253974,24569.9242931204,25956.5870850055,27990.119726863,30923.2895315805,35094.7319654362,40945.282327416,49028.5696903888,60010.16516854,74648.10041377,93746.6374254343,118075.441795183,148248.637410898,184563.495071508,226807.39108982,274054.168535807,324485.965008412,375291.078216294,422697.744759652,462201.446616136,489022.854114358,498790.178206296,488374.474640942,456729.446935894,405520.153067371,339299.370162846,265040.087313967,190978.47752053,124950.963272004,72657.8341217155,36439.8955214854,15084.2781309849,4813.99943279218,1056.56124802491,128.724143437903,5.38262913545004,0.0166705547305196,0
0,850.3349844329,16398.6011876851,73339.4746979284,179963.78498555,317464.799027159,454175.224384727,562068.373753669,625507.184959524,642028.876656445,618638.695645625,566971.10719028,499298.512267515,426072.286553876,354888.402801449,290445.972584748,235039.651098363,189234.562008175,152509.666930629,123770.21751708,101706.135112332,85013.9779877807,72515.7427818232,63208.5724472561,56273.4275053347,51062.7958989409,47080.0402857579,43957.0248042607,41432.5443318867,39331.7977092081,37546.4516225188,36015.2206203607,34705.6677522072,33598.5043257272,32675.7091715049,31913.3040839354,31278.8465207474,30732.9247270948,30233.3839866977,29740.7745928159,29223.5844494392,28662.12773421,28050.4048619138,27395.7281986415,26716.3395597307,26037.5708035274,25387.2858248203,24791.3845359156,24270.0623640302,23835.3337976742,23490.0862279238,23228.6738405689,23038.8303136769,22904.5055700491,22809.1375491627,22738.8652077918,22685.2726078946,22647.4142412662,22633.0877499504,22659.5639896215,22754.2237291405,22955.7517011897,23316.6701460377,23908.0262426453,24826.9541593742,26207.5860913371,28235.3572444053,31164.101433533,35334.429066035,41190.6922805355,49292.3884902541,60314.2352471348,75027.610917489,94255.0402492921,118789.582372415,149273.217349255,186033.551513065,228887.079127583,276929.908917215,328352.162599899,380327.342338626,429038.023231614,469897.751213437,498009.071916395,508854.227612995,499148.780927185,467709.132007175,416114.330581511,348913.115123566,273174.061177552,197322.832590412,129444.739125667,75489.5718419519,37982.0619317732,15779.8498650188,5057.169042305,1115.51584901626,136.767554262708,5.76874413081808,0.0181249343055992,0
0,856.487376121062,16519.2213520952,73885.2481714316,181316.776081388,319874.663535004,457655.503106008,566416.207693813,630392.593789581,647094.31077356,623573.309041134,571549.077001606,503386.422156772,429616.752301065,357894.974014739,292957.301011594,237117.342662633,190946.2475281,153921.01336694,124940.756787562,102687.617307717,85850.1518368441,73242.7921100987,63855.752142749,56863.6864117025,51613.3383814266,47602.8746604933,44459.5873217752,41918.4787257736,39801.9202172992,37999.8569330661,36450.4126328098,35121.5585844073,33995.1319860652,33054.5761324587,32277.3170506725,31631.9171832499,31079.3511915367,30577.1612888136,30084.9786454855,29569.9429687204,29010.8442272956,28400.2488025564,27744.3560738382,27060.7750616004,26374.7524141539,25714.5874861751,25107.0282005176,24573.3659967328,24126.769605548,23771.1560009652,23501.6363018139,23306.3354719689,23169.2009258315,23073.3099432045,23004.1710167603,22952.5901427192,22916.8289226587,22903.996912858,22930.8681771091,23024.5588890567,23223.7147164882,23581.0002014196,24167.7266580558,25081.3718912221,26456.5060576228,28479.211714905,31404.4356112397,35574.796067076,41438.1654983224,49559.8655157179,60623.6503505776,75414.054785994,94771.5881537814,119512.343196954,150305.740573874,187509.302804339,230968.299116918,279800.941510051,332205.468369569,385341.112351271,435345.753078755,477552.360627566,506946.94041718,518867.275220141,509874.476998173,478647.826366533,426679.433546685,358511.975759768,281306.896187434,203676.66603199,133953.695348217,78337.0274974355,39536.6737802359,16483.09127056,5303.87995023421,1175.58613271401,145.008616879593,6.16742877407449,0.0196465340400525,0
0,862.622018070017,16639.4527221042,74429.134471585,182664.803989168,322275.205614085,461121.63402114,570745.49870019,635256.140421662,652135.91910957,628483.454303358,576103.032923596,507451.57508497,433140.238165471,360882.627471725,295451.875907758,239180.406771532,192645.28526186,155321.463181923,126101.865657839,103660.821893373,86678.8888914453,73962.9643611188,64496.3896756686,57447.5874560022,52157.638247216,48119.5890531662,44956.2185079617,42398.7668633783,40266.7748569816,38448.4312724696,36881.2117335223,35533.4302657586,34387.9924181886,33429.7699167979,32637.5865025498,31981.0336071989,31421.5212573705,30916.3521539796,30424.3040091606,29911.2241116365,29354.4148534753,28745.0209686641,28088.1165471426,27400.6446533514,26707.7197330403,26038.0245083024,25419.1065480505,24873.316143652,24414.9553557821,24048.9681025049,23771.2370167724,23570.3064436603,23430.1573512269,23333.5440492974,23265.3778787183,23215.711063416,23182.0250893838,23170.7427277973,23198.1336263162,23291.0373803073,23488.0499686991,23841.9747264442,24424.3953078305,25333.1554051724,26703.2986181578,28721.5990342416,31644.1607377383,35815.6423249549,41687.4413069471,49830.6631107054,60937.9951262632,75806.9466202143,95295.7428701371,120243.159259352,151345.647260822,188990.225578522,233050.584755236,282666.85406947,336045.483542919,390331.913252736,441620.239967643,485164.172871638,515834.741183927,528826.798796295,520548.124873077,489541.193701343,437210.410246295,368090.532627439,289433.267379195,210035.227290891,138474.033971732,81197.5318347823,41102.128002477,17193.214205548,5553.83581756779,1236.69623504636,153.436741573816,6.57820040961709,0.021234118370293,0
0,868.739541790987,16759.3086914498,74971.1967211311,184008.030703042,324666.722836222,464574.059664076,575056.81673557,640098.487617479,657154.416815536,633369.860851242,580633.686703369,511494.640376545,436643.353313558,363851.901195864,297930.159822363,241229.232617493,194331.998903926,156711.286753739,127253.775653082,104625.955943808,87500.3838922009,74676.4500545528,65130.6745232282,58025.3173240435,52695.8736728317,48630.3452183094,45447.0558722504,42873.5166053383,40726.438685401,38892.2248390819,37307.6499268437,35941.3084568468,34777.1176663481,33801.3400425373,32994.1867481127,32326.2971287138,31759.5601949713,31251.098148343,30758.897954553,30247.5693458916,29692.9649234475,29084.8230421213,28427.0841933535,27735.996671903,27036.4996763182,26357.6101289566,25727.6283813636,25169.9263573785,24699.9170446736,24323.5660920488,24037.5390636564,23830.8245774663,23687.470486339,23589.9439548522,23522.5916995351,23474.7367673833,23443.094496709,23433.4039016279,23461.4243992953,23553.7084541253,23748.7923968406,24099.6145080666,24678.0376052762,25582.2912670415,26947.9252636082,28962.4466560689,31883.1591642397,36056.7931780547,41938.2770999196,50104.4630033002,61256.8735040822,76205.8181195506,95826.9784144451,120981.470138445,152392.371849505,190475.778762002,235133.440301125,285527.196242015,339871.769209484,395299.238366688,447860.780131145,492732.114211436,524670.836100813,538730.418281979,531166.492237902,500385.157840508,447702.50362921,377643.667370216,297548.126787618,216393.993173756,143002.120718027,84068.5161257485,42676.871811763,17909.4493486589,5806.74463499684,1298.77047131615,162.041172702865,7.0005529143583,0.0228862476839191,0
0,874.840554558116,16878.8021676682,75511.4959049767,185346.613094989,327049.504006039,468013.210426608,579350.717160054,644920.28219588,662150.502798993,638233.242443415,585141.735774766,515516.275056394,440126.697147259,366803.326255415,300392.61109224,243264.207489567,196006.711820484,158090.754824224,128396.718514155,105583.225988254,88314.8300183011,75383.4372853987,65758.7933963892,58597.0603629277,53228.2217589015,49135.3057921804,45932.2401303041,43342.8412602892,41180.9958970684,39331.2957294608,37729.7667594755,36345.2249365091,35162.5436759027,34169.3373573138,33347.1910041178,32667.8061843574,32093.5895128042,31581.5373015275,31088.9054657682,30579.1198825907,30026.6219316399,29419.7613180133,28761.3402232869,28066.8874017691,27361.1275393148,26673.3655018314,26032.6091910996,25463.2151281017,24981.6836418957,24594.994642999,24300.6051574023,24087.9699589685,23941.234473282,23842.6126547737,23775.9182159907,23729.7697350999,23700.1313493685,23692.0628755374,23720.8093575906,23812.6269522994,24005.9830855679,24353.9469181506,24928.6660462923,25828.773868634,27190.3564526482,29201.6926143658,32121.3258556504,36298.0888357885,42190.4472687283,50380.9654174647,61579.9081769061,76610.2181545549,96364.7819877638,121726.721939008,153445.346152974,191965.407858794,237216.345841946,288381.485389052,343683.852028886,400242.554056474,454066.663129792,500255.13910508,533453.663933969,548575.888955285,541726.542845696,511175.891657259,458151.240394306,387166.55367624,305646.697504578,222748.665398144,147534.485491852,86947.514374375,44259.4052458921,18631.0481213506,6062.31973534868,1361.73368484639,170.811053680553,7.43396080697957,0.0246012967677315,0
0,880.925640828551,16997.9455988652,76050.0909765697,186680.703140178,329423.829492341,471439.504937954,583627.741088774,649722.155311368,667124.859884061,643074.29719151,589627.863100676,519517.123503043,443590.858764993,369737.426054556,302839.683014505,245285.715902011,197669.746217016,159460.13777783,129530.92563216,106532.837605853,89122.4186073041,76084.1114989947,66380.9299828666,59162.998207206,53754.8579778105,49634.6335402046,46411.9142779534,43806.8585576367,41630.5367992417,39765.7090288603,38147.6086216874,36745.2171704455,35544.3101340181,34533.8141026221,33696.6715918131,33005.6565239143,32423.7270700228,31907.8040232269,31414.4689027032,30906.016072659,30355.5147210368,29749.9457099728,29090.9714250095,28393.3800533574,27681.6461017389,26985.3189930703,26334.0706737757,25753.2056167428,25260.2869989824,24863.2995622932,24560.4977037762,24341.8214231444,24191.5418637649,24091.6518123628,24025.4625944185,23980.9129766367,23953.2316266501,23946.8050713733,23976.3613741184,24067.8525205975,24259.6685002563,24605.0051708107,25176.2994711457,26072.6046634935,27430.5707882962,29439.284616223,32358.5673979282,36539.3833329133,42443.7421800443,50659.8881973881,61906.7400430388,77019.7127349925,96908.654692947,122478.368962732,154504.002124769,193458.548835779,239298.762143749,291229.212026144,347481.229647632,405161.304304831,460237.174675855,507732.230412712,542181.737336719,558361.095119159,552225.427389086,521909.806248348,468552.420032577,396654.647816259,313724.466977944,229095.167171877,152067.821876147,89832.1646756453,45848.2831220704,19357.284282104,6320.28067110384,1425.51155909806,179.73548688972,7.87788316814115,0.0263774735346478,0
0,886.995363599275,17116.7509993099,76587.0389604222,188010.448136596,331789.97155591,474853.350448132,587888.415764704,654504.722761291,672078.155015118,647893.707633127,594092.737092129,523497.817195391,447036.416530238,372654.715740076,305271.823134333,247294.138828605,199321.422394672,160819.70498856,130656.627531047,107474.995054503,89923.338903148,76778.6552990754,66997.264737118,59723.3094715999,54275.9557080121,50128.4907060513,46886.2227717937,44265.6897193296,42075.1568661212,40195.5359510176,38561.2280645197,37141.3278653481,35922.460274394,34894.8239338889,34042.700095745,33339.941405879,32750.0872015046,32230.0290658935,31735.7277410148,31228.3969046712,30679.7727618037,30075.4888686373,29416.0692051387,28715.5438187003,27998.1047822752,27293.5054986044,26632.0402461728,26039.9253676015,25535.7617304347,25128.5277861225,24817.2788421298,24592.4565746357,24438.483556582,24337.161571735,24271.3290987228,24228.2695594202,24202.4924937117,24197.7182227419,24228.1566235652,24319.4488920951,24509.8997836576,24852.8276355364,25420.9623801428,26313.7914587002,27668.554255243,29675.1792008883,32594.8010738776,36780.543547486,42697.9672009824,50940.9659503849,62237.0276219801,77433.884890467,97458.1120907112,123235.875138864,155567.774309464,194954.631632609,241380.135098981,294069.844880079,351263.375810259,410054.915122274,466371.599465451,515162.399810396,550853.640230185,568084.04426223,562660.474830097,532583.540420365,478902.103907771,406103.678887528,321777.179702216,235429.638954571,156598.985760747,92720.2098204994,47442.1164554509,20087.4552178002,6580.35396451503,1490.03089432045,188.803588449308,8.33176734677418,0.0282128377616704,0
0,893.050265697691,17235.2299738012,77122.3950504483,189335.990917852,334148.194671356,478255.143211159,592133.254941125,659268.58531487,677011.039495864,652692.140854973,598537.011593381,527458.97454125,450463.937735448,375555.701711926,307689.47263773,249289.85303487,200962.058090298,162169.724232192,131774.053397184,108409.900932649,90717.7778307216,77467.2482851935,67607.9747110711,60278.1695016254,54791.6858448094,50617.0384520671,47355.3108077669,44719.4586250866,42514.9558704416,40620.8530301273,38970.6831394619,37533.604517128,36297.0406547321,35252.4219032026,34385.347488348,33670.7517743576,33072.7808493373,32548.3395235567,32052.8183771061,31546.399590761,30999.5255314623,30396.5054036452,29736.7287243791,29033.4530029218,28310.5588447106,27597.9657873424,26926.5505626153,26323.406007135,25808.1450726662,25390.7273544123,25071.0104762901,24839.9518119103,24682.1487582291,24579.2404128438,24513.6208177735,24471.9422072509,24448.0117900606,24444.891783358,24476.2739455647,24567.4832362899,24756.7321111626,25097.4572036546,25662.6843006639,26552.3477596624,27904.2995145102,29909.3409611033,32829.9540038083,37021.4482803204,42952.9417729454,51223.9492127754,62570.4464528624,77852.3344784358,98012.6846150353,123998.715238613,156636.102002688,196453.083320079,243459.899789223,296902.835569292,355029.745154719,414922.798755885,472469.22397326,522544.688351162,559468.025500852,577742.861647395,573029.184169133,543193.950505009,489196.604442622,415509.638871267,329800.829434657,241748.433539835,161124.993226079,95609.4972368939,49039.5733954118,20820.882957428,6842.27373846311,1555.21985013702,198.004537847148,8.79505243428257,0.0301053196056712,0
0,899.090871004296,17353.3937407812,77656.2127038964,190657.470058333,336498.75584113,481645.268864854,596362.759269122,664014.329058191,681924.14925672,657470.24865788,602961.325923433,531401.200777042,453873.978350131,378440.881226723,310093.0658396,251273.230500445,202591.967894792,163510.461160742,132883.430654442,109337.755873125,91505.9197954753,78150.0669163474,68213.2334201955,60827.7501745049,55302.2164784289,51100.4363815207,47819.3236892972,45168.2910651908,42950.0370901237,41041.7413665404,39376.0367655368,37922.0989603718,36668.1009146019,35606.6644110807,34724.6842238544,33998.1764170509,33391.9156962569,32862.8588585684,32365.873987337,31860.1592287404,31314.9019853167,30713.1111999263,30053.0481211673,29347.1862289109,28619.0686565376,27898.7458739357,27217.6390405405,26603.6829346368,26077.4767256248,25649.9473669028,25321.754293726,25084.3823525368,24922.6249611756,24817.9850415744,24752.4394434481,24712.0329616047,24689.8875868289,24688.4164054928,24720.7942749936,24812.0255697658,25000.2241014996,25338.940705502,25901.4992029336,26788.2921648744,28137.8052518671,30141.7418228258,33063.9623474099,37261.9873934518,43208.4985338274,51508.6036419669,62906.6884832417,78274.6779323992,98571.9178657689,124766.375895414,157708.431144924,197953.330930384,245537.48418141,299727.622916621,358779.77768725,419764.357677412,478529.339172708,529878.16712427,568023.612963042,587335.785285245,583329.216633061,553738.100517754,499432.474465576,424868.772596206,337791.651054947,248048.110582863,165643.017793456,98497.9783509637,50639.3797314904,21556.9149331057,7105.78223656138,1621.00815573238,207.327622521228,9.26717249446707,0.032052737697939,0
0,905.117685606965,17471.253154191,78188.5437307487,191975.020070134,338841.90490027,485024.102804684,600577.416686359,668742.52575023,686818.105144495,662228.667756452,607366.304965555,535325.087929172,457267.08284299,381310.742084161,312483.02975796,253244.63792416,204211.462744401,164842.17883584,133984.984583046,110258.758267991,92287.9465066538,78827.2843980841,68813.2107402596,61372.2197436802,55807.712631146,51578.8421338587,48278.4062769131,45612.3140748141,43380.5065869718,41458.2859266192,39777.3561273949,38306.8669248589,37035.6935203516,35957.6091331381,35060.7803051529,34322.3021046908,33707.5962977429,33173.7069495772,32675.0244322154,32169.8085299204,31626.0301068034,31025.4228194825,30365.1278171762,29656.8257120684,28923.6990000202,28195.896423732,27505.3473987018,26880.7950097629,26343.7986814934,25906.2379236819,25569.5717736026,25325.8222576383,25159.9979354218,25053.4903085698,24987.8850917412,24948.6428972108,24928.2178051871,24928.3834817913,24961.8001338939,25053.1482241537,25240.4372795955,25577.3283755783,26137.4449618628,27021.6478076582,28369.0755765507,30372.360379556,33296.7705631999,37502.0610048918,43464.4824877932,51794.7092369758,63245.4614545094,78700.5479612542,99135.3727943273,125538.356451197,158784.215971907,199454.803982117,247612.312476787,302543.636905824,362512.90293635,424578.988335727,484551.243151768,537161.937971156,576519.187540263,596861.1612525,593558.388261125,564213.252668339,509606.496762369,434177.567687075,345746.112171797,254325.430685057,170150.38714373,101383.707446403,52240.3190182912,22294.924512836,7370.63024119224,1687.32728949553,216.76227753055,9.74755954224066,0.0340528166514055,0
0,911.131198887216,17588.8187240783,78719.4383785366,193288.771591413,341177.884810823,488392.010549588,604777.70280399,673453.733185722,691693.51322909,666968.020007032,611752.559297362,539231.214828598,460643.78406894,384165.762387076,314859.783765733,255204.436304588,205820.849479583,166165.137317544,135078.9379802,111173.10402313,93064.0368227876,79499.0705906867,69408.0728307376,61911.7427210569,56308.3360460956,52052.4110449017,48732.7025117024,46051.6553438164,43806.4725539163,41870.57489629,40174.7121068823,38687.9676038057,37399.873502744,36305.3149269544,35393.7053271783,34643.2137127943,34019.9242104354,33481.0001553024,32980.3961976972,32475.4776033772,31933.036528377,31333.5569803692,30673.0698984665,29962.4566015761,29224.5184349609,28489.4721915983,27789.7212114129,27154.7842410918,26607.1550444091,26159.650052948,25814.5241846511,25564.344454256,25394.3517298907,25285.8491514981,25220.0561603893,25181.8718848065,25163.0998889335,25164.8847441875,25199.3751797614,25290.9253671978,25477.4355882928,25812.6733629027,26370.5628622987,27252.4418419916,28598.1194669764,30601.1812776234,33528.3307219655,37741.5787368341,43720.7502214298,52082.0595888386,63586.4882889995,79129.5932092561,99702.6257965751,126314.169647023,159862.920443005,200956.9367221,249683.808132232,305350.302295269,366228.543789196,429366.084664044,490534.243601039,544395.134223246,584953.597625086,606317.439318879,603714.662866999,574616.858226609,519715.67386765,443432.744564681,353660.904566617,260577.349134981,174644.579396503,104264.840094141,53841.232365791,23034.3113285579,7636.57739816423,1754.1106301026,226.298120502938,10.235646268744,0.0361032038455955,0
0,917.131884539643,17706.1006359787,79248.9454125889,194598.85156595,343506.931945194,491749.348098248,608964.081289219,678148.495561428,696550.965122807,671688.91265853,616120.685354918,543120.147171058,464004.60321276,387006.410366719,317223.739312124,257152.980589224,207420.430466157,167479.593304995,136165.510860351,112080.986341305,93834.3666181281,80165.5919363419,69997.9820813638,62446.479791842,56804.2450211901,52521.2958646208,49182.3550054094,46486.4426960602,44228.0447269809,42278.6990871404,40568.1787496009,39065.4632374832,37760.6981921136,36649.841723859,35723.5285002692,34960.9943269332,34328.9981152973,33784.8513897391,33282.1123669188,32777.2937885427,32236.046214453,31637.6301051355,30976.9775662068,30264.1663843768,29521.5987118177,28779.5314955146,28070.8094814249,27425.6954791954,26867.5918446704,26410.2356286226,26056.6725739759,25800.0207548652,25625.7686809532,25515.1525563556,25449.0492173756,25411.8183947991,25394.6305249711,25398.0119141174,25433.6038052154,25525.4325728568,25711.2849456399,26045.0312837951,26600.8971450513,27480.7049696122,28824.9502602766,30828.1946489632,33758.6018707292,37980.4590144212,43977.1691647683,52370.4611617351,63929.5064828712,79561.4778846846,100273.268725398,127093.342174796,160944.019467472,202459.170105278,251751.396573711,308147.041903573,369926.120016777,434125.041336751,496477.660156359,551576.921432821,593325.753582507,615703.168849043,613796.145355278,584946.548743305,529757.21812402,452631.246553382,361532.935552129,266801.009393394,179123.219032885,107139.63121832,55441.0179383699,23774.5014219926,7903.39245654377,1821.29358109581,235.924982082687,10.7308685143187,0.0382014853832136,0
0,923.120201526209,17823.1087691039,79777.1121917711,195905.383413854,345829.276357956,495096.462274616,613137.004241482,682827.343842875,701391.038308466,676391.938621354,620471.265625092,546992.437616238,467350.049781922,389833.144265497,319575.299706178,259090.619385792,209010.503273606,168785.799825305,137244.920192788,112982.595532211,94599.1086687358,80827.0114034144,70583.0970787928,62976.5877574718,57295.5942823024,52985.646525809,49627.5046904686,46916.8036324565,44645.333857965,42682.7513933734,40957.8327671906,39439.4187149649,38118.2269550211,36991.2504097813,36050.3186567185,35275.7253329134,34634.9139345348,34085.3702053132,33580.2926167191,33075.3815290246,32535.1821987857,31937.7579315534,31276.9546511016,30562.0443479123,29815.0142333845,29066.1357252059,28348.6642333225,27693.5761170604,27125.1568504475,26658.0472802428,26296.0777480232,26032.9218736728,25854.3294260052,25741.4895341618,25674.95891548,25638.5793363185,25622.905406011,25627.856398699,25664.5707843675,25756.7464365268,25942.0528445438,26274.4598143431,26828.4945911227,27706.4710057011,29049.5851826653,31053.3955880848,33987.5494438974,38218.6284121894,44233.616895468,52659.7326051463,64274.2675080107,79995.8813641474,100846.908834045,127875.415105234,162026.999947144,203960.953532988,253814.50762147,310933.279583039,373605.051496396,438855.256774505,502380.826583125,558706.498073515,601634.626366586,625016.994949509,623801.075371159,595200.127622315,539728.542029133,461770.230142145,369359.319312793,272993.736399463,183584.072536049,110006.432858671,57038.6302027118,24514.9472295583,8170.85343197371,1888.81367104487,245.63293212692,11.232667493998,0.0403452011386125,0
0,929.096594967574,17939.8527133774,80303.9847398238,197208.487193486,348145.142045855,498433.691061871,617296.912560685,687490.796129226,706214.296473135,681077.67675038,624804.868861186,550848.625919955,470680.621641956,392646.412270198,321914.85995569,261017.694729579,210591.360405595,170084.005967107,138317.37967426,113878.11884803,95358.4325569602,81483.4884461459,71163.5725907078,63502.2195026948,57782.5348905202,53445.6099575999,50068.290523758,47342.8649321936,45058.45124375,43082.826297533,41343.7530754238,39809.9011960042,38472.5209356585,37329.6026987643,36374.1442434898,35587.4864933649,34937.7649417392,34382.6628812359,33875.0532342077,33369.862281478,32830.5653694591,32234.0551790351,31573.1051859368,30856.1810976238,30104.8415629253,29349.3488855632,28623.340128725,27958.4758001277,27379.8993795702,26903.1382973378,26532.8002469657,26263.1174396106,26080.1129205093,25964.9471100459,25897.8779287466,25862.2499268284,25848.019030439,25854.5090280074,25892.3609615185,25984.944231663,26169.8079916732,26501.0183198788,27053.4041416393,27929.7764805622,29272.0449177845,31276.7836701202,34215.144718407,38456.0210453614,44489.9804843196,52949.7040969817,64620.5362255029,80432.4977784434,101423.168660046,128659.944205862,163111.361652728,205461.746368883,255872.577646238,313708.442897308,377264.76114207,443556.13589935,508243.092793673,565783.096191719,609879.246224616,634257.654833454,633727.821262747,605375.562038474,549627.2488858,470847.055436957,377137.368284,279153.029765414,188025.04381559,112863.691683614,58633.0789615025,25255.1274263043,8438.74770146438,1956.61063136841,255.412301917216,11.7404917827824,0.0425318588420239,0
0,935.061496973946,18056.3417853617,80829.6078124309,198508.279754714,350454.747195934,501761.363924253,621444.236306307,692139.358014352,711021.289844785,685746.692138444,629122.05031742,554689.239094107,473996.805088385,395446.652489333,324242.806655182,262934.541901103,212163.289077987,171374.456655228,139383.09953422,114767.740342951,96112.5045930692,82135.178978261,71739.5595650593,64023.5239833638,58265.2141788786,53901.3299383839,50504.8492383425,47764.7523068775,45467.508308141,43479.0194226363,41726.0203676864,40176.9797543875,38823.6428046045,37664.9610022197,36695.0733037933,35896.3560122667,35237.6418650523,34676.8325149035,34166.5071493976,33660.8544541623,33122.3142954057,32526.6352646957,31865.5330309618,31146.6681252536,30391.1589764383,29629.2371741962,28894.8941040676,28220.4461477116,27631.8701135616,27145.5625302588,26766.9003137391,26490.6760061389,26303.1964573161,26185.6103222639,26117.8969073501,26082.9235880717,26070.0645348212,26078.0598290119,26117.0589781332,26210.1036042826,26394.6199826278,26724.7675188794,27275.6765510793,28150.6602748342,29492.3532103551,31498.3625070211,34441.3643098448,38692.5780032309,44746.1558801502,53240.2167173101,64968.090312645,80871.0355850421,102001.685858395,129446.500161521,164196.617949625,206961.019250782,257925.051475238,316471.965520039,380904.677554721,448227.092644185,514063.826692643,572805.981994349,618058.701467069,643423.97437932,643574.874336345,615470.975193155,559451.123765225,479859.276834981,384864.584618068,285276.556917921,192444.169474061,115709.946302934,60223.4282066757,25994.5466474286,8706.87203725348,2024.62645385478,265.253702663619,12.2537990700226,0.0447589471643306,0
0,941.015327418171,18172.5850431283,81354.0249601759,199804.874883731,352758.304421841,505079.802116452,625579.395046452,696773.522942536,715812.555529602,690399.53641734,633423.351998471,558514.79158976,477299.074949901,398234.292968876,326559.517917219,264841.489288799,213726.571039892,172657.392463084,140442.286370339,115651.640755055,96861.487752814,82782.2353590993,72311.2051424017,64540.6462319269,58743.7757145054,54352.9469832211,50937.3151379527,48182.5901026123,45872.6162322217,43871.4271281585,42104.7167230148,40540.7250435717,39171.6565169609,37997.3882965292,37013.173449932,36202.4105889072,35534.632983405,34967.9791146839,34454.7639805811,33948.4733705426,33410.5450890467,32815.6100635535,32154.3415471516,31433.5974240745,30674.0460565821,29905.8685921441,29163.3850313181,28479.5404871177,27881.1209157131,27385.3742891936,26998.4378589086,26715.6650581172,26523.6556873931,26403.5622291349,26335.1044478713,26300.6918646665,26289.1335550264,26298.5978321562,26338.7490343534,26432.3023020456,26616.5590105301,26945.7691788044,27495.3640714842,28369.1632858993,29710.5365026071,31718.1393391548,34666.1897066832,38928.2468219897,45002.0473321795,53531.1218520964,65316.7197049975,81311.2171314793,102582.112991666,130234.668708691,165282.29638797,208458.255215665,259971.384066162,319223.289371513,384524.237405135,452867.552222978,519842.41584827,579774.456362028,626172.13728514,652514.864861833,653340.843386117,625484.638898538,569198.124789436,488804.633944389,392538.651777155,291362.146236353,196839.613966891,118543.824423668,61808.7948228587,26732.7351045356,8975.03258689863,2092.80542985952,275.148040582706,12.7720576938154,0.0470239477853535,0
0,946.95849465395,18288.5913001216,81877.2785875605,201098.383439697,355056.020988512,508389.318980411,629702.798196254,701393.772557615,720588.617848117,695036.748063782,637709.302920758,562325.785499316,480587.894718077,401009.751741228,328865.363341814,266738.858291837,215281.482433546,173933.049459523,141495.143011948,116529.99740901,97605.5416297403,83424.8063910078,72878.6526795396,65053.7273779857,59218.3592825937,54800.5982613616,51365.8199293959,48596.5010453709,46273.8856293172,44260.1461472128,42479.9252475487,40901.2089849618,39516.6270814102,38326.9479911587,37328.5118295479,36505.725462714,35828.8242160558,35256.199692821,34739.9300896806,34232.8312539219,33695.3713002605,33101.08970787,32439.6333127323,31717.0611473063,30953.5833257317,30179.3125865286,29428.8734016359,28735.8136014003,28127.7046546525,27622.6282428652,27227.4724224614,26938.1510160829,26741.5646413397,26618.8839222647,26549.5870764465,26515.6443621516,26505.3161123958,26516.2109069527,26557.5146816118,26651.6179348296,26835.6956053456,27164.085841497,27712.5201654519,28585.328123273,29926.6236011207,31936.1246597244,34889.6068399431,39162.9809944546,45257.5668478791,53822.280626178,65666.2260545675,81752.778213323,103164.117283844,131024.050693845,166367.939170437,209952.950654018,262011.041966614,321961.866509923,388122.887563311,457476.953169747,525578.268990042,586687.855279827,634218.754600911,661529.319836604,663024.449480617,635414.966480466,578866.374735615,497681.042768277,400157.426286212,297407.780230692,201209.664700413,121364.039887966,63388.3471686951,27469.248112381,9243.04480630591,2161.09417307579,285.086528831,13.294747967461,0.0493243464442296,0
0,952.89139618212,18404.369138071,82399.4100082675,202388.913483505,357348.099025488,511690.220229577,633814.845345192,706000.577044589,725349.988668578,699658.852708118,641980.419382588,566122.71077417,483863.716699394,403773.436902793,331160.704019174,268626.963258537,216828.293689071,175201.65908697,142541.868409141,117402.984138012,98344.8224010898,84063.0373268402,73442.0417829147,65562.9046816216,59689.1008890423,55244.41753995,51790.4925885344,49006.6060253241,46671.4262608146,44645.2732622193,42851.7297480264,41258.5044788188,39858.6203413028,38653.7037990623,37641.1550871247,36806.3744502988,36120.2992057738,35541.5883575108,35022.1086452821,34514.0372296508,33976.9038374425,33383.1824211098,32721.5098786909,31997.1513061402,31229.8519156065,30449.6397237613,29691.4210316961,28989.3214913703,28371.6750345571,27857.3793181892,27454.0631335271,27158.1992383282,26956.9957512552,26831.6545447313,26761.4292426459,26727.8687016972,26718.700521796,26730.9856233176,26773.4386432022,26868.1277639315,27052.1004013979,27379.7805758981,27927.1992458155,28799.1988308856,30140.6453718581,32152.3318696059,35111.6056857611,39396.739514282,45512.633684413,54113.5633645882,66016.4222048989,82195.4676298005,103747.380343869,131814.262065081,167453.103510282,211444.616108679,264043.504575727,324687.160793882,391700.086988274,462054.74915556,531270.817335238,593545.550180401,642197.808937976,670466.412161845,672624.520989836,645260.505989132,588454.152962244,506486.587166228,407718.929672852,303411.588795254,205552.727106733,124169.389627154,64961.3035608826,28203.6655404738,9510.73335192144,2229.44162768065,295.060696570467,13.8213633108102,0.0516576429835912,0
0,958.814419267998,18519.9269190044,82920.4594968624,203676.570399008,359634.735729217,514982.804220733,637915.926573103,710594.395462994,730097.167736335,704266.363443981,646237.205240709,569906.045454753,487126.982185878,406525.746716002,333445.892561473,270506.11145625,218367.269450462,176463.448067908,143582.657545333,118270.771223434,99079.4828061744,84697.0698864915,74001.5083503438,66068.3115774807,60156.132778984,55684.5351504136,52211.4592558676,49413.0239161216,47065.3467892678,45026.9050163647,43220.2144357864,41612.6851374906,40197.7027685293,38977.7196108058,37951.1693223476,37104.4299759556,36409.1393960874,35824.2364034555,35301.3996914551,34792.1973419446,34255.2509119205,33661.9943824446,33000.0715593201,32273.9595039758,31502.9332709401,30716.9213917958,29951.0907921787,29240.121152192,28613.0864328955,28089.6826019637,27678.2686689185,27375.8740211873,27170.0198726758,27041.9513131644,26970.7133222673,26937.4504890716,26929.3733187617,26943.0071357093,26986.6026599345,27081.9085172405,27265.8439306978,27592.9167559405,28139.4564400276,29010.8206342834,30352.634461307,32366.7769603565,35332.1798984961,39629.4864523759,45767.1738717829,54404.8490812458,66367.1316835685,82639.0467396974,104331.597864157,132604.933805358,168537.361891086,212932.776932369,266068.265223878,327398.649332243,395255.308392629,466600.41059377,536919.515748507,600346.948196574,650108.609302798,679325.291142791,682139.988837574,655019.933706432,597959.887654649,515219.510602985,415221.340615608,309371.84256849,209867.319728716,126958.75056201,66526.9306830914,28935.5912025675,9777.93193783332,2297.7990635562,305.062395435184,14.3514111997859,0.0540213604101198,0
0,964.727941512775,18635.2727964176,83440.4663371242,204961.457007063,361916.123554738,518267.362213665,642006.422754808,715175.676071519,734830.642998217,708859.781137312,650480.152191125,573676.255910235,490378.121641069,409267.069732089,335721.27315977,272376.603068914,219898.668529397,177718.638336914,144617.701371181,119133.525350705,99809.6721361425,85327.0422814904,74557.1846198854,66570.0777278638,60619.5834687608,56121.077974424,52628.8431581394,49815.8714254309,47455.7545654078,45405.1374581975,43585.4636596304,41963.8250404265,40533.9412706206,39299.0593735341,38258.6200466825,37399.9630967357,36695.4241030592,36104.2324004021,35577.9002207984,35067.4145827576,34530.5180024368,33937.6296181381,33275.4172541739,32547.5767036679,31772.9088847148,30981.2295298389,30207.9463577496,29488.2703646746,28851.9937463438,28319.5932454684,27900.1472112816,27591.2385979416,27380.7063064048,27249.8495428594,27177.5196275162,27144.4732957737,27137.419203262,27152.3590874317,27197.0873582575,27293.0362279323,27476.9964398679,27803.5578616192,28349.3473773774,29220.2397109015,30562.6250417915,32579.4782233009,35551.3264721696,39861.1905633293,46021.1197658629,54696.0249939762,66718.1882123749,83083.2890197189,104916.47929877,133395.711814862,169620.302238682,214416.973817105,268084.8320856,330095.823736846,398788.039696098,471113.426044308,542523.843740007,607091.492322323,657950.517069242,688105.179786415,691569.881965028,664692.047938635,607382.148385744,523878.208190194,422662.987317287,315286.946423856,214152.069343521,129731.076475421,68084.5419394279,29664.6521957914,10044.4831630556,2366.12006017549,315.083803658014,14.8844139475541,0.0564130530028324,0
0,970.632331381868,18750.4147256519,83959.4688672027,206243.673672746,364192.450397168,521544.178618973,646086.705853382,719744.85664351,739550.890921084,713439.594733466,654709.740052362,577433.797085493,493617.554898418,411997.784931332,337987.18166255,274238.731218822,221422.743883725,178967.446995616,145647.186757847,119991.409579988,100535.536234104,85953.0892467375,75109.1992247474,67068.3290832919,61079.5777892034,56554.1694466668,53042.7645527418,50215.2629733423,47842.7554458891,45780.0659167788,43947.561665837,42311.9985102556,40867.4030112754,39617.7869756396,38563.5721393217,37693.0435231081,36979.230582067,36381.6622793316,35851.7042504336,35339.788930536,34802.807836809,34210.1899165261,33547.6442981119,32818.0930247819,32039.8600625611,31242.6363838996,30462.0519777233,29733.8275011792,29088.4522453252,28547.1663726817,28119.756407536,27804.3551367343,27589.1228201402,27455.4226752373,27381.9264232814,27349.0186505255,27342.9209979135,27359.1235327414,27404.9721384785,27501.5860944281,27685.6277285932,28011.7673013565,28556.9279972821,29427.5029816658,30770.6525791365,32790.4559827457,35769.0454281771,40091.8249198611,46274.4096295725,54986.9860647924,67069.4352353227,83527.9796271456,105501.747525307,134186.256749275,170701.528014917,215896.763207779,270092.728939921,332778.191193199,402297.78528218,475593.303428315,548083.306308645,613778.661482687,665722.944860544,696805.372155665,700913.322992643,674275.763082984,616719.638986204,532461.219024187,430042.340115997,321155.433112101,218405.706148651,132485.394880062,69633.4957697861,30390.4981999645,10310.2383138016,2434.36048063106,325.117428104038,15.4199093307845,0.0588303135073613,0
0,976.527948693106,18865.3604735314,84477.5045217906,207523.318406113,366463.899763451,524813.531234399,650157.139202196,724302.364773133,744258.376803941,718006.281561314,658926.437049609,581179.112753307,496845.69136958,414718.261877808,340243.945672763,276092.782009486,222939.74261776,180210.086288139,146671.296467724,120844.583330275,101257.217504622,86575.3420785541,75657.6772532754,67563.1879492073,61536.2369383394,56983.929571972,53453.3406920152,50611.3105955412,48226.4536388051,46151.784804905,44306.5923835936,42657.2799090737,41198.1552442976,39933.966137762,38866.0898034414,37983.7396360953,37260.6340900663,36656.6094160837,36122.9028999029,35609.4173969816,35072.2203882373,34479.7747636527,33816.8483364057,33085.5975680606,32303.8677140222,31501.2142865422,30713.4722665048,29976.8513459016,29322.5174374421,28772.4569926685,28337.1533281824,28015.2847378597,27795.3356698627,27658.7423070996,27584.0099484211,27551.1660395625,27545.9596187293,27563.3808746478,27610.3350809229,27707.6323595481,27891.8070076795,28217.608253898,28762.2543769993,29632.6579222999,30976.7536209927,32999.7323515092,35985.3395273513,40321.3665733352,46526.9872405142,55277.6345643516,67420.7254643614,83972.9149683054,106087.138494133,134976.243820022,171780.65824203,217371.717611287,272091.495791579,335445.275363511,405784.067071772,480039.57106457,553597.434637699,620407.970514377,673425.355424574,705425.230814044,710169.524068231,683770.10395691,625971.190717198,540967.218820299,437358.004342851,326975.957071211,222627.059030563,135220.803900547,71173.1939422806,31112.8007464866,10575.0571451051,2502.47843717064,335.156104444096,15.9574510742249,0.0612707794597271,0
0,982.415145067504,18980.1176273103,84994.6098715007,208800.486956861,368730.650934835,528075.691470097,654218.077775957,728848.618172112,748953.555083134,722560.307633473,663130.700098442,584912.635769994,500062.930260376,417428.860886091,342491.884660527,277939.034586733,224449.906001729,181446.763594766,147690.209140831,121693.202375613,101974.854931644,87193.9286782692,76202.7403131703,68054.7730576513,61989.6785418918,57410.4749546415,53860.6858048425,51004.1238684219,48606.9515742219,46520.3874480319,44662.6392341139,42999.7434539884,41526.2651607683,40247.6603105513,39166.2365235487,38272.1185016657,37539.7079437938,36929.1547123001,36391.5844701227,35876.3940802402,35338.8528840414,34746.4812969354,34083.1232221496,33350.1782645023,32565.0121684883,31757.035459228,30962.2720128403,30217.4009291751,29554.2449399298,28995.5199165554,28552.3944279624,28224.087430757,27999.409620985,27859.8782212388,27783.844441145,27750.9929143734,27746.6140567167,27765.2098165215,27813.2528680902,27911.2482069624,28095.602774942,28421.1435281001,28965.3825772143,29835.7523928121,31180.9656042434,33207.331007079,36200.2140045896,40549.7962385686,46778.8015234771,55567.8796595015,67771.9204427233,84417.9022741157,106672.400868092,135765.362562003,172857.327465685,218841.425811739,274080.689365667,338096.617135752,409246.425427197,484451.778539257,559065.786650709,626978.970059901,681057.26049955,713964.184352639,719337.78289038,693174.200378743,635135.755737836,549395.012842076,444608.713432272,332747.288416665,226815.050932372,137936.469186594,72703.0798359942,31831.2524651397,10838.8076457209,2570.43424949296,345.192995687477,16.496609206452,0.0637321386868804,0
0,988.29426434528,19094.6936029778,85510.8206596266,210075.272903264,370992.879120552,531330.924563282,658269.868450985,733384.024957003,753636.869630259,727102.127941923,667322.975086973,588634.788332942,503269.660792475,420129.933197581,344731.310088992,279777.761215499,225953.469507966,182677.681441744,148704.099295211,122537.418852212,102688.584103971,87808.9736006304,76744.506599178,68543.1996428999,62440.0167201338,57833.9188380633,54264.9110932119,51393.8098535745,48984.3497971781,46885.965936652,45015.7849617377,43339.4630509074,41851.7997491358,40558.9325794636,39464.0750245325,38558.2458830593,37816.5235743497,37199.3766736352,36657.8345227096,36140.8102231593,35602.79982489,35010.4042745219,34346.5609334769,33611.9217466458,32823.373013724,32010.1718356596,31208.516006864,30455.5353753392,29783.6903611329,29216.4096793902,28765.5355082615,28430.8221710024,28201.4079692893,28058.8984180553,27981.5021677225,27948.5747057238,27944.9613688453,27964.6873258281,28013.8007210416,28112.5056732054,28297.0827072836,28622.4354390763,29166.3685040566,30036.8344837401,31383.3266800244,33413.276986833,36413.6763243825,40777.0980012472,47029.8062062899,55857.6370228426,68122.8901256101,84862.7591837185,107257.295655469,136553.316573692,173931.185663988,220305.493001498,276059.883487501,340731.775231783,412684.419899681,488829.497420509,564487.947435862,633491.246378828,688618.219668533,722421.724992949,728417.478897076,702487.281989077,644212.400858876,557743.529122082,451793.322288228,338468.307121521,230968.694334059,140631.62087117,74222.6367254768,32545.5663161465,11101.3657898308,2638.19039694807,355.221589278074,17.0369702991872,0.0662121340337982,0
0,994.165642969642,19209.0956529651,86026.1718364645,211347.767735714,373250.755603165,534579.489782712,662312.850255055,737908.98392707,758308.754042559,731632.186748449,671503.697155516,592345.982238724,506466.262429105,422821.821164451,346962.525551112,281609.227369992,227450.662861648,183903.037525274,149713.13733979,123377.381275283,103398.537247438,88420.5981063827,77283.0909635796,69028.5795201765,62887.3621598537,58254.3711529294,54666.1247416678,51780.4730593189,49358.7468808026,47248.6110000065,45366.1114853537,43676.5121455147,42174.8256678094,40867.8455767182,39759.6672329028,38842.1862516221,38091.1505785626,37467.3514852389,36921.7359591295,36402.7542754665,35864.1530128336,35271.6360582556,34607.2515083157,33870.9132398484,33079.0289550338,32260.6949045927,31452.2688839091,30691.3137636455,30010.9091909081,29435.18046708,28976.6316815709,28635.5468375534,28401.3925616969,28255.8691479031,28177.0534538702,28143.9848429599,28141.076677086,28161.8886084918,28212.0523484358,28311.4755736709,28496.3135674493,28821.5456992841,29365.2677861962,30235.9523778278,31583.8755549894,33617.5965008662,36625.7359556963,41003.2590463804,47279.9594975807,56146.8284632518,68473.5124779037,85307.3133370317,107841.595838616,137339.823234032,175001.898109152,221763.540837008,278028.669358696,343350.326686841,416097.629832753,493172.32182899,569863.529547281,639944.421080403,696107.839201894,730797.40625986,737408.069610273,711708.673302211,653200.301573683,566011.811969526,458910.800907452,344137.997393131,235087.086855853,143305.550585245,75731.3860768034,33255.4748139172,11362.6152786995,2705.71146568092,365.235692943379,17.5781376020064,0.0687085673683441,0
0,1000.02961034077,19323.3308732997,86540.6975913612,212618.06093523,375504.447876063,537821.640623484,666347.354607144,742423.884832891,762969.63192564,736150.917869438,675673.290972977,596046.619140674,509653.105103321,425504.858439438,349185.826915339,283433.691835166,228941.710104099,185123.02474796,150717.489598236,124213.234564521,104104.843263029,89028.9202184134,77818.6049888884,69511.0211666755,63331.8221903453,58671.9385725819,55064.4319378042,52164.2154171845,49730.2393573913,47608.4118991478,45713.6997685452,44010.9635903677,42495.4091297619,41174.461400433,40053.074240583,39124.0027966428,38363.6567675114,37733.1530845526,37183.3690992323,36662.3119588973,36123.001586668,35530.2666084011,34865.2829946416,34127.2364715175,33332.0576932291,32508.6755706353,31693.5949840478,30924.7950016246,30235.956699774,29651.8860485129,29185.7373382456,28838.3182304625,28599.4238169177,28450.8549439432,28370.5667182746,28337.2947777232,28335.033174377,28356.8870925526,28408.0799067776,28508.2274411455,28693.3611240651,29018.5353232331,29562.1356657674,30433.1542258977,31782.6513475499,33820.3167610745,36836.4041647752,41228.2694063269,47529.2237850862,56435.3815763385,68823.6730885224,85751.4019768738,108425.086000347,138124.613400062,176069.145187881,223215.207427682,279986.655739666,345951.867211973,419485.654833537,497479.868875491,575192.173191766,646338.150782236,703525.770887773,739090.840720015,746309.087127961,720837.788977501,662098.736357147,574199.015758835,465960.228258863,349755.442250927,239169.406993055,145957.608538723,77228.8858635314,33960.7292480869,11622.4472750736,2772.96409165698,375.229429470851,18.1197310836501,0.0712193029155991,0
0,1005.88648914224,19437.4062102469,87054.4313826481,213886.240047233,377754.119773528,541057.624992605,670373.705547431,746929.108635844,767619.91716843,740658.744954674,679832.17100931,599737.090804952,512830.549447553,428179.370169915,351401.502478479,285251.406817645,230426.829666838,186337.831266062,151717.318342509,125045.120077218,104807.627770184,89634.0547809083,78351.1570622258,69990.6298042293,63773.5008624798,59086.7245741891,55459.934902153,52545.1362714389,50098.9216654634,47965.4563374982,46058.6297069269,44342.8895270436,42813.6157985888,41478.8415408596,40344.3562715176,39403.757434596,38634.1082125392,37996.8532314867,37442.8117588283,36919.5663344459,36379.4320633485,35786.3834884899,35120.741414379,34380.9735964299,33582.5358196862,32754.1840316203,31932.5582263321,31156.0377102967,30458.8878465622,29866.5797128936,29392.9061157366,29039.1920692379,28795.5607460329,28643.918655329,28562.1085077906,28528.5740113295,28526.9021365187,28549.754419933,28601.9539705932,28702.8294755678,28888.2900836822,29213.4645445974,29757.0269019491,30628.4880357681,31979.6934579067,34021.4658252413,37045.6938245283,41452.1217270231,47777.5653532218,56723.2294138352,69173.2648009979,86194.8715611627,109007.561949927,138907.431088794,177132.622185963,224660.147265412,281933.46904805,348536.011450294,422848.115123297,501751.778976163,580473.546309433,652672.126700013,710871.710851116,747301.697781607,755120.134755938,729874.12930077,670907.08122303,582304.398992385,472940.786416819,355319.818307734,243214.909988441,148587.200675263,78714.7289095756,34661.0989066825,11880.7601327827,2839.91690041375,385.197230571695,18.6613873904849,0.0737422699731355,0
0,1011.73659564204,19551.3284664769,87567.405965613,215152.390750931,379999.931593855,544287.685385803,674392.219957949,751425.02775869,772260.014210356,745156.08175988,683980.741803524,603417.779364303,515998.947023346,430845.67319489,353609.833124145,287062.618064452,231906.234454772,187547.640546118,152712.781834866,125873.175648078,105507.013154631,90236.1135210128,78880.8524509071,70467.5074830445,64212.4990300461,59498.8295046171,55852.7329260105,52923.3323799615,50464.8861109954,48319.8303871832,46400.9800312158,44672.3612822821,43129.510695436,41781.0468135674,40633.5726512714,39681.5108181319,38902.5692890632,38258.5215760633,37700.1393260355,37174.5978710486,36633.528384342,36040.0718788352,35373.7107392942,34632.2051364313,33830.5387269014,32997.2896712076,32169.2219967313,31385.1001205905,30679.7571942752,30079.3142122621,29598.190870416,29238.222991996,28989.860973059,28835.1214805844,28751.7435339314,28717.8901251662,28716.7529391163,28740.5604452582,28793.743511372,28895.3485038207,29081.1640336536,29406.3927446044,29949.9956861221,30822.0015731467,32175.0414507774,34221.0724549656,37253.6192392622,41674.8110511373,48024.9541187037,57010.3101709589,69522.1873598167,86637.5773855724,109588.83035024,139688.033146493,178192.039042074,226098.031101684,283868.753381849,351102.393137266,426184.651778,505987.716055618,585707.344556627,658946.074173473,718145.398362368,755429.701552284,763840.883772177,738817.27586634,679624.804530164,590327.318629893,479851.754944525,360830.390755328,247222.923846602,151193.785907127,80188.5412648374,35356.3703055676,12137.4591237046,2906.54044429248,395.133829977995,19.2027597319779,0.076275465057815,0
0,1017.58023997027,19665.104306795,88079.6534186507,216416.596924584,382242.040215904,547512.059056051,678403.207774253,755912.00632747,776890.318300779,749643.332412799,688119.398226805,607089.057568816,519158.640550345,433504.076243749,355811.092485441,288867.564988064,233380.131937047,188752.631429577,153704.034377203,126697.535634851,106203.118620109,90835.2051125375,79407.7933788282,70941.7531660093,64648.9144326545,59908.3506500094,56242.9224159147,53298.8979249345,50828.2228411869,48671.6184295486,46740.8282246611,44999.4492770966,43443.1581161824,42081.1372993662,40920.7817797279,39957.3223450856,39169.1027184496,38518.2257236243,37955.4248361942,37427.4845151159,36885.3719659565,36291.4145974312,35624.2728773889,34881.0099329595,34076.140533066,33238.0609654454,32403.6490487868,31612.0399803221,30898.6188338172,30290.1417091105,29801.6436520649,29435.4645555191,29182.3807555385,29024.5230010628,28939.5347103238,28905.308813552,28904.6530788025,28929.3732407932,28983.515884235,29085.8499484738,29272.0453947693,29597.3783906617,30141.095567597,31013.7422735085,32368.7349498012,34419.1659863518,37460.1959836127,41896.33461696,48271.363383083,57296.5668908154,69870.3470720471,87079.3832169173,110168.708347502,140466.188908158,179247.120075295,227528.54577864,285792.170475413,353650.665174489,429494.92686908,510187.367647677,590893.291199255,665159.752133917,725346.614637306,763474.628752409,772471.07031723,747666.887450651,688251.462027873,598267.224676464,486692.505522884,366286.508553517,251192.845492938,153776.873434722,81649.9806183714,36046.3464276929,12392.456163974,2972.80713782116,405.034255905636,19.7435177023588,0.0788169535333229,0
0,1023.41772637519,19778.7402634671,88591.2051677268,217678.940706941,384480.599209524,550730.978174219,682406.972188497,760390.400404966,781511.215750733,754120.891672692,692248.525740411,610751.28903312,522309.964133722,436154.880135716,358005.547110661,290666.480796479,234848.724244267,189952.978204242,154691.226366711,127518.330969006,106896.060243403,91431.4352412834,79932.0791032845,71413.462813142,65082.8417795953,60315.3823082082,56630.5969436289,53671.9245319775,51189.0198292656,49020.9031083857,47078.2504535339,45324.2229478567,43754.6215582505,42379.1722907112,41206.0411069252,40231.2501677199,39433.7696081879,38776.0312977037,38208.7390451911,37678.3017604252,37135.0417528108,36540.4921271045,35872.507668453,35127.4651109718,34319.4140192957,33476.5654020939,32635.9014160443,31836.9144710861,31115.5263152357,30499.1137289744,30003.3156810534,29630.9692362985,29373.175005196,29212.1812143963,29125.5431908567,29090.8939185789,29090.6681980643,29116.2591066659,29171.3368213934,29274.3978044944,29460.9953826663,29786.4789842649,30330.3793889849,31203.757164036,32560.8135426756,34615.7762124645,37665.4407546065,42116.6916719236,48516.76960112,57581.9471849561,70217.6564837561,87520.1609374425,110747.023204685,141241.679849686,180297.603690424,228951.394019901,287703.399595768,356180.499625881,432778.623513945,514350.444903098,596031.136924471,671312.952518564,732475.181629736,771436.306681385,781010.49240467,756422.696068804,696786.692131103,606123.65502087,493462.496819202,371687.59982081,255124.137078733,156336.020154289,83098.7347529429,36730.8459751182,12645.6695410641,3038.69119184268,414.893823002661,20.2833470469514,0.0813648707658983,0
0,1029.2493534597,19892.2427411739,89102.0920092807,218939.502555121,386715.758940217,553944.669982318,686403.809844312,764860.558216003,786123.084177116,758589.145183187,696368.500648083,614404.828479562,525453.243489376,438798.377979147,360193.456630974,292459.592627162,236312.208270908,191148.850681431,155674.504356905,128335.689210698,107585.951032163,92024.90667161,80453.8059919057,71882.7294658158,65514.3728341365,60720.0158632721,57015.8473006343,54042.5012965082,51547.3628689796,49367.7652945177,47413.321509469,45646.7506783901,44063.9636564231,42675.2102443028,41489.4071120275,40503.3512023736,39696.6294905724,39032.0020006711,38460.1505010789,37927.1227179689,37382.6142737268,36787.3826479188,36118.4928875834,35371.6460529902,34560.4305782551,33712.8694115894,32866.0403353579,32059.7801344166,31330.5325860944,30706.2811178392,30203.2573282058,29824.7884326226,29562.2973086888,29398.1525678637,29309.8284082901,29274.7074665233,29274.8621130838,29301.2825856385,29357.2704315592,29461.0546230377,29648.0739771163,29973.7510173047,30517.8992303503,31392.0927947688,32751.3166961517,34810.9332766212,37869.3712358669,42335.8832997176,48761.152163992,57866.4029692352,70564.0340707146,87959.7902001187,111323.611939656,142014.299234926,181343.242064752,230366.294186471,289602.137386189,358691.587644447,436035.445845211,518476.682513096,601120.659578313,677405.499637017,739530.960818998,779314.61123517,789459.007045997,765084.503205754,705230.211415854,613896.23051544,500161.269589495,377033.167423734,259016.322432524,158870.828156128,84534.5200440036,37409.7026362707,12897.023643138,3104.1685469103,424.708123890562,20.8219493809818,0.0839174228536507,0
0,1035.07541439954,20005.6180216224,89612.3441316848,220198.361299172,388947.666668417,557153.356939727,690394.011023838,769322.820364847,790726.29273941,763048.469718441,700479.690342772,618050.021976959,528588.796166315,441434.855369891,362375.073929137,294247.121683812,237770.775781869,192340.41427788,156654.011123193,129149.734607371,108272.90098502,92615.7193138959,80973.0675994216,72349.6433304415,65943.5964978107,61122.3398614401,57398.7615562458,54410.7148162328,51903.3355775537,49712.2840605022,47746.1147625226,45967.0997421902,44371.2461270435,42969.3087395688,41770.9352853821,40773.6811396392,39957.7403600698,39286.1996722499,38709.7256139135,38174.0181854186,37628.1636994248,37032.1620739537,36362.3042555932,35613.6263820951,34799.2601730184,33947.0383086008,33094.1261802071,32280.6928065913,31543.6899365862,30911.6940041786,30401.518097314,30016.9724677424,29749.7999484771,29582.4919916167,29492.4481131317,29456.8097054696,29457.2968440756,29484.5064817716,29541.3792045572,29645.8815015099,29833.3398983716,30159.2499359642,30703.7063613531,31578.7951781737,32940.2836800752,35004.6675756652,38072.0059730449,42553.9122600398,49004.493196391,58149.8902141533,70909.4039428796,88398.1580949749,111898.320968877,142783.851759582,182383.800819627,231772.98000253,291488.097663365,361183.639337276,439265.118907035,522565.838557035,606161.663836588,683437.249494994,746513.851994351,787109.464973424,797816.527484914,773652.176214294,713581.810325699,621584.650288721,506788.442007616,382322.784761014,262868.983657045,161380.942314775,85957.080005391,38082.764370459,13146.4486918614,3169.21680640738,434.473020394644,21.3590418680116,0.0864728869725958,0
0,1040.89619714501,20118.8722678423,90121.9911353695,221455.594193553,391176.466643718,560357.256862804,694377.859827302,773777.520044978,795321.202369126,767499.233422627,704582.453547533,621687.207174652,531716.931765762,444064.590588084,364550.645308478,296029.283375094,239224.61352225,193527.830101495,157629.885732206,129960.588155379,108957.017153552,93203.9702925838,81489.9547440164,72814.2918613448,66370.5988943166,61522.4400879828,57779.4251185798,54776.6492287996,52257.0194060061,50054.5366643179,48076.7021238981,46285.3362538678,44676.5297199942,43261.5244427021,42050.6801135825,41042.2944551603,40217.1587095246,39538.6843460105,38957.5287237536,38419.056715929,37871.7619014868,37274.9040936853,36604.0154553575,35853.4779528101,35035.9713051048,34179.1362432031,33320.2184032096,32499.7075614645,31755.0499509902,31115.4017654211,30598.1466102388,30207.570594129,29935.7339238284,29765.252931715,29673.4584126155,29637.2591438403,29638.0326476677,29665.9918824034,29723.7240204632,29828.938079178,30016.8505898203,30343.0301114633,30887.851200647,31763.909736402,33127.753499723,35197.0096724265,38273.3642596264,42770.7828400911,49246.7773666247,58432.3687089116,71253.6955621491,88835.1588264403,112471.005757371,143550.15319367,183419.058679752,233171.200255517,293361.011173959,363656.383575799,442467.388486357,526617.694282101,611153.980815959,689408.089080316,753423.792038387,794820.835234981,806083.020536229,782125.644872271,721841.349080355,629188.687282063,513343.705214057,387556.091738185,266681.757870172,163866.04797178,87366.1838834252,38749.8927112644,13393.8804796798,3233.81516978799,444.18463454906,21.8943568645118,0.0890296113801242,0
0,1046.7119846074,20232.0115281927,90631.0620517163,222711.276965764,393402.300194403,563556.583058273,698355.634345484,778224.983241535,799908.165992117,771941.796042794,708677.140550507,625316.713531601,534837.952156575,446687.854792804,366720.410661434,297806.287454518,240673.903329523,194711.255040174,158602.263614203,130768.367664081,109638.403705695,93789.7540145274,82004.5555830546,73276.7598426085,66795.4634527133,61920.3996444592,58157.9207976974,55140.3862537532,52608.4936558343,50394.5985409982,48405.1540173631,46601.5251290303,44979.8741778667,43551.9130759178,42328.6950674333,41309.2444211085,40474.9395653334,39789.5143039366,39203.6221667929,38662.3046860531,38113.4785121334,37515.6802132919,36843.6981532412,36091.2708489211,35270.6309907126,34409.2261607583,33544.3754870602,32716.8786607416,31964.6634650792,31317.4529986289,30793.1905945192,30396.6309988201,30120.148971966,29946.4873829307,29852.9138096455,29816.1125895675,29817.1280509327,29845.7981829302,29904.3641626687,30010.2825376689,30198.6622062731,30525.1448169689,31070.3832818608,31947.4812555612,33313.7648357424,35387.9902166334,38473.4660323275,42986.50071698,49487.9917088905,58713.8018384374,71596.8434728841,89270.6934016237,113041.53047556,144313.030024048,184448.80712291,234560.718474475,295220.625315904,366109.567757808,445642.020886318,530632.053822346,616097.4676318,695317.935615986,760260.753711627,802448.732300587,814258.50402498,790504.898091923,730008.753777573,636708.184001283,519826.819076972,392732.790927667,270454.334087644,166325.868711054,88761.6253005297,39410.962090084,13639.260112395,3297.94436628101,453.839339452251,22.4276415364917,0.091586015114132,0
0,1052.52305483162,20345.0417401031,91139.5853608129,223965.483862311,395625.305812548,566751.544450722,702327.606825422,782665.528926678,804487.52874394,776376.50915516,712764.093433928,628938.862540343,537952.15168667,449304.912214145,368884.603637059,299578.33816079,242118.822247376,195890.841852998,159571.276637934,131573.187821909,110317.161990242,94373.1622373912,82516.9556879945,73737.1294686916,67218.2709896373,62316.2990259692,58534.328870334,55502.0052380253,52957.8355011766,50732.5433012696,48731.5393584603,46915.7300518224,45281.3382017553,43840.5293915928,42605.032592691,41574.5831183744,40731.1365216993,40038.7461291574,39448.0663396116,38903.8263625836,38353.3809844223,37754.5598022905,37081.4220248508,36327.0733873682,35503.3047442633,34637.3697696669,33766.6549031705,32932.2595111287,32172.5805290844,31517.8954951628,30986.6968733938,30584.200809838,30303.0935893611,30126.2459212848,30030.8672415852,29993.4251896796,29994.6398867204,30023.9831139337,30083.3573343303,30189.9716057631,30378.8296072603,30705.6462100455,31251.35122554,32129.5538463754,33498.3559910478,35577.6398735968,38672.3317753486,43201.0728302659,49728.1254569457,58994.1563726795,71938.7870446994,89704.6693294138,113609.767663439,145072.319098344,185472.850022479,235941.31259026,297066.703829285,368542.957527221,448788.802648586,534608.743863967,620992.006909027,701166.735784967,767024.744440479,809993.207602006,822343.044321702,798789.980774479,738084.012679804,644143.048474597,526237.608157824,397852.64390891,274186.450244745,168760.164226137,90143.2209490241,40065.8591807896,13882.5337577286,3361.58658935043,463.433750039528,22.9586574535229,0.0941405874235018,0
0,1058.32968115602,20457.9687335695,91647.5890081586,225218.287692206,397845.619235022,569942.34570457,706294.043829675,787099.469248167,809059.628178468,780803.716384927,716843.646297137,632553.967945692,541059.817390179,451916.020342296,371043.451806995,301345.634358046,243559.542640592,197066.739263156,160537.053187395,132375.160263955,110993.390602096,94954.2841378814,83027.2381183312,74195.4804236682,67639.0997903212,62710.2161980491,58908.7271457041,55861.5832042913,53305.1200156523,51068.4427363391,49055.9255406825,47228.0134494122,45580.979423134,44127.4271509518,42879.7441034427,41838.3614494847,40985.8017740579,40286.4347569322,39690.9197615495,39143.6839681734,38591.5346525384,37991.6101409888,37317.254784436,36560.9521274326,35734.0565684449,34863.6275162115,33987.113077329,33145.9026278153,32378.8503758387,31716.7762191037,31178.711358126,30770.3261036499,30484.6150531676,30304.5777362876,30207.3701187953,30169.2504701069,30170.6233299935,30200.6027702551,30260.7596777247,30368.0605679479,30557.4063547773,30884.5853200769,31430.8027164769,32310.1709106593,33681.5648440828,35765.9892600362,38869.9824328083,43414.5072639205,49967.1698884419,59273.4022675048,72279.4702270354,90137.0003302512,114175.597902494,145827.867271427,186491.003284866,237312.774580871,298899.02646123,370956.336457074,451907.540230811,538547.613263227,625837.506251741,706954.464931042,773715.805110642,817454.351976716,830336.753970029,806980.990803558,746067.172677434,651493.250408201,532575.957873958,402915.467782936,277877.890353715,171168.72827832,91510.8093353342,40714.4822662003,14123.6524004248,3424.72543216038,472.964713831193,23.4871801649625,0.0966918869631108,0
0,1064.13213236075,20570.7982344269,92155.1004204018,226469.759868191,400063.373520626,573129.18734082,710255.206389488,791527.109711414,813624.794469917,785223.753619728,720916.125473624,636162.33595807,544161.229190148,454521.430113334,373197.176829476,303108.369675441,244996.232310396,198239.092052065,161499.718239987,133174.393640674,111667.185447979,95533.206379606,83535.4834944288,74651.8899589536,68058.0256882232,63102.2266729142,59281.1910319362,56219.194901594,53650.4202031629,51402.3668280525,49378.3784278505,47538.4364727525,45878.8543812992,44412.6591069671,43152.8799779728,42100.6291522408,41238.9861517509,40532.6335239688,39932.2391352108,39381.9377456174,38828.0027918914,38226.8964692971,37551.2622173399,36792.971884517,35962.9489500117,35088.0585657765,34205.8053617476,33357.8596037791,32583.5213937241,31914.1412891967,31369.2790425186,30955.0519136311,30664.7594427883,30481.5306628551,30382.4723628372,30343.6403755404,30345.1319349013,30375.7116416615,30436.62579608,30544.6032762512,30734.4447149667,31062.0120401351,31608.7844859065,32489.3751130756,33863.4288078996,35953.0688864669,39066.4393287333,43626.8131370393,50205.1181792462,59551.5124765652,72618.8413150317,90567.6060563958,114738.909495675,146579.531055432,187503.09448376,238674.910104843,300717.388608873,373349.505700796,454998.059644971,542448.532622976,630633.897677138,712681.126239905,780334.008868019,824832.293967546,838239.78940304,815078.076171186,753958.335920633,658758.817530975,538841.810850366,407921.131855358,281528.481793257,173551.386744077,92864.2495745111,41356.740626831,14362.5716043296,3487.34582425316,482.429301707007,24.0129987626761,0.0992385407840383,0
