0,0.0100579061510693,0.0183592740438527,0.0251106347323101,0.0304994435764165,0.0346955103050228,0.037852342438466,0.0401084061955579,0.0415883088638208,0.042403906469489,0.0426553404448246,0.0424320068546605,0.041813461611745,0.0408702649813798,0.0396647685499748,0.0382518477094561,0.036679582589906,0.0349898902563589,0.0332191108722755,0.0313985504218313,0.0295549824757506,0.0277111113809413,0.0258859991526153,0.0240954582488591,0.0223524123117156,0.0206672268657186,0.0190480118744279,0.0175008979678256,0.0160302880683984,0.0146390860613148,0.0133289040742628,0.0121002498552151,0.0109526956615791,0.00988503000184048,0.00889539350087966,0.00798140009258301,0.00714024467815511,0.00636879832561814,0.00566369202532116,0.005021389957838,0.00443825317436371,0.00391059453558988,0.00343472570300646,0.00300699692660244,0.00262383032498032,0.00228174730792007,0.00197739074738546,0.00170754246082235,0.00146913653031152,0.00125926894267037,0.00107520399890748,0.000914377906480947,0.00077439993455745,0.000653051480871973,0.000548283368810137,0.000458211664934639,0.000381112280315384,0.000315414593659119,0.000259694310328925,0.000212665748856798,0.000173173725443851,0.000140185187172367,0.000112780726182159,9.01460898504325e-05,7.15637860196359e-05,5.64048675017629e-05,4.41209664101697e-05,3.42366362912993e-05,2.63420485088188e-05,2.00860788315769e-05,1.51698106545635e-05,1.13404726987286e-05,8.3858213511445e-06,6.12897098162102e-06,4.42366956555389e-06,3.15001171554925e-06,2.21057673626675e-06,1.52697552800855e-06,1.03678703489816e-06,6.90862423086779e-07,4.50973243343363e-07,2.87778440673981e-07,1.79084181323552e-07,1.0837003468407e-07,6.35550343158543e-08,3.59775085278431e-08,1.95632768065979e-08,1.01578138778291e-08,4.99924837560329e-09,2.31054802949559e-09,9.90908005393128e-10,3.88163598047904e-10,1.35952919388452e-10,4.13196026302143e-11,1.04298949597548e-11,2.04288759792422e-12,2.77077960710165e-13,2.10210233356096e-14,5.52442223095627e-16,1.08999880593246e-18,0
0,0.0100579061510693,0.0183592740438527,0.0251106347323101,0.0304994435764165,0.0346955103050228,0.037852342438466,0.0401084061955579,0.0415883088638208,0.042403906469489,0.0426553404448246,0.0424320068546605,0.041813461611745,0.0408702649813798,0.0396647685499748,0.0382518477094561,0.036679582589906,0.0349898902563589,0.0332191108722755,0.0313985504218313,0.0295549824757506,0.0277111113809413,0.0258859991526153,0.0240954582488591,0.0223524123117156,0.0206672268657186,0.0190480118744279,0.0175008979678256,0.0160302880683984,0.0146390860613148,0.0133289040742628,0.0121002498552151,0.0109526956615791,0.00988503000184048,0.00889539350087966,0.00798140009258301,0.00714024467815511,0.00636879832561814,0.00566369202532116,0.005021389957838,0.00443825317436371,0.00391059453558988,0.00343472570300646,0.00300699692660244,0.00262383032498032,0.00228174730792007,0.00197739074738546,0.00170754246082235,0.00146913653031152,0.00125926894267037,0.00107520399890748,0.000914377906480947,0.00077439993455745,0.000653051480871973,0.000548283368810137,0.000458211664934639,0.000381112280315384,0.000315414593659119,0.000259694310328925,0.000212665748856798,0.000173173725443851,0.000140185187172367,0.000112780726182159,9.01460898504325e-05,7.15637860196359e-05,5.64048675017629e-05,4.41209664101697e-05,3.42366362912993e-05,2.63420485088188e-05,2.00860788315769e-05,1.51698106545635e-05,1.13404726987286e-05,8.3858213511445e-06,6.12897098162102e-06,4.42366956555389e-06,3.15001171554925e-06,2.21057673626675e-06,1.52697552800855e-06,1.03678703489816e-06,6.90862423086779e-07,4.50973243343363e-07,2.87778440673981e-07,1.79084181323552e-07,1.0837003468407e-07,6.35550343158543e-08,3.59775085278431e-08,1.95632768065979e-08,1.01578138778291e-08,4.99924837560329e-09,2.31054802949559e-09,9.90908005393128e-10,3.88163598047904e-10,1.35952919388452e-10,4.13196026302143e-11,1.04298949597548e-11,2.04288759792422e-12,2.77077960710165e-13,2.10210233356096e-14,5.52442223095627e-16,1.08999880593246e-18,0
0,0.0100579061510693,0.0183592740438527,0.0251106347323101,0.0304994435764165,0.0346955103050228,0.037852342438466,0.0401084061955579,0.0415883088638208,0.042403906469489,0.0426553404448246,0.0424320068546605,0.041813461611745,0.0408702649813798,0.0396647685499748,0.0382518477094561,0.036679582589906,0.0349898902563589,0.0332191108722755,0.0313985504218313,0.0295549824757506,0.0277111113809413,0.0258859991526153,0.0240954582488591,0.0223524123117156,0.0206672268657186,0.0190480118744279,0.0175008979678256,0.0160302880683984,0.0146390860613148,0.0133289040742628,0.0121002498552151,0.0109526956615791,0.00988503000184048,0.00889539350087966,0.00798140009258301,0.00714024467815511,0.00636879832561814,0.00566369202532116,0.005021389957838,0.00443825317436371,0.00391059453558988,0.00343472570300646,0.00300699692660244,0.00262383032498032,0.00228174730792007,0.00197739074738546,0.00170754246082235,0.00146913653031152,0.00125926894267037,0.00107520399890748,0.000914377906480947,0.00077439993455745,0.000653051480871973,0.000548283368810137,0.000458211664934639,0.000381112280315384,0.000315414593659119,0.000259694310328925,0.000212665748856798,0.000173173725443851,0.000140185187172367,0.000112780726182159,9.01460898504325e-05,7.15637860196359e-05,5.64048675017629e-05,4.41209664101697e-05,3.42366362912993e-05,2.63420485088188e-05,2.00860788315769e-05,1.51698106545635e-05,1.13404726987286e-05,8.3858213511445e-06,6.12897098162102e-06,4.42366956555389e-06,3.15001171554925e-06,2.21057673626675e-06,1.52697552800855e-06,1.03678703489816e-06,6.90862423086779e-07,4.50973243343363e-07,2.87778440673981e-07,1.79084181323552e-07,1.0837003468407e-07,6.35550343158543e-08,3.59775085278431e-08,1.95632768065979e-08,1.01578138778291e-08,4.99924837560329e-09,2.31054802949559e-09,9.90908005393128e-10,3.88163598047904e-10,1.35952919388452e-10,4.13196026302143e-11,1.04298949597548e-11,2.04288759792422e-12,2.77077960710165e-13,2.10210233356096e-14,5.52442223095627e-16,1.08999880593246e-18,0
0,0.00806793627146608,0.0149018292430439,0.0213392246316742,0.0278576020501486,0.0342955467606105,0.040094493859128,0.0446668062170559,0.0476416667578444,0.0489391904464983,0.0487237185596896,0.0473063042434208,0.0450477534900386,0.0422875970036733,0.0393045515873831,0.0363032086815984,0.0334179848895218,0.0307258403911386,0.0282615037806007,0.0260314471589409,0.0240249227561634,0.0222217840817727,0.020597600280392,0.0191268585550054,0.0177849924962148,0.0165497371642028,0.0154020465155441,0.0143266247012327,0.0133120597061133,0.0123505778866641,0.0114375004605322,0.0105705267162317,0.00974897397348437,0.00897307859636365,0.00824342348617159,0.00756052018918296,0.00692454512997593,0.0063352106840274,0.00579174139296066,0.00529292179324997,0.00483718361340808,0.00442270523322075,0.00404750392179881,0.00370950991378637,0.00340661925879223,0.00313672828859426,0.00289775575125504,0.00268765910556713,0.00250444971430819,0.00234620867835088,0.00221110187870828,0.00209739033785224,0.00200343083033837,0.0019276619274702,0.00186857218399741,0.00182464960617793,0.00179431447381033,0.00177584067683006,0.00176727371186291,0.00176635615375282,0.00177047351848331,0.0017766345915781,0.00178149998741997,0.00178147032812323,0.00177284047086725,0.0017520184775683,0.00171579788270536,0.00166166037830844,0.00158807514665162,0.00149475311756131,0.0013828119060125,0.00125481210430009,0.00111463882320208,0.000967223073869805,0.000818123009263739,0.000673010750477679,0.000537131096378806,0.000414808662602854,0.000309076337413057,0.000221479639621802,0.000152081383973563,9.96550327394076e-05,6.20212852607079e-05,3.645884619069e-05,2.01125974430649e-05,1.03320907278129e-05,4.8970717199864e-06,2.11742526448794e-06,8.23653843658178e-07,2.83236697196769e-07,8.42061376853907e-08,2.10284066730483e-08,4.24793588410366e-09,6.61191905421199e-10,7.48936348979535e-11,5.94535581778706e-12,3.56585597836158e-13,1.79131364319143e-14,4.33829105555219e-16,8.51831133787483e-19,0
0,0.00653604604665042,0.0122604832501748,0.0184709674946215,0.0258325468816082,0.0339077892914703,0.0415973556627129,0.0477856468902203,0.0517602311839946,0.0533276641708607,0.0527215234719175,0.0504272675863714,0.0470128195802478,0.0430071665733821,0.038834760781794,0.0347952761273842,0.0310725151347778,0.0277575928037,0.0248756877193672,0.0224100919104621,0.020320844016594,0.0185575892244006,0.0170675894151987,0.0158002720574888,0.0147096385254124,0.0137555052825546,0.0129041343002753,0.0121284717991157,0.0114080290080798,0.0107283982863932,0.0100804433727935,0.00945926498145482,0.0088630780687664,0.00829213367318538,0.0077477870333541,0.00723177136504625,0.00674569590318538,0.0062907541342002,0.00586760579637878,0.00547638435043063,0.00511677936909194,0.00478814903441206,0.00448962923921603,0.00422021965267309,0.00397884043732677,0.00376436355507348,0.00357562828878778,0.00341145151984401,0.00327064036123966,0.0031520096055866,0.00305440096686216,0.00297669685411059,0.00291781939516493,0.00287670591781953,0.00285225480396429,0.00284323992743258,0.00284819705584957,0.00286529103074516,0.00289217778591922,0.00292587995038849,0.00296269846754156,0.0029981846916621,0.00302719688580365,0.00304406089230968,0.0030428460829898,0.00301775418762322,0.00296360090096308,0.00287635021156404,0.00275364240809821,0.00259524286741891,0.00240333437134708,0.00218258433489332,0.00193994145327327,0.00168415244006792,0.0014250339296448,0.00117257947982965,0.000936017487469733,0.000722953663509361,0.000538725267282506,0.000386062299162192,0.000265098138906577,0.000173709229310216,0.000108104387061529,6.35431597887224e-05,3.50492388787297e-05,1.80019051911192e-05,8.53004670846149e-06,3.68683869569308e-06,1.43329181800485e-06,4.9241511933298e-07,1.46161622742809e-07,3.63936892868487e-08,7.30860766123191e-09,1.12249024546622e-09,1.22847764405567e-10,8.84480718075881e-12,4.15099647312441e-13,1.5551149297444e-14,3.44276595040319e-16,6.7207121055626e-19,0
0,0.00534195630054118,0.0102178116040238,0.0162649629341068,0.0242678846106453,0.0335580789130503,0.0426201475426834,0.0499499466717406,0.0545978627158185,0.0563062718526816,0.0553761965052102,0.0524306829456392,0.0481913807240631,0.0433217475191785,0.038344860245372,0.0336205433537372,0.0293597689806216,0.0256566483974384,0.0225241450818213,0.0199255854295925,0.0177986756090373,0.0160717327510818,0.0146734231318727,0.0135378590591746,0.0126068227861291,0.0118304723262667,0.0111673735247551,0.0105842546512708,0.0100555822745608,0.00956292796758186,0.00909409467795493,0.00864203212445019,0.00820363216317525,0.007778525175448,0.00736799242851584,0.00697407809865478,0.00659894280967604,0.00624445974450037,0.00591202188966313,0.00560250843540326,0.00531635072754037,0.00505364219050857,0.00481424926195171,0.00459789741238607,0.00440422336659625,0.00423279804109121,0.00408313227962146,0.00395467878200763,0.00384683982812685,0.00375898366399936,0.00369046520497234,0.00364064112579052,0.00360886675990391,0.00359446291038858,0.00359664429868187,0.00361440710582954,0.0036463799455445,0.00369064983721838,0.00374458171778747,0.00380465625148168,0.00386635558151196,0.00392412935218574,0.00397147260982037,0.00400114168041203,0.00400552263856422,0.00397714908985714,0.00390934255796746,0.00379692235996103,0.00363690674338954,0.00342910876293239,0.00317652465685755,0.00288542396808248,0.00256508131040798,0.0022271375787319,0.00188463717394617,0.00155084716528416,0.0012380117423709,0.000956218839872707,0.000712547209312277,0.00051061979941973,0.000350619513198078,0.000229740188472732,0.000142967586444653,8.40307653759122e-05,4.63465447838231e-05,2.38022805354771e-05,1.12772049601239e-05,4.87345226469784e-06,1.89417949403858e-06,6.50536715242816e-07,1.92989509749942e-07,4.80058561871799e-08,9.62136544565515e-09,1.47100021545522e-09,1.59064624827635e-10,1.10323220794368e-11,4.58897051797964e-13,1.37362172371694e-14,2.75827699515219e-16,5.34708923864601e-19,0
0,0.00437919755679565,0.00860583097827258,0.0146094993522192,0.0232568079097375,0.033650285539094,0.0438967417782993,0.0521573302199744,0.0572941656243957,0.0590174650691572,0.0577080580873508,0.0541226621933979,0.0491224155778609,0.0434866122489477,0.0378184573662462,0.0325223361296531,0.0278249147512112,0.0238160295043641,0.0204928009391069,0.0177977740266979,0.0156474743909627,0.0139512944284473,0.012622419913225,0.011583098709594,0.0107664217862004,0.0101163012457477,0.00958674151064778,0.00914096695318497,0.00875058205428254,0.00839472982417083,0.00805915918243373,0.00773515449310441,0.0074183546576304,0.00710754695442272,0.00680354188460311,0.00650822177567029,0.00622382079960942,0.00595245185769661,0.00569585784850797,0.00545533825302815,0.00523178974191526,0.00502580113991281,0.00483775537550968,0.00466790916923959,0.00451643996672191,0.00438346463461856,0.0042690430468949,0.00417318127395767,0.0040958448461036,0.00403698487134335,0.00399657138075044,0.00397462150022817,0.0039712063894557,0.00398642083649352,0.00402030263044179,0.00407269459552599,0.0041430496465631,0.00423018780631666,0.0043320234276343,0.00444529054318351,0.00456530369208947,0.00468579951797629,0.00479890893778444,0.00489530822246143,0.00496458733840305,0.0049958535587828,0.00497855753715413,0.00490349009210402,0.00476385608648728,0.00455629475866681,0.00428169287826481,0.00394563691880967,0.00355837903081721,0.00313424981115129,0.00269053282498601,0.00224590873244633,0.00181866258852169,0.00142490653548923,0.0010770849048052,0.0007829910784286,0.000545438648522234,0.000362609662070093,0.000228976356425505,0.000136589875754835,7.64754519756448e-05,3.98812547892251e-05,1.91931013364038e-05,8.42853033662192e-06,3.33057134787106e-06,1.16358071274452e-06,3.51363559390368e-07,8.90190196279772e-08,1.81780954402265e-08,2.82962240189735e-09,3.09958653500689e-10,2.1275937041759e-11,7.88662752052025e-13,1.57090433358824e-14,2.27112767576763e-16,4.26394003634479e-19,0
0,0.00360101758121945,0.00732692796335956,0.0133502415932378,0.0225895754988142,0.0339337380018873,0.0451607700648876,0.054154088480546,0.0596317995321392,0.0612945865377207,0.0596050046419663,0.0554408386222405,0.0497829447916691,0.0435056080611722,0.0372741636590598,0.0315242407387862,0.0264898449174427,0.0222524958094287,0.01879268693218,0.016033553730976,0.013873025834083,0.0122046678271487,0.0109293430297158,0.00996041165492176,0.00922497269811069,0.00866309684337236,0.00822634226139854,0.00787625078190445,0.00758307163783078,0.00732468769556788,0.00708561514166494,0.00685596542795667,0.00663033365545477,0.00640665382309088,0.00618510585737287,0.00596716479058398,0.00575485804349804,0.00555025768179933,0.00535519490761867,0.00517115386463874,0.00499928607846699,0.00484048601873962,0.00469547937131646,0.0045648935706511,0.0044492993306106,0.00434922753545767,0.00426517493297376,0.00419761381013385,0.00414701637085768,0.00411389627712927,0.00409886055672192,0.00410265724142868,0.00412619923527409,0.00417054360712505,0.0042368075886311,0.00432600752059921,0.0044388143651508,0.00457522900212151,0.00473419240198356,0.00491315987217555,0.00510768429427628,0.00531106894780466,0.00551416320544519,0.00570538000812516,0.00587100804293034,0.00599587007023754,0.00606434007170406,0.00606167746056384,0.00597557252127365,0.00579773394564766,0.00552530047622992,0.00516183874113467,0.00471771022789302,0.00420965743045133,0.0036595683473087,0.0030925145187129,0.00253429571700944,0.00200883389235896,0.00153581123677716,0.00112892315612868,0.000795014106816954,0.000534200289151324,0.000340893613157124,0.000205471462431406,0.000116229210950298,6.1233985090086e-05,2.97704296099258e-05,1.32071811349089e-05,5.27247403132155e-06,1.861082335382e-06,5.67870209689789e-07,1.45395589197397e-07,3.00062026359504e-08,4.71890331675155e-09,5.2128336407399e-10,3.57840330761471e-11,1.27155946426535e-12,1.98316171172874e-14,1.92574666794935e-16,3.40791968504768e-19,0
0,0.00297154252354664,0.00630907679113962,0.012382062009321,0.0221378918894275,0.034273212114273,0.0462881028341703,0.0558417797990928,0.0615458514719089,0.0631066797806025,0.0610644838715368,0.0564019914107705,0.0501990102587675,0.0434049613595628,0.0367315193703162,0.0306349300406825,0.0253507949329773,0.0209504618863072,0.0173986179784287,0.0146013634692292,0.012441077499363,0.0107986105309309,0.00956533929217851,0.00864815191420527,0.00797014645494259,0.00746918715585816,0.00709575003914867,0.00681085203511654,0.00658436785621783,0.00639372518744554,0.00622282675703999,0.0060610405835361,0.00590216856649907,0.00574338936724744,0.00558423346593758,0.00542567082098717,0.00526937904732374,0.00511722670667265,0.00497096774607589,0.00483211138537403,0.00470191359585867,0.0045814332853067,0.00447160586435508,0.00437330397525939,0.00428737402324482,0.00421465275585219,0.00415597731094651,0.00411220394696526,0.00408424610984387,0.00407313389945823,0.00408008711160852,0.0041065852342098,0.00415441163607704,0.00422564637481083,0.00432258259410409,0.00444754519024167,0.0046025972926141,0.00478913047662978,0.00500734908528236,0.00525567791593856,0.00553014527151489,0.00582381787515187,0.00612638638219541,0.00642401439408705,0.00669956321862646,0.00693328286886327,0.00710401314052916,0.00719086772587582,0.00717528590857886,0.00704324362626363,0.00678733710846045,0.00640840876499464,0.00591639510488698,0.00533015107782504,0.00467614253384766,0.00398608113387487,0.0032937718489471,0.00263161034196109,0.00202726378270775,0.00150106280963673,0.00106451495274169,0.000720139348909054,0.000462564151311851,0.000280583539866166,0.000159702512014953,8.46474787236494e-05,4.1398233598645e-05,1.8473238234081e-05,7.41746072946687e-06,2.63327619619949e-06,8.08092462637251e-07,2.08084557026595e-07,4.31878118890682e-08,6.82930238327076e-09,7.579911544016e-10,5.21045120660291e-11,1.82148794202893e-12,2.50299660142896e-14,1.68252856855941e-16,2.73087339844276e-19,0
0,0.00246124166103085,0.00549903576279702,0.0116454954512537,0.0218610912123189,0.0346690113805947,0.047331233644589,0.0573230521962991,0.0631764200163949,0.0646128494974759,0.0622453810348429,0.057148434048093,0.0504848262303214,0.0432645430930836,0.0362345291524062,0.0298646502437599,0.0243887625573865,0.0198674712378592,0.0162508772769257,0.0134301993509345,0.011274708691884,0.00965485648534819,0.00845450260790525,0.00757562357152722,0.00693850555306406,0.0064797141623185,0.0061493690001259,0.00590858277629261,0.00572741184639097,0.00558332683895845,0.00546004320541049,0.00534652182980273,0.00523600778173874,0.00512506331418193,0.00501262438493962,0.00489914636970012,0.0047859036523319,0.0046744815979419,0.00456646386112873,0.0044632864146244,0.0043662102379697,0.00427635984349611,0.00419478276509442,0.00412250100046662,0.00406054343992038,0.00400996348098344,0.00397185504568972,0.00394738200727452,0.00393783147790976,0.00394469267093873,0.00396975271862151,0.0040151911738847,0.00408364748275849,0.00417823122830036,0.0043024436597797,0.00445998111501495,0.00465439692548799,0.00488860922512003,0.00516425894232933,0.0054809459271953,0.00583540120204678,0.00622068720664753,0.00662555053661627,0.00703407546623627,0.00742579238788339,0.00777637435383842,0.00805900111431249,0.00824638284482549,0.00831332231951667,0.00823957047611145,0.00801261960623099,0.00763000835308048,0.00710070915108876,0.00644524864889127,0.0056943761856034,0.00488632546033166,0.0040629708596383,0.00326540884883394,0.00252963988392808,0.00188304309011842,0.00134220686052482,0.000912422073317336,0.000588815331892315,0.000358776451179694,0.000205099478738334,0.000109170089380872,5.36121216017802e-05,2.40203433935356e-05,9.68319097020486e-06,3.45117697043781e-06,1.06323162468503e-06,2.74850873761995e-07,5.72667632213434e-08,9.0901571386103e-09,1.01243391995811e-09,6.9727122503938e-11,2.42110433708838e-12,3.10557336241693e-14,1.51950406297005e-16,2.19416275945658e-19,0
0,0.00204642221055162,0.00485335102700254,0.0110882089739211,0.0217137100829022,0.0350970554041371,0.0482956517230179,0.0586331037123236,0.064581829740447,0.0658841388694651,0.0632202594962181,0.0577445617361404,0.0506897137867896,0.0431148200595429,0.0357938456100803,0.0292054507533096,0.0235798297072095,0.0189670170843436,0.0153039557608392,0.0124689766290405,0.0103203108080747,0.00871985331151224,0.00754542654781313,0.00669518939489143,0.0060873787009344,0.00565778436740808,0.00535655019645304,0.0051452015549153,0.00499427622108147,0.00488158450483533,0.00479093896000402,0.00471114609730271,0.00463509782965069,0.00455888550601515,0.00448093840475377,0.00440123520279595,0.00432064617740551,0.00424044526296965,0.0041619997499058,0.00408661530774644,0.00401549424614748,0.00394975893619159,0.00389049875232832,0.0038388133546287,0.00379584208083799,0.00376278368749897,0.0037409193806944,0.00373165383126151,0.0037365843937206,0.003757599999715,0.00379700055817513,0.00385761727772393,0.00394290559096857,0.00405697611023012,0.00420452574368547,0.00439063132442982,0.00462037290559955,0.00489826486043011,0.00522749192059175,0.00560897557346378,0.00604033353663602,0.00651483846042045,0.00702052543914679,0.00753963199372276,0.00804856742222419,0.00851858929534282,0.00891730492987262,0.00921101289597277,0.00936776142078451,0.00936084528725293,0.00917231882229253,0.00879600414089584,0.00823945430211818,0.00752441388192866,0.00668550933973544,0.00576717814842798,0.00481916291507662,0.00389118925763114,0.00302764298763537,0.00226310503362005,0.00161946494961587,0.00110503354562721,0.000715675506255536,0.000437579722011636,0.00025098126193887,0.000134022920740284,6.60236937588144e-05,2.96720475459538e-05,1.19976330898308e-05,4.28881754941727e-06,1.32520495075194e-06,3.43585643205087e-07,7.17999920959997e-08,1.14306139445473e-08,1.27666602641397e-09,8.81005051354789e-11,3.05096188984731e-12,3.76386846756711e-14,1.41815617035964e-16,1.76756759182395e-19,0
0,0.0017083715247537,0.00433752670527204,0.0106673733049604,0.0216553233635282,0.0355293633959403,0.0491717282503724,0.0597812119839278,0.0657863062373839,0.0669531717093902,0.0640230298215689,0.0582194349824662,0.0508335619204706,0.0429642175318318,0.0354059476151494,0.0286427470419383,0.0229000973876763,0.0182180535396759,0.0145219051760843,0.0116789421574887,0.00953815662154772,0.00795442273802252,0.00680070527332025,0.00597217115444186,0.00538553699959192,0.00497613436509095,0.00469432541932096,0.00450219320959561,0.00437090124693823,0.00427876332832248,0.0042098697586308,0.0041530546513318,0.0041010218930862,0.00404952645452714,0.00399658836844173,0.00394177021464619,0.00388556666476882,0.0038289432761761,0.00377303520459393,0.0037189887373354,0.00366790921971433,0.00362087220810945,0.00357895980485123,0.00354329716820241,0.00351507992679281,0.00349559686580809,0.00348626054827116,0.00348866023633542,0.00350464713102408,0.00353645328162245,0.00358683467158886,0.00365921788512817,0.00375781976138359,0.00388770140285284,0.00405471250075992,0.00426528014068044,0.00452599966160822,0.00484299602530038,0.00522104499786762,0.00566247606521293,0.00616592332851681,0.00672504348363926,0.00732737427476277,0.00795355147789786,0.00857712366778859,0.00916518756229854,0.00968000166292496,0.0100816186135924,0.0103314146388141,0.0103962081925271,0.0102524825280775,0.00989009923893953,0.00931485277045351,0.00854929958930419,0.00763150863318253,0.00661170079253605,0.00554712215308347,0.00449585179281221,0.00351049465677675,0.00263278133877919,0.00188995348072122,0.00129347227780061,0.000840119722499527,0.000515080027485141,0.000296215441657982,0.000158583313092684,7.8317676097934e-05,3.52829437856177e-05,1.4300528011199e-05,5.1241436862874e-06,1.58704140261451e-06,4.12441143891122e-07,8.63929062481179e-08,1.37864779169929e-08,1.54335626037318e-09,1.06706103646462e-10,3.69245469074311e-12,4.45236114521057e-14,1.36333678194353e-16,1.42768623667902e-19,0
0,0.00143221521665557,0.00392482947259329,0.0103516962086087,0.0216600274315569,0.0359539956414965,0.0499656540498322,0.0607907566417741,0.0668255682134246,0.0678612675674123,0.0646938953210775,0.058606749255453,0.0509400883453611,0.0428249481533898,0.0350716219971745,0.0281670993134509,0.0223317309202108,0.0175964130963592,0.0138762336681621,0.0110290671003773,0.00889617414404029,0.00732664411645658,0.00618949720173559,0.00537751452511004,0.00480624701994364,0.00441074425032935,0.00414166020070777,0.00396167067918099,0.00384260675567844,0.00376335665812848,0.00370839065927553,0.00366669276137803,0.00363090479066776,0.0035965600225074,0.00356136270450387,0.00352452734387147,0.00348621596368664,0.00344710676113483,0.00340810604693523,0.00337019044329717,0.00333434799145158,0.00330157975338298,0.00327292752870692,0.00324950499822348,0.00323252410748828,0.00322332125676931,0.00322339571360644,0.00323447430702436,0.00325861227767563,0.00329833163415949,0.00335678739172517,0.00343794035483849,0.00354670390427266,0.00368902244779555,0.00387183167487378,0.0041028468686959,0.004390127416553,0.00474137623182533,0.00516295520602722,0.00565863440174639,0.00622814365528874,0.00686565717471011,0.00755840660940548,0.00828567327694446,0.00901843966152631,0.00971996713402165,0.0103474976383224,0.010855146558483,0.0111978694435333,0.0113361693103671,0.0112410011949267,0.0108981737808687,0.0103114924814807,0.00950397107397926,0.00851667244956525,0.00740510185516147,0.00623351010174232,0.00506788207740858,0.00396868821271434,0.00298457749354912,0.00214804462401983,0.00147372535156794,0.000959441551725136,0.000589559243877604,0.00033978136903744,0.000182287964002295,9.02077664787051e-05,4.07204769140502e-05,1.65367255862624e-05,5.93688903363102e-06,1.84230821388842e-06,4.79704895165628e-07,1.00678127002816e-07,1.60976949777019e-08,1.80561199949172e-09,1.25054013910155e-10,4.32796482714962e-12,5.14736480487186e-14,1.34260100827385e-16,1.15625379457827e-19,0
0,0.00120610496055027,0.00359428176995445,0.0101173222225713,0.0217092981335409,0.0363644880231296,0.0506858711109439,0.0616836969989729,0.0677306610628602,0.0686428489604394,0.0652652341983367,0.0589326991219823,0.0510268326622771,0.0427050157903342,0.0347897047245094,0.0277693595756602,0.0218591934116449,0.0170818600466705,0.0133435825185468,0.0104942196196671,0.00836854629373642,0.00681085481543995,0.00568692595057852,0.00488760128904272,0.00432750354109367,0.0039414901776343,0.00368051107333918,0.00350780702116571,0.0033958569070595,0.00332413409063787,0.00327753551003946,0.00324527073960515,0.00322001078377569,0.00319715988453125,0.0031741895078036,0.0031500328512851,0.00312456743347135,0.00309821426285914,0.00307166533976573,0.00304572946162092,0.0030212693652126,0.0029991961899465,0.00298049043085537,0.00296622901586859,0.00295761145257733,0.00295598985965158,0.00296291509339165,0.00298021276534739,0.0030100989441353,0.00305533699452548,0.0031194259616307,0.00320679865219555,0.00332299523628771,0.00347476669950467,0.00367005288994859,0.00391777393315816,0.00422737408737693,0.00460806720914521,0.00506775668491323,0.0056116428505521,0.00624058801740605,0.00694937966744597,0.00772510739904919,0.00854593466263879,0.00938058400180843,0.0101888450911653,0.0109233424608595,0.0115326574273086,0.0119656934443539,0.0121769301664332,0.0121319702915054,0.0118125979920797,0.0112204936202317,0.0103788296649754,0.00933122433025301,0.00813793021460083,0.00686962324848697,0.00559963376801828,0.00439581491018352,0.00331337439541988,0.00238984916380282,0.00164299021764831,0.00107173261383753,0.000659795065600977,0.000380946890358528,0.000204729623224563,0.000101485432885215,4.58874072798559e-05,1.86654884121182e-05,6.71198221574474e-06,2.08618962123972e-06,5.44086356673973e-07,1.14376939847518e-07,1.83183931143827e-08,2.05813100681201e-09,1.42764543265008e-10,4.94372746096338e-12,5.8302276205925e-14,1.34617331678249e-16,9.38997667868262e-20,0
0,0.00102058154203,0.00332929235043253,0.00994559065374804,0.0217888351378926,0.0367559505216233,0.0513387765486271,0.0624762992994162,0.0685240664976133,0.0693221550008886,0.0657589825005847,0.0592139666610361,0.0511036069178443,0.0426069572069902,0.0345559559112201,0.0274395606188475,0.0214680778369616,0.0166568418908494,0.0129044117927614,0.0100538269550221,0.00793440727956932,0.00638644429952989,0.00527303290360863,0.00448341252341553,0.00393144263788741,0.00355183132465242,0.00329579442335488,0.00312707932909324,0.0030187601868877,0.00295087008331881,0.00290874217688514,0.00288185277576322,0.00286296467792884,0.0028474248898644,0.00283254225092539,0.00281702962154061,0.00280052785557814,0.00278323447751987,0.00276564769050266,0.00274841772776108,0.00273228224629328,0.00271805569494999,0.00270664513930074,0.00269907441197647,0.00269651065841716,0.00270029837209901,0.00271201296740464,0.00273354747221338,0.00276724211225644,0.0028160584278288,0.00288378849132213,0.00297527706348636,0.00309662115569145,0.00325529837680522,0.00346016387865491,0.00372124771285433,0.00404928310759831,0.00445490567614021,0.00494748827918666,0.00553361959752251,0.00621529716433782,0.00698798395062448,0.00783876212752494,0.00874489286224092,0.00967313675498462,0.0105801841164845,0.0114144695179722,0.0121194922322597,0.0126385399653914,0.0129204434467243,0.0129257189293184,0.0126322432314101,0.0120395133632874,0.0111706195113037,0.0100713269561875,0.00880609831807414,0.00745142470059831,0.00608736619289685,0.00478860407169806,0.00361646742723144,0.00261325158095452,0.00179970388549549,0.0011759051229831,0.000725077157111843,0.000419279048872845,0.000225663618321586,0.000112023549684383,5.07236449650484e-05,2.06613189749244e-05,7.43987491992868e-06,2.31559890278678e-06,6.04748934333133e-07,1.27306648179754e-07,2.04181677454999e-08,2.29735882128098e-09,1.59580057495118e-10,5.53026420672617e-12,6.4877412658e-14,1.36659580203343e-16,7.64744194805372e-20,0
0,0.0008680544783376,0.00311673425931378,0.00982212240344151,0.0218882704798921,0.0371259595829789,0.0519310995836658,0.0631829638924918,0.0692246609552733,0.0699188450851007,0.066192357282004,0.0594630985220422,0.0511771801529671,0.0425316267641773,0.0343658674468532,0.0271687738729525,0.0211461151385437,0.0163067897651124,0.0125427519008222,0.00969123514905397,0.00757695395724762,0.00603684074048331,0.00493174052648868,0.00414954796070542,0.00360347558851296,0.00322809779695684,0.00297485086928805,0.00280791752074823,0.00270089884296532,0.0026343417329923,0.00259400098549697,0.00256963583011816,0.00255414066034354,0.00254285857278287,0.00253299278602414,0.00252308888481089,0.00251259546430637,0.00250152028465232,0.00249019073787735,0.00247911188593309,0.00246890175246302,0.0024602772601439,0.00245406631150038,0.00245122996856428,0.00245288988027838,0.0024603663434207,0.00247523892232639,0.00249944304333704,0.00253541236651743,0.00258626882728817,0.00265605117526309,0.00274995969433727,0.00287458046711436,0.00303803797606227,0.00325001140705184,0.00352154008006216,0.00386454054991833,0.00429096674681785,0.00481157003426148,0.00543426216771572,0.00616215186674017,0.00699141127783487,0.00790922194041417,0.00889213427873567,0.00990522814900088,0.0109024607108018,0.0118285114745852,0.0126222724708373,0.0132218902572803,0.0135709729612297,0.0136252779020967,0.0133589573647734,0.0127693296187342,0.0118792146131159,0.010736153651233,0.00940829922129792,0.00797734349492144,0.00652943688060148,0.00514549547070678,0.00389248510552329,0.00281712711696854,0.00194300311132647,0.00127133904259089,0.000784989647159105,0.000454518426098987,0.000244940324408149,0.000121742943593176,5.51911416376174e-05,2.25078251653802e-05,8.11434122895675e-06,2.52849642448017e-06,6.61132774059795e-07,1.39343484430555e-07,2.2376172448602e-08,2.52082884835313e-09,1.75319510003594e-10,6.08081577377228e-12,7.11024650963618e-14,1.39809984355012e-16,6.24702884339961e-20,0
0,0.000742416900812376,0.00294620340448074,0.00973585775435213,0.0220002218903843,0.0374738851297757,0.0524696923100741,0.0638165490671189,0.0698485178196419,0.0704491340332548,0.0665791366559953,0.0596897455790457,0.0512523270705534,0.042478954298966,0.0342150833570301,0.0269491914941105,0.0208829514195323,0.0160196454191924,0.012245544962356,0.00939293066417995,0.0072826091288273,0.00574866989195997,0.0046500519298128,0.00387350240364254,0.00333166961100285,0.0029589947901549,0.00270708394799159,0.0025404811914969,0.00243324101509763,0.00236636808846749,0.00232600952572226,0.00230220628118186,0.0022880066177584,0.00227878751717774,0.00227169135600633,0.0022651410133512,0.00225843225558541,0.00225141476567019,0.00224426835149137,0.00223736820109935,0.00223122123597832,0.00222644992843027,0.002223801770988,0.00222417025924887,0.00222862354494561,0.0022384464352191,0.00225520757308021,0.00228086509071688,0.00231792060944692,0.00236962377644692,0.00244021849545926,0.00253520851057753,0.00266160482477249,0.00282810150563036,0.00304511127694488,0.00332458053020169,0.00367949898660196,0.00412302734153878,0.00466719233034299,0.00532114715490471,0.00608906741924012,0.00696784480683016,0.00794484211499412,0.00899606617121451,0.0100851759924632,0.0111637464484494,0.0121731302272236,0.0130480911760238,0.013722125738353,0.0141340742897699,0.0142353016990691,0.0139964647573743,0.0134127566052914,0.012506585673859,0.0113269374450364,0.00994516169099739,0.00844755089179625,0.00692570495655699,0.00546616699826514,0.00414103087928013,0.00300108236926301,0.00207254566518452,0.00135776542768568,0.000839339373925861,0.000486537806085547,0.000262483028369,0.000130601473725218,5.92689829939431e-05,2.41957387272968e-05,8.73177126880317e-06,2.72367232413989e-06,7.12898751765196e-07,1.50410995742317e-07,2.41792879658271e-08,2.72696031463542e-09,1.89864693311223e-10,6.59087095177726e-12,7.69102566734206e-14,1.43626568573643e-16,5.11940319342482e-20,0
0,0.000638744592370438,0.00280942703159244,0.00967823634588153,0.0221193681844536,0.0378000147026458,0.0529608347063986,0.0643879298183785,0.0704087223123706,0.0709258074391488,0.0669297869796739,0.0599008067501841,0.0513319070207718,0.0424479029506409,0.0340992083690142,0.0267737828578859,0.0206696686382356,0.0157852743546355,0.0120019841900195,0.00914784051364358,0.00704031453410259,0.00551106911368911,0.00441740968212933,0.00364508874088388,0.00310625034476843,0.00273519572365092,0.00248365095638545,0.00231645106304389,0.00220803172819745,0.00213979618760514,0.00209824661378154,0.0020736930455678,0.00205934693951293,0.00205064443500344,0.00204470114382289,0.0020398536401965,0.00203527878359897,0.00203069677277947,0.00202616195772111,0.00202193539629991,0.00201842304008646,0.00201615843190767,0.00201581046466779,0.00201820377346776,0.00202434883973288,0.0020354877611677,0.00205316745738353,0.0020793535130536,0.00211659463345355,0.00216824022855344,0.00223870266076963,0.00233374189192489,0.00246073432406108,0.00262887046873506,0.0028492093433927,0.00313450403706783,0.00349870704093539,0.00395607129202384,0.00451978941473863,0.005200164190906,0.00600237943842311,0.00692403838765264,0.0079527453000509,0.00906410676037733,0.0102205967427012,0.0113717365280447,0.0124559625437468,0.0134043788248092,0.014146321143479,0.0146163258092597,0.0147617512104022,0.0145500167477118,0.0139742803094517,0.013056437541282,0.0118466259374612,0.0104189351907703,0.00886368458490428,0.00727729966920151,0.00575134865436835,0.00436254030294174,0.00316535077498903,0.00218843768645103,0.00143521866270251,0.000888126328069371,0.000515325063409826,0.000278278728310434,0.000138589478618921,6.29513379297457e-05,2.57220859686902e-05,9.29087540312317e-06,2.90065552026992e-06,7.59905046519657e-07,1.60475195880447e-07,2.58213601937589e-08,2.91497450178986e-09,2.03154556435991e-10,7.05797027979835e-12,8.22602213622888e-14,1.4777891048038e-16,4.20976530349879e-20,0
0,0.00055305453703051,0.00269980963849135,0.00964262867336881,0.022241925113178,0.0381052363710546,0.0534102326667581,0.0649063352733917,0.0709159937482654,0.0713590224683715,0.0672523178328532,0.0601012242144909,0.051417513768482,0.0424369228175164,0.0340140480448143,0.0266363301597307,0.0204986423346992,0.0155951816570149,0.0118031264621343,0.00894687834407756,0.00684104286093542,0.00531519248462634,0.00422521609458125,0.00345599097908646,0.00291920137499011,0.00254899863541988,0.00229718344837897,0.00212881775373533,0.00201865116943644,0.00194842742983821,0.00190496319993635,0.00187881794750419,0.0018633664247406,0.00185411941886947,0.00184819084873854,0.00184385998602712,0.0018402132508782,0.00183686641447516,0.0018337686434811,0.00183108213037265,0.00182912257511764,0.00182834150088715,0.00182933299935973,0.00183285399099078,0.00183985590761568,0.00185153400906053,0.00186940605654481,0.00189543348176503,0.00193219514725121,0.00198311655452761,0.0020527464420043,0.00214705866240647,0.00227374061520243,0.00244241124601097,0.0026646934551927,0.00295405075036294,0.00332529078035371,0.00379364499070254,0.00437336046379727,0.00507579227856981,0.00590706430607083,0.00686546941673842,0.00793889523639894,0.00910266931521805,0.0103182915359366,0.0115335324896168,0.0126842983985462,0.0136984812200274,0.0145017313287058,0.0150247392086875,0.0152112475501572,0.0150257120132704,0.0144593706011056,0.0135335382635034,0.0122992503927649,0.0108329181284489,0.0092283497940517,0.00758620180970644,0.00600248553040001,0.00455802126426673,0.00331060148584307,0.00229109993617576,0.00150394781707811,0.000931488291597819,0.000540950781683515,0.000292360524806936,0.000145720953432106,6.62434300552343e-05,2.70885344108376e-05,9.79208482702141e-06,3.05952601146505e-06,8.0215785231496e-07,1.69534139041792e-07,2.73015207044608e-08,3.08470500791599e-09,2.15171960563542e-10,7.4812415319491e-12,8.71325401283839e-14,1.52023988027779e-16,3.474679732521e-20,0
0,0.000482116087023119,0.00261208165207244,0.00962390490928782,0.0223652630169317,0.038390831953588,0.0538230651094628,0.0653796592306881,0.0713792076784553,0.0717569524184801,0.0675529499572705,0.0602945877883599,0.0515099541159951,0.042444270088653,0.0339557603567959,0.0265314237579084,0.0203634041977152,0.0154422708495397,0.0116415771965584,0.00878258260923643,0.00667741252779931,0.00515382121228678,0.0040664543881075,0.00329940811009575,0.00276394021835189,0.00239404162742862,0.00214154759180606,0.00197169062221011,0.00185947369732934,0.00178692660879233,0.00174113969319626,0.00171289838091065,0.00169573453404987,0.00168524165576685,0.00167854969192282,0.00167390317915284,0.00167032149462351,0.00166733744824226,0.00166481309042721,0.00166282598302852,0.00166161220666967,0.00166154881815746,0.00166316010640222,0.00166713805479112,0.00167437565119109,0.00168601949012089,0.00170355335467737,0.00172892587382454,0.00176473248224769,0.00181445488244879,0.00188275037141607,0.00197576913398678,0.00210146040283384,0.0022698091420029,0.00249292545483887,0.00278489250223177,0.00316127027117648,0.00363815840053916,0.00423074826220757,0.00495134820495555,0.00580694840810948,0.00679649936162228,0.00790819891344911,0.00911719686196679,0.0103842057670687,0.0116555212745889,0.0128648772801835,0.0139373746963193,0.0147954313691075,0.015366334898911,0.015590597256497,0.0154299892582031,0.0148739610627228,0.0139432061098955,0.01268943872294,0.0111910127228766,0.0095447278406938,0.00785491298135761,0.00622146977243464,0.00472884610888693,0.00343778553312157,0.00238115954519542,0.00156434451427127,0.000969655555853716,0.000563541633130307,0.000304793072783503,0.000152026224677948,6.91581765283223e-05,2.83000064984889e-05,1.02370464680402e-05,3.20075590038195e-06,8.39769413139192e-07,1.7760899422362e-07,2.86227406978416e-08,3.23643337976055e-09,2.25932131186955e-10,7.86099222486681e-12,9.15230095589468e-14,1.56186530460337e-16,2.87963047505183e-20,0
0,0.000423302646411716,0.00254202378639246,0.00961809322506033,0.0224875924732304,0.0386582802491054,0.0542039588544939,0.0658146111195876,0.0718056844481827,0.0721261496043056,0.0678364842716221,0.060483452142431,0.0516094738393,0.042468122395905,0.0339208586282332,0.0264543634539474,0.0202584597315132,0.015320598761919,0.0115112027631932,0.00864880449448279,0.00654336595132748,0.00502104397436545,0.00393538022823312,0.0031697639806741,0.00263505224834633,0.00226506549616606,0.00201163920083225,0.00184012789269736,0.00172573463401615,0.00165072576959343,0.00160242616427571,0.00157182220204336,0.00155259263984068,0.00154041630735491,0.00153245105268384,0.00152692381697169,0.00152280580951959,0.00151956493429691,0.00151699188832298,0.00151509251679837,0.0015140334046639,0.00151412482862234,0.00151582690510524,0.00151977048580383,0.00152679208319295,0.00153798947566558,0.00155480965138126,0.00157918215658703,0.00161370821081666,0.00166190912554117,0.00172852681061157,0.00181985472468345,0.00194405991601164,0.00211143669581817,0.00233451188708663,0.00262790391178785,0.00300782839101916,0.00349114809050338,0.00409389210638788,0.00482922407534298,0.0057049242554468,0.00672056180427292,0.00786465956113693,0.00911227327813066,0.0104234921123674,0.0117433852918625,0.0130038423280812,0.0141275638228576,0.0150341601923438,0.0156479369763739,0.0159065468870122,0.0157693521873266,0.0152241567737577,0.0142910132873074,0.0130221278333608,0.0114974571663027,0.00981633689598409,0.00808625068313435,0.00641047251893864,0.00487661991036908,0.00354803740686104,0.00245938015049166,0.00161689600484409,0.00100292124140311,0.000583262807703293,0.000315662915211028,0.000157547052215641,7.17139269310382e-05,2.93637415053733e-05,1.06282792132314e-05,3.32510057656028e-06,8.72929135055004e-07,1.84737865696913e-07,2.97908239662311e-08,3.37077394270155e-09,2.35474512785256e-10,8.19841989788685e-12,9.54393423133661e-14,1.60144189015319e-16,2.39712976042758e-20,0
0,0.000374473749639903,0.00248625067920721,0.00962211775144131,0.0226077340592052,0.0389091305143953,0.0545570054546259,0.0662168743094215,0.0722014529999447,0.0724718605825648,0.0681066128137901,0.0606695980169903,0.0517159397934088,0.0425066690357827,0.0339062108626048,0.0264010773497268,0.0201791421111011,0.0152251813307544,0.0114069042167235,0.00854046328693012,0.0064339175466505,0.00491200600155376,0.00382727829336988,0.0030624762778201,0.00252807605509722,0.00215771877188092,0.0019032112288477,0.0017299888081622,0.00161340860483728,0.00153592948255949,0.00148507450274216,0.00145200599821635,0.00143053706658745,0.00141643060161698,0.00140687969356221,0.00140010635882389,0.00139504860194903,0.00139112437029764,0.00138806652953598,0.00138582068452455,0.00138449329307713,0.00138433533312698,0.00138574860923065,0.00138930722968988,0.00139579409030306,0.00140625919056918,0.00142211141563445,0.00144525682810384,0.00147829396514964,0.00152477000135535,0.00158949097614192,0.00167886472456041,0.00180123700712781,0.00196716048033242,0.00218951454316533,0.00248337528850714,0.00286552416407027,0.00335348843198655,0.00396403357142798,0.00471108360961072,0.00560313255530023,0.0066403249445039,0.00781151388162375,0.00909172952176459,0.0104405804286199,0.0118021315598275,0.0131067257099579,0.0142750219065756,0.015224217362802,0.015876029894489,0.016165605585638,0.0160501660654366,0.0155160144787681,0.0145825600784538,0.0133023419469475,0.0117566173124523,0.0100468444062163,0.00828318650809028,0.00657181034381079,0.00500307516777966,0.00364259594887032,0.00252660545279112,0.00166214706995114,0.00103161709088975,0.000600303618059793,0.000325070529516524,0.000162332581957179,7.39325870459812e-05,3.02885138902705e-05,1.09688862770955e-05,3.43350728767314e-06,9.01879210623664e-07,1.90970555790013e-07,3.08135495145148e-08,3.48857527477485e-09,2.43855765609368e-10,8.49536185087086e-12,9.88979770564657e-14,1.63815440171194e-16,2.00524049537435e-20,0
0,0.000333881203780096,0.00244204093664992,0.00963359789631881,0.0227249513050264,0.0391449263564955,0.0548858047398508,0.066591263339545,0.0725714887662156,0.0727982986672039,0.0683661804119676,0.0608542474173204,0.051828986864571,0.0425581815442108,0.0339090366338444,0.026368054795031,0.0201214943717721,0.0151518388465795,0.011324438226041,0.00845335351120513,0.0063449552797248,0.0048227111785945,0.00373826943773862,0.00297377215382302,0.00243933025094441,0.00206839802705499,0.00181272962672011,0.00163780679099501,0.00151910136157578,0.00143922618986945,0.00138586959023794,0.00135034584784374,0.00132658873649719,0.00131044132261525,0.00129913584251027,0.00129089845445799,0.00128464561337189,0.00127975751394489,0.00127592062788324,0.00127303035417165,0.00127114151245612,0.00127045284576538,0.00127131366148192,0.00127424597373719,0.0012799824556178,0.00128952717453059,0.00130425071782453,0.00132603273518455,0.00135746251969094,0.00140210179395893,0.00146480330053175,0.00155206413585528,0.00167237425890206,0.00183649910505104,0.00205761275078521,0.00235117827344933,0.00273446039576557,0.00322555935674174,0.00384188193621052,0.00459802215261397,0.00550311311085286,0.00655782915990914,0.00775135167127422,0.00905874060022737,0.0104392475711826,0.0118361304912945,0.0131784535307594,0.0143851606247015,0.015371397804072,0.0160566605969605,0.0163739189056424,0.0162785092576951,0.0157553792017926,0.0148233046197351,0.0135350236633981,0.0119728264425729,0.0102399216616578,0.00844871982069968,0.00670784033720701,0.00510998861688783,0.00372274153522751,0.0025837141813235,0.00170066948717049,0.00105609398423112,0.00061486586541341,0.000333123874154285,0.000166436049406885,7.58380849877634e-05,3.10839919242995e-05,1.12623183221418e-05,3.52703956671781e-06,9.26894395727885e-07,1.96364203320534e-07,3.16999547262201e-08,3.59083749348126e-09,2.5114386125576e-10,8.75408328781477e-12,1.01921379285475e-13,1.67149769215768e-16,1.68641989470669e-20,0
0,0.000300094259815752,0.00240720305890269,0.009650692707966,0.0228388251651514,0.0393671544304022,0.0551935076471237,0.0669418529861602,0.0729199005319395,0.0731088513656009,0.0686173774444711,0.0610382152934786,0.0519481135827129,0.0426210489360457,0.0339268857442974,0.0263522772068663,0.0200821632438327,0.0150970636604599,0.0112602682267029,0.00838398724958833,0.00627307997532871,0.00474986252528476,0.00366515530567247,0.00290053913513505,0.00236577239257677,0.00199411632675804,0.00173725273883283,0.00156068109464757,0.00143995480780194,0.00135780742661206,0.00130206316644171,0.00126416588522853,0.00123815612505143,0.0012199515595445,0.00120682493864754,0.00119701277686721,0.00118941888982145,0.00118339555107647,0.0011785923952955,0.0011748632741781,0.00117221893712389,0.00117081241627339,0.00117094610807251,0.00117309461514213,0.00117794405530285,0.00118645493104385,0.00119996013778646,0.00122031112064109,0.00125008291827395,0.00129284254512668,0.00135347469263088,0.00143854399892918,0.00155665432519726,0.0017187434249931,0.00193822814832502,0.00223089465014063,0.00261441568947274,0.00310738036952765,0.00372774853582714,0.00449069921805183,0.00540593290611471,0.00647460751919692,0.0076862252899606,0.00901592033372279,0.0104226938386191,0.0118491707473271,0.0132233764884358,0.0144628348590511,0.0154809704442955,0.0161953920429689,0.016537199768603,0.0164600855533486,0.0159477829725633,0.0150184537627703,0.0137249228764193,0.0121502778087087,0.0103991446938945,0.00858579051827247,0.00682088681694666,0.00519912254058917,0.00378975136709543,0.00263158778663484,0.00173303996811092,0.00107670776658759,0.000627155325462486,0.00033993363858751,0.000169912340044055,7.7455230099515e-05,3.1760258147299e-05,1.15121954813477e-05,3.60682017829839e-06,9.48266669409709e-07,2.00979959371829e-07,3.2459786372573e-08,3.67864859271001e-09,2.57413514163719e-10,8.97711245606597e-12,1.04535927533701e-13,1.70119954410149e-16,1.42661295197211e-20,0
0,0.000271939701614739,0.00237996932848607,0.00967198013921522,0.022949160557548,0.0395772125263358,0.0554828595173016,0.0672720879476308,0.0732500819579162,0.0734062433536816,0.0688618866096953,0.061222020304696,0.0520727465146214,0.0426937937994804,0.033957610206403,0.0263511536247632,0.0200583072210202,0.0150579093661117,0.0112114420677079,0.00832946600566679,0.00621547559117843,0.00469073377923439,0.00360529317996833,0.00284020460458525,0.00230488416883646,0.00193239509614834,0.00167433082127924,0.00149618494019659,0.00137356465192041,0.00128929572676647,0.00123131248356581,0.00119116791723505,0.00116299577526267,0.00114278181536474,0.00112783885290962,0.00111641775699421,0.00110741637385227,0.00110016687404837,0.00109428995422192,0.00108960530779728,0.00108608627389525,0.00108384609904151,0.00108314551288372,0.00108441626698317,0.00108830167566985,0.00109572134631098,0.00110797164458344,0.00112687488601767,0.0011549880972588,0.00119587606000883,0.00125444297783885,0.00133730232879263,0.00145314540812686,0.00161304654955035,0.0018306191185301,0.0021219149441136,0.00250494673980554,0.0029987157863823,0.00362165385967364,0.00438944597862921,0.00531229211571982,0.00639178804819147,0.00761774558852659,0.00896540813068112,0.0103936177299649,0.0118445192710787,0.0132453128838931,0.0145123670366879,0.0155576831217559,0.0162972889559132,0.01666069645076,0.0166001768575025,0.016098385598698,0.0151728959303722,0.0138765259839645,0.012292954338658,0.010527928108646,0.00869721981490326,0.00691319089245566,0.00527218390322215,0.00384486802060054,0.002671087508759,0.00175982437131526,0.00109380903261546,0.000637375569577662,0.000345609774453987,0.000172816197226203,7.88088700443841e-05,3.23274532515146e-05,1.17221745100477e-05,3.67398831877069e-06,9.66293669512232e-07,2.04880469008705e-07,3.3103082665974e-08,3.75313573045953e-09,2.62742667401639e-10,9.16711309470743e-12,1.06770266558791e-13,1.72716004194743e-16,1.21453918917424e-20,0
0,0.000248453722564155,0.00235891163934453,0.00969636349268881,0.0230559177155741,0.0397763926761775,0.055756244172049,0.067584878773141,0.0735648381083456,0.0736926685631114,0.0691009986167762,0.0614059690812592,0.0522022858959364,0.0427750788197138,0.0339993358430923,0.0263624640650166,0.0200475190504507,0.0150318993008983,0.0111754922429421,0.00828737702241306,0.00616980470092074,0.00464306608735426,0.00355649519051268,0.00279063839006126,0.00225457802494245,0.00188117539362639,0.00162192261940468,0.00144228810406768,0.00131790971257605,0.00123168127907227,0.00117162479720522,0.00112938403729954,0.00109917311319047,0.00107703890979818,0.00106033260966455,0.00104732174564997,0.00103690306276308,0.00102839476345013,0.00102139506951842,0.00101569576172035,0.00101123856798754,0.00100810226040382,0.00100651074007944,0.00100685724393809,0.00100974598572431,0.00101605848883406,0.00102705611890416,0.00104453178567614,0.00107102174919584,0.00111008248099093,0.00116662725625526,0.00124730235175127,0.00136086346867994,0.00151849009822153,0.0017339511027345,0.00202351270992693,0.0024054663595682,0.00289915606934338,0.00352341151123895,0.00429435087393918,0.00522261006189635,0.00631017841220473,0.0075471633993199,0.00890894514704066,0.0103542845252511,0.0118249800873857,0.0132475956653347,0.0145375808667856,0.0156057820668601,0.0163669228527326,0.0167491837928073,0.0167036220432787,0.0162119433557457,0.0152911623897169,0.0139940127860411,0.0124045842057179,0.010629482093818,0.00878567093227128,0.0069868764003565,0.00533079635115166,0.00388927763410573,0.00270303830332971,0.00178156653266063,0.00110773583803803,0.000645723522993687,0.000350258984496558,0.000175200916502092,7.99232729525759e-05,3.2795513548625e-05,1.18958503110197e-05,3.72966772220754e-06,9.81270030427575e-07,2.08127975320847e-07,3.36398569876695e-08,3.81542817471357e-09,2.67209804952384e-10,9.3267862997538e-12,1.08654030711696e-13,1.74940395952114e-16,1.04112982644219e-20,0
0,0.00022884317015231,0.00234287456210604,0.00972299876652028,0.0231591618049688,0.0399658739606989,0.0560157258311488,0.0678826839340061,0.0738664894481319,0.0739698956006333,0.0693357017164883,0.061590218583055,0.0523361359873212,0.0428637056220386,0.0340504336296148,0.0263843091066732,0.0200477596310935,0.0150169502357245,0.0111503538086714,0.00825570871246121,0.00613412368061855,0.00460498436877952,0.00351694670151965,0.00275007368675313,0.00221312098572423,0.00183874499199267,0.00157832612793517,0.0013972918555843,0.00127129157509392,0.00118326682542651,0.00112130794657678,0.00107713319549655,0.00104502516115842,0.00102108483736049,0.00100269926134922,0.000988153678040284,0.000976347170821126,0.000966588719985629,0.000958459310105534,0.000951728043982902,0.000946310043199885,0.000942254316014889,0.00093975233902099,0.00093916288492477,0.000941054630424139,0.000946273850488072,0.000956048663989092,0.000972142773993837,0.000997069715517798,0.00103437277487834,0.00108896556801336,0.00116751345908072,0.00127881659320007,0.00143413210103353,0.00164734812912374,0.00193489972323366,0.00231530227660623,0.0028081800323382,0.00343269344733379,0.00420532728741474,0.00513709448314121,0.00623033566619099,0.00747543840324906,0.00884794069092337,0.0103065885064904,0.0117929505817525,0.0132331211014505,0.0145418409854134,0.0156290414825923,0.0164083910355534,0.0168069716737778,0.0167748156009868,0.0162927990854506,0.0153774105448787,0.0140812350212574,0.0124886167605007,0.010706787788651,0.00885362565160284,0.00704392895148092,0.0053764825660258,0.00392409588404311,0.00272821833279197,0.00179878085737359,0.0011188088048173,0.000652386448404778,0.000353983000182447,0.000177117441832078,8.08216961497864e-05,3.31739862801305e-05,1.2036686146769e-05,3.77494389875721e-06,9.93481159353081e-07,2.10782948222064e-07,3.4079867662724e-08,3.86663015365716e-09,2.70891968999721e-10,9.45879757843274e-12,1.1021688407047e-13,1.76804379033201e-16,8.99082605252147e-21,0
0,0.000212454250241766,0.00233092198584982,0.00975123814907998,0.0232590261239224,0.0401467216792161,0.0562630877937415,0.0681675795103753,0.0741569569856209,0.0742393515941683,0.0695667506332658,0.0617748216987115,0.052473724220738,0.0429586085421287,0.034109491811615,0.0264150652621101,0.0200573016134684,0.015011308569267,0.0111342966158883,0.00823278140771864,0.00610681360821188,0.00457492934226325,0.00348513999846638,0.00271704267882041,0.00217907238533007,0.00180367839806765,0.0015421211536258,0.00135977440301525,0.00123228332541422,0.0011426201033115,0.00107892688723086,0.00103298211879721,0.00099912603151623,0.000973506903328008,0.000953544628872726,0.00093754229516145,0.000924403646889336,0.00091343205559756,0.000904195472790215,0.000896444677366548,0.000890072471334456,0.000885102240990173,0.000881697004367202,0.000880184801434703,0.000881102137731709,0.000885262817195801,0.000893863580716531,0.000908639462367553,0.000932079939852299,0.000967711233048343,0.00102044002481428,0.00109693908425674,0.00120603575311008,0.0013590407886782,0.00156992977591309,0.00185526623224167,0.00223374073354462,0.0027252017611525,0.00334908006640587,0.00412216649169447,0.00505579683502628,0.0061526231982521,0.00740329678717534,0.00878352946529548,0.0102521084984322,0.0117504739608006,0.0132043967828031,0.0145280952263697,0.0156307990341124,0.0164253445756558,0.0168379251734217,0.0168177201161769,0.0163448875773389,0.0154354232067916,0.0141417108068206,0.0125482135852344,0.0107625864098654,0.00890337284013602,0.0070861849427643,0.00541065453333577,0.00395035994794127,0.00274735275691344,0.00181194783150811,0.00112732809209904,0.000657540045196053,0.000356877479030187,0.000178613778794047,8.15261025806171e-05,3.34719067675439e-05,1.21479667216258e-05,3.81084867900184e-06,1.00319897025188e-06,2.12903136046409e-07,3.4432457318583e-08,3.90780174590368e-09,2.738633518197e-10,9.56572451834064e-12,1.11487820397978e-13,1.78325132785299e-16,7.82508830674612e-21,0
0,0.000198747190061244,0.00232229449171842,0.00978058605873368,0.0233556855118445,0.0403198907813739,0.0564998677636256,0.0684413185125151,0.0744378323550536,0.0745021893324434,0.0697947200281215,0.0619597607558078,0.0526145128279302,0.0430588457577852,0.0341752899130334,0.0264533460235155,0.0200746815651897,0.0150134971003671,0.0111258693751497,0.00821719059838303,0.00608652387094602,0.00455160217457926,0.00345982029972732,0.0026903240392748,0.00215123290686077,0.00177478749964764,0.00151212170644901,0.00132854525244687,0.00119968617216857,0.00110853306215418,0.00104326582310083,0.000995710629706483,0.000960255624787835,0.000933089905301152,0.000911662984831095,0.00089429527422252,0.000879896642450551,0.000867767552380344,0.000857466264440586,0.000848728829624216,0.00084142937805876,0.000835569289614204,0.000831286664263462,0.000828882209562975,0.000828863393796352,0.000832014213013987,0.000839501934775611,0.000853033693724207,0.000875074065476782,0.000909129139599783,0.000960092628602126,0.00103463478258847,0.00114159528289303,0.00129231762649162,0.00150083692859201,0.00178380959976649,0.00216005815004497,0.00264960537984068,0.00327209808245794,0.00404457852183518,0.00497865591319837,0.00607725668715598,0.0073312789403292,0.00871662022724362,0.0101921565526011,0.0116992868999604,0.0131635871085223,0.0144989168352198,0.0156139937783578,0.0164210211343781,0.0168454917246826,0.016835887513393,0.0163717510061616,0.015468618655649,0.0141786300350487,0.0125862501294928,0.0107993781263253,0.00893700555344692,0.00711532777095745,0.00543460957717996,0.00396902485996471,0.00276111069761506,0.00182151170150832,0.00113357176017683,0.000661347385793272,0.000359031369121371,0.00017973464782481,8.20569895510099e-05,3.36977227845445e-05,1.22327687978447e-05,3.83835038187902e-06,1.01067913061113e-06,2.14542945144921e-07,3.47064464422727e-08,3.93994605903843e-09,2.76194339047722e-10,9.65002072622332e-12,1.12494669127259e-13,1.79523601462334e-16,6.86652892443697e-21,0
0,0.000187275677468363,0.00231637523206215,0.00981066492873202,0.0234493373622591,0.0404862319381319,0.0567273896813091,0.068705381261626,0.0747104355128632,0.0747593410715913,0.0700200459584116,0.0621449719797266,0.0527580052044541,0.0431635890784767,0.0342467749585871,0.0264979680359141,0.0200986594387708,0.0150222705812805,0.011123853394986,0.0082077602886191,0.00607212601245927,0.00453391927683946,0.00343994168421195,0.00266890001830477,0.0021286028068356,0.0017510809200169,0.00148733654135382,0.00130260707446433,0.00117249284830217,0.0010799870551141,0.00101329545244961,0.000964281183827815,0.000927371643566891,0.000898790741854463,0.000876014307558065,0.00085737911831062,0.000841801978884177,0.000828582414953611,0.000817271625382281,0.000807593883337557,0.000799407733056611,0.000792695684868338,0.000787574058782227,0.000784319301312421,0.000783412728588901,0.000785611041635675,0.000792053917891633,0.000804421511733274,0.00082515302717173,0.000857732028671676,0.000907034266677882,0.000979719066426862,0.00108462568665727,0.00123311224938343,0.0014392490197246,0.00171975403385123,0.00209354352517047,0.00258077028164757,0.0032012486938592,0.00397222331734344,0.00490553190227064,0.00600434086406527,0.007259778586546,0.00864793678875176,0.0101278201568259,0.011640862162046,0.0131125554096693,0.0144565451405597,0.0155812044385875,0.0163982799803452,0.0168327321673596,0.0168324856540341,0.0163765608360096,0.0154800678818642,0.0141948672354936,0.0126053246891185,0.0108194277977471,0.00895642424840626,0.00713288922959433,0.00544953058101722,0.00398096307943194,0.00277010454142154,0.00182787976013807,0.00113779517232834,0.000663958478928851,0.000360526625172366,0.000180521318910563,8.24333027425903e-05,3.38592549285433e-05,1.22939452324068e-05,3.85834830386547e-06,1.01615947518309e-06,2.15753073486954e-07,3.49100690741866e-08,3.96400131676341e-09,2.77950906779561e-10,9.71399257865047e-12,1.13263764371296e-13,1.80422865215717e-16,6.07668921504028e-21,0
0,0.000177670139633688,0.00231266256647531,0.00984118856762044,0.0235401882675465,0.0406464990888094,0.0569467920780274,0.0689610180476391,0.0749758621900593,0.075011561627354,0.07024305795422,0.0623303631287497,0.0529037485888227,0.0432721132130626,0.0343230399809743,0.0265479218067141,0.0201281842233302,0.0150365785469165,0.0111272242333674,0.0082035045619574,0.00606267585115398,0.00452097528228516,0.00342463101749253,0.00265192128783711,0.00211034760823999,0.00173173050772725,0.00146693644864569,0.0012811238709617,0.00114985679843327,0.00105612323967952,0.000988144794120603,0.000937812324124566,0.000899584843166374,0.000869715579632271,0.000845703431947113,0.00082590030880428,0.000809230278100877,0.000794993324911525,0.000782735632415143,0.000772172100463739,0.000763148284741873,0.000755630533511224,0.000749716151690039,0.000745660079039588,0.000743920111566444,0.000745227996843906,0.000750697643987053,0.000761983233249303,0.000781498412540384,0.000812702371643265,0.000860448788431874,0.000931378963516165,0.00103432079949209,0.00118063137620601,0.00138439487202471,0.0016623635549362,0.00203351373398515,0.0025180889562918,0.0031360281200534,0.00390473410212994,0.00483623266271068,0.00593389867386596,0.00718907466725184,0.00857805232947379,0.0100599985369765,0.0115764463005942,0.0130529023373939,0.0144029238134702,0.0155346866719484,0.0163596374101899,0.0168023535382792,0.0168103278443506,0.0163621435773311,0.0154725163396313,0.0141929993000973,0.0126077722925646,0.010824775391051,0.00896334422547194,0.0071402545394351,0.00545648917448754,0.00398696635710006,0.00277489092726889,0.0018314227989429,0.00114023115527281,0.000665510293880544,0.000361438184533867,0.000181011581123003,8.26724139049599e-05,3.39636839993449e-05,1.23341191267927e-05,3.87167047838754e-06,1.01985930659392e-06,2.16580338103594e-07,3.50509407932769e-08,3.98083672390344e-09,2.79194292220104e-10,9.75978592590883e-12,1.13819741330239e-13,1.81046933621039e-16,5.42442600767808e-21,0
0,0.00016962411621096,0.00231074807836928,0.00987194141835752,0.0236284448255012,0.0408013576860412,0.0571590531388979,0.0692092852052105,0.0752350229470264,0.0752594629301711,0.0704640038377202,0.0625158260756306,0.053051334281632,0.0433837851226433,0.0344033048224998,0.026602346445171,0.0201623648667687,0.0150555342132911,0.0111351198640413,0.00820359584993338,0.00605738231822116,0.00451201265464018,0.00341315835928929,0.00263867808400304,0.00209576988361423,0.00171604368250185,0.0014502271324816,0.00126339441862427,0.00113106628169451,0.0010362174822368,0.000967077061737456,0.000915555693513675,0.000876137331083356,0.000845099553808382,0.00081996122456693,0.000799087988981836,0.000781411153823535,0.00076623211171726,0.000753093601926908,0.000741703098231606,0.000731895343636413,0.000723622850748769,0.000716966333250269,0.000712161679380576,0.000709645548456504,0.000710126894960977,0.000714695593440863,0.000724980896223351,0.000743370923643948,0.000773299083501456,0.000819593611169909,0.00088887180335924,0.000989940863939959,0.0011341433155167,0.00133555880168599,0.00161094989121515,0.0019793234294869,0.00246097912315923,0.00307594218652975,0.00384173461891212,0.00477053376690658,0.00586589419455381,0.00711935712958198,0.00850741791937965,0.00998943364259641,0.0115070926910226,0.0129860003798841,0.014339736186236,0.0154764084144433,0.0163073012988276,0.0167567420161269,0.0167719034337433,0.0163310084235943,0.0154484081787494,0.014175326068035,0.0125956816059178,0.0108172493682375,0.00895930582407849,0.00713866979018809,0.00545645091985089,0.00398774917111702,0.00277597289872745,0.00183247637466823,0.00114109069361485,0.000666127111746957,0.000361834128921061,0.000181239809146072,8.27901446314483e-05,3.40175580357238e-05,1.23556853781888e-05,3.87907384123442e-06,1.02197935178005e-06,2.17067646593323e-07,3.51360508207195e-08,3.99125116735396e-09,2.79980870756707e-10,9.78938035044729e-12,1.14185430175487e-13,1.81419869329591e-16,4.88448743171299e-21,0
0,0.000162883132957378,0.00231029888541899,0.00990276241452305,0.0237143075028565,0.0409513931100291,0.0573650127203999,0.0694510755931964,0.0754886753383127,0.075503541766503,0.0706830689236669,0.0627012456571789,0.0532003962743429,0.0434980538335627,0.0344868991396483,0.0266605079454509,0.0202004456772989,0.0150783884390602,0.0111468142149689,0.00820733868677904,0.00605558176967998,0.00450639668524656,0.00340491263684137,0.00262857647480784,0.00208428601198074,0.00170344059074662,0.00143662671424298,0.00124883012289381,0.00111552263378048,0.00101965913082685,0.000949469077684633,0.000896876228351763,0.000856383667765287,0.000824288880240598,0.000798127780789712,0.000776278288038523,0.000757678675697193,0.000741632346650296,0.000727679785991893,0.00071552260807295,0.000704986558228531,0.00069601230467117,0.00068866608576739,0.00068316691600044,0.000679932463174984,0.000679650865887294,0.000683389593329898,0.00069275402165813,0.000710106928162986,0.000738854888510772,0.000783797946460252,0.000851524374412934,0.000950812715165297,0.00109297930515573,0.00129208326932084,0.00156487662775851,0.00193037090332067,0.0024088915368523,0.00302051631741132,0.00378285154457022,0.00470819354663689,0.0058002504761215,0.00705074764004202,0.0084363860887844,0.00991673643043806,0.0114336902442608,0.0129130245761109,0.0142684373965721,0.0154080827679227,0.0162432039595374,0.0166979949514689,0.0167194082346174,0.0162853753623212,0.0154099114828329,0.0141438923027254,0.0125709134590306,0.0107984817726307,0.00894568626148757,0.00712925086897117,0.00545028176281495,0.0039839531758957,0.00277380282042902,0.00183134261759146,0.00114056398424634,0.000665921099600361,0.000361775973962185,0.00018123709714347,8.28008223908217e-05,3.40268132151197e-05,1.23608174871413e-05,3.88124611611523e-06,1.02270219030208e-06,2.1725407292615e-07,3.51717716915882e-08,3.9959739953914e-09,2.80362185270876e-10,9.80458903602662e-12,1.14381823094794e-13,1.8156516775096e-16,4.43637264050378e-21,0
0,0.000157235600580448,0.00231104338344135,0.00993353242084976,0.0237979667248625,0.0410971188994211,0.0575653915886398,0.0696871443166375,0.0757374504104367,0.0757442020632241,0.0709003908550863,0.0628865057684662,0.053350608891469,0.0436144409190303,0.0345732474551123,0.0267217805562573,0.0202417855194653,0.0151045079084179,0.0111616951405413,0.00821414796183315,0.00605671676749292,0.00450359488008215,0.00339938160634231,0.00262111880682762,0.00207540700377892,0.00169343521381887,0.00142564706233884,0.00123693655250442,0.00110272203688337,0.00100593309223061,0.000934793757110083,0.000881235160939017,0.00083977449550326,0.00080672520302567,0.000779637560663383,0.000756900290062763,0.000737458192668107,0.000720617021986268,0.000705915893369036,0.000693051813624029,0.000681843038401539,0.000672220090178386,0.000664236572500836,0.000658096549699286,0.000654200619039529,0.000653217900948464,0.000656194975018214,0.000664714373805146,0.000681113827296531,0.000708772315952017,0.000752459462037659,0.000818730312056374,0.000916327979890056,0.0010565326352079,0.00125336907055509,0.00152356063988705,0.00188610096742454,0.0023613145487174,0.00296930202648853,0.00372772316572024,0.00464896419624579,0.00573686328058921,0.00698331611159688,0.00836523020690816,0.00984240904759757,0.0113569882153108,0.0128349796256629,0.0141902833283915,0.0153311981681064,0.0161690328300881,0.0166279512982316,0.0166547739154853,0.0162272027931803,0.0153589434796058,0.0141005100135255,0.012535119982787,0.010769924084049,0.00892371229808224,0.00711299318974967,0.00543875519887028,0.00397615224587135,0.00276878575662416,0.00182829237545223,0.00113882171813967,0.000664993027844519,0.000361319042095183,0.00018103143711448,8.2717358119466e-05,3.39968041187304e-05,1.23514779511773e-05,3.87880888444707e-06,1.02219301032619e-06,2.17175006268885e-07,3.5163881324563e-08,3.99566727532014e-09,2.80385084612007e-10,9.80706269618879e-12,1.14428095020804e-13,1.81505333723629e-16,4.06341740952468e-21,0
0,0.00015250535749581,0.00231275974076452,0.00996416446964173,0.0238796005696485,0.0412389845772546,0.0577608081561066,0.0699181304153251,0.0759818745403307,0.0759817728012012,0.0711160710517481,0.0630714934380784,0.0535016838741689,0.0437325317594958,0.0346618560810002,0.0267856308280507,0.0202858402233505,0.0151333568380796,0.0111792460609991,0.00822353086901852,0.00606031851958642,0.0045031599330001,0.0033961353153986,0.00261588756721252,0.00206872265878986,0.00168561972827391,0.00141687828834053,0.00122729804255376,0.0010922402413146,0.000994604720293375,0.000922605237880591,0.000868175479909935,0.000825842418956271,0.00079193197520318,0.000764006333425958,0.000740463586709173,0.000720254519163478,0.000702687379361921,0.000687300555382984,0.000673787439626585,0.000661960046276001,0.000651740196872531,0.00064317045619675,0.000636441631577793,0.000631938962685097,0.000630314177473157,0.000632594364886237,0.00064034021012073,0.0006558647679383,0.00068251889014018,0.000725039981017316,0.000789946357540129,0.000885939968466173,0.00102425627305438,0.00121887382354747,0.0014864716044073,0.00184600568233412,0.00231777627536853,0.00292188077305034,0.00367600518267914,0.00459259978427097,0.00567561153965892,0.00691709380055478,0.0082941603394458,0.00976686347271133,0.0112776175287116,0.0127527236596388,0.0141063564428288,0.0152470457502025,0.0160862587282864,0.0165482200312382,0.0165796958175261,0.0161582140016646,0.0152971950084626,0.0140467803844624,0.0124897636359199,0.0107328631711311,0.00889447313291398,0.00709078171925892,0.00542255974848887,0.00396485780250629,0.00276128308542715,0.00182356753753926,0.00113601648919156,0.000663433070213244,0.000360512884871227,0.000180647924229792,8.25513371499063e-05,3.393233989142e-05,1.23294309510053e-05,3.87232142305094e-06,1.020600579873e-06,2.16862348372535e-07,3.51175934331191e-08,3.99092905701975e-09,2.80091937193066e-10,9.79829633131957e-12,1.14341662530254e-13,1.81261608211448e-16,3.75205975612507e-21,0
0,0.000148545549707832,0.00231526659979516,0.00999459617857476,0.0239593736043391,0.0413773829426993,0.0579517929903004,0.0701445751399337,0.0762223874431775,0.0762165224267612,0.0713301835323432,0.0632561014371536,0.0536533672031558,0.0438519676239468,0.034752301729767,0.0268516039746615,0.0203321477133762,0.015164481629168,0.0111990306405142,0.00823507190217474,0.00606599232295818,0.00450471563606965,0.00339481243077458,0.00261253204271806,0.00206388845935945,0.00167965154436208,0.00140997586396458,0.00121956485415437,0.0010837197662951,0.000985307088269633,0.000912526279650768,0.000857309525781544,0.00081418987078056,0.000779502662751467,0.000750819776538662,0.000726547313183123,0.000705641434732306,0.000687412885965075,0.000671399780127543,0.000657292676866485,0.00064489837841814,0.000634131231110292,0.000625024141471019,0.000617756145749554,0.000612698648073631,0.000610487447493703,0.00061213142512711,0.000619170367400203,0.00063389307538333,0.000659621921480741,0.000701060656599394,0.000764687958552675,0.000859159764151667,0.000995659528684251,0.00118810932576229,0.00145313019425016,0.00180962356850573,0.00227784503706825,0.00287786586517193,0.00362737433481189,0.00453886186439438,0.00561636520333783,0.00685208361105837,0.00822333616754924,0.00969043712159837,0.0111961090314232,0.0126669889698986,0.0140175886706021,0.0151567439500021,0.0159961615819441,0.0164602063301954,0.0164956588664574,0.0160799220744813,0.0152261537733228,0.013984114809857,0.0124361356224665,0.010688436869236,0.00885893310582023,0.00706340093723088,0.005402306446715,0.00395052419717036,0.00275161618243598,0.00181738342408856,0.00113228425558102,0.000661321641197654,0.000359401729210876,0.000180108975960315,8.23131172560877e-05,3.38377236615502e-05,1.22962563436555e-05,3.86228499133184e-06,1.01805834705541e-06,2.16344740679898e-07,3.5037593141972e-08,3.98229727579062e-09,2.79520893191562e-10,9.77963785156767e-12,1.14138268719543e-13,1.80853807890806e-16,3.49124929095009e-21,0
0,0.00014523360036224,0.00231841555264695,0.010024783870378,0.0240374365189888,0.0415126567628982,0.0581388013529647,0.0703669373445323,0.0764593570290534,0.076448670453951,0.0715427817002701,0.0634402298334822,0.0538054358619745,0.0439724385674557,0.0348442216304353,0.0269193122280528,0.020380315436951,0.015197497981376,0.0112206799865836,0.00824842036440783,0.00607340547682079,0.00450794520067474,0.00339510891609271,0.00261075727374378,0.00206061471182038,0.00167524255248686,0.0014046499081517,0.00121344246314988,0.00107685918006076,0.000977730277637286,0.000904237601057529,0.000848308430609691,0.000804478713444946,0.000769090566025323,0.000739723566261345,0.000714790546336525,0.000693252415991398,0.000674422315326406,0.000657838387422699,0.000643188968955362,0.000630276496433663,0.000619008878494676,0.000609410554896365,0.000601650091648227,0.000596086405797732,0.000593340680227718,0.000594404758388163,0.000600798421998538,0.000614786668947561,0.000639663186066003,0.000680096935777641,0.000742524551985985,0.000835551878336634,0.000970304158136699,0.00116063820758205,0.00142310541374141,0.00177653778644294,0.00224112857782457,0.00283690294412916,0.00358153039636223,0.00448752324152147,0.00555899103090858,0.00678826814078376,0.00815287746895556,0.00961340586917218,0.011112909060135,0.0125784000043971,0.0139247815825442,0.0150612604589898,0.0158998536514104,0.0163651354517319,0.0164039614146247,0.0159936530200688,0.0151471260920128,0.0139137547174845,0.0123753733716886,0.0106376488668182,0.00881794391629702,0.00703154447972547,0.00537853614054762,0.00393355398880376,0.00274007005488985,0.001809931158314,0.00112774579962145,0.000658730237934891,0.000358024928948726,0.000179434555279621,8.2011929209083e-05,3.37167932603326e-05,1.22533642260142e-05,3.84914732898601e-06,1.01468560429225e-06,2.15647806897639e-07,3.49280754262755e-08,3.97025401484872e-09,2.78706175041227e-10,9.75229782457588e-12,1.13832084612412e-13,1.80300248460874e-16,3.27197151790716e-21,0
0,0.000142467068908398,0.00232208504483344,0.010054698019989,0.0241139263043471,0.0416451048429498,0.0583222240097194,0.0705856064451492,0.0766930916662,0.0766783968115479,0.0717539035512662,0.0636237867963153,0.0539576946728967,0.0440936771114921,0.0349373049762372,0.0269884249048876,0.0204300097370457,0.01523208006729,0.0112438819443642,0.0082632799562263,0.00608227723146958,0.00451258156150089,0.00339676864075268,0.00261031489490965,0.00205865753853622,0.00167215019183469,0.00140065627187453,0.00120868262147719,0.00107140412207654,0.000971612369009088,0.000897468867007466,0.000840893143015543,0.000796421349903351,0.00076040006387865,0.000730414797843231,0.000704883935280602,0.000682772502558406,0.000663395864251502,0.000646292384310209,0.000631148647324972,0.000617763417293138,0.000606039041651567,0.000595992519848276,0.000587783084130296,0.000581758356216311,0.000578526076680021,0.000579062114145935,0.000584867081610908,0.000598182637878625,0.000622273691683893,0.000661773531247265,0.000723074770433515,0.000814729736708578,0.000947800194617097,0.00113607019776298,0.00139601141546099,0.00174637365234969,0.00220727245852023,0.00279866946337358,0.00353819697424435,0.00443837033661078,0.00550335677218374,0.006725615910407,0.00808287258717017,0.00953599488455868,0.0110283926783582,0.0124874889304578,0.0138286240764974,0.0149614317006599,0.0157983003372619,0.016264074308245,0.016305736963539,0.0159005669854943,0.01506125698741,0.0138367899936208,0.0123084768797286,0.0105813826993638,0.00877225617065,0.00699582429886434,0.00535172645475706,0.00391430300622516,0.00272689684418092,0.00180137996332402,0.00112250814804632,0.000655722263149517,0.000356417408320258,0.000178642390944987,8.165597650823e-05,3.35729618134212e-05,1.22020095296703e-05,3.83330718845799e-06,1.01058866844016e-06,2.14794400444875e-07,3.47927845956798e-08,3.95522991779165e-09,2.77678380907508e-10,9.71735978660541e-12,1.13435819889869e-13,1.79617728909287e-16,3.08686420763208e-21,0
0,0.000140160237767076,0.00232617543013444,0.0100843197366932,0.0241889667872501,0.0417749874813635,0.0585023965287878,0.0708009133261165,0.0769238503093034,0.0769058493783891,0.0719635756591806,0.0638066888783219,0.0541099732888688,0.0442154526567279,0.0350312855423169,0.0270586599401456,0.0204809468674008,0.0152679514316867,0.0112683721340095,0.00827940008551706,0.00609237041813474,0.00451839931470626,0.00339957557899908,0.00261099552911955,0.00205781139553983,0.00167017002441424,0.00139778911305622,0.00120507589436661,0.00106713978372772,0.000966731867476627,0.000891991077198391,0.000834826811053153,0.000789773138866543,0.000753179100714167,0.000722634580586525,0.000696562434681739,0.000673931191456618,0.000654058223773841,0.000636482221246446,0.000620888375672619,0.00060707234451801,0.000594931653199168,0.00058447674381251,0.000575858506050782,0.000569414317445328,0.000565739523315947,0.000565794979501722,0.000571062907079131,0.000583762092085944,0.000607128661349806,0.000645759549949269,0.000706001739122288,0.00079635118240189,0.000927801713810238,0.00111405822880631,0.00137150404915706,0.00171879576258139,0.00217595791889213,0.00276287347924372,0.00349712144395804,0.00439120450163439,0.00544933410033985,0.00666408614119758,0.0080133852478768,0.0094583876240817,0.0109428749035849,0.0123947090521677,0.013729707823876,0.014857980021482,0.0156923387122955,0.0161579508370812,0.0162019737968295,0.0158016775514989,0.0149695485620975,0.0137541759218929,0.0122363238062222,0.0105204147363638,0.00872253014484397,0.006956779235944,0.00532229833773457,0.00389308512375013,0.00271231914257392,0.00179187934532675,0.00111666592697259,0.000652353813134426,0.000354610088172993,0.000177748189983834,8.12525319459142e-05,3.34092571952149e-05,1.21433062631779e-05,3.81511877616649e-06,1.00586204218947e-06,2.13804849097977e-07,3.46350535261062e-08,3.93760859716793e-09,2.76464789847069e-10,9.67579069987066e-12,1.12960837532179e-13,1.78821559087983e-16,2.9299076308104e-21,0
0,0.000138241294887578,0.00233060495467148,0.0101136380526758,0.0242626693883378,0.0419025313370581,0.058679607265627,0.0710131395174749,0.0771518508693945,0.0771311500623039,0.072171816216748,0.06398886094136,0.0542621233902557,0.044337566569113,0.0351259353262372,0.0271297766757359,0.0205328853954405,0.015304877336097,0.0112939264399444,0.00829656860592337,0.00610348446932378,0.00452520800535198,0.00340334732064673,0.0026126224629702,0.00205790284959759,0.00166912955413958,0.00139587470740085,0.00120244542639069,0.00106388460938941,0.000962901335298815,0.0008876101420658,0.000829908324502721,0.00078432593337574,0.000747212753479433,0.000716161663761123,0.000689599015813661,0.000666496253886139,0.000646172516274203,0.000628166858630386,0.000612163350135018,0.000597955002272286,0.000585435140890547,0.000574608409320533,0.000565618218031966,0.000558792625987006,0.000554715515324335,0.00055433359750028,0.000559111419951557,0.000571245356284076,0.000593942816269731,0.000631763874126117,0.000691008573963942,0.000780114122630162,0.000910002676813763,0.00109429454372689,0.00134927732329571,0.00169350492736887,0.00214689942909342,0.0027292519941265,0.00345807428319045,0.00434584256089686,0.00539680058583496,0.00660363237885909,0.00794446002342465,0.00938073327877172,0.0108566202093462,0.0123004463470516,0.0136285407139036,0.0147515288009028,0.0155826939437568,0.0160475712848395,0.0160935326070403,0.0156978691500717,0.0148728766664815,0.0136667486178882,0.0121596832873673,0.0104554261101983,0.00866934570662459,0.00691488295234905,0.00529062213716875,0.00387017670802871,0.00269653309121889,0.00178156113909104,0.00111030263518272,0.000648674420427248,0.000352630288859982,0.000176765839150084,8.08080294332907e-05,3.3228359660814e-05,1.20782411387393e-05,3.794896015428e-06,1.00058953257331e-06,2.12697191436674e-07,3.44578417210899e-08,3.91773092941467e-09,2.75089660530636e-10,9.62845125373038e-12,1.12417268400558e-13,1.77925617038762e-16,2.79617412399171e-21,0
0,0.000136650005128012,0.00233530649197704,0.0101426478393279,0.0243351340049087,0.0420279337452582,0.0588541042087957,0.0712225249167586,0.0773772771348827,0.0773543997074347,0.0723786373464274,0.0641702358478568,0.0544140161109427,0.0444598478764987,0.0352210590786881,0.0272015697210827,0.0205856197773486,0.0153426583150537,0.0113203547109894,0.00831460574190762,0.0061154495912351,0.00453284653074348,0.00340792966556791,0.00261504638069758,0.0020587853963888,0.00166888307672455,0.00139476628500446,0.00120064173093123,0.00106148501830907,0.000959962039823546,0.000884161463286708,0.000825966844711076,0.000779902583283534,0.000742317732811944,0.000710806961855383,0.000683799238410665,0.000660268371900695,0.000639535010476038,0.000621138569048001,0.000604762193646547,0.000590196623257438,0.00057733150764872,0.000566166342485923,0.00055683781016429,0.000549665465119252,0.000545222554713812,0.000544442428215951,0.000548772621074047,0.000560387543060316,0.000582466004356582,0.000619530852182801,0.000677834149933899,0.000765752400836278,0.000894132946599696,0.00107650691512969,0.00132905990629042,0.00167023505801299,0.00211984209295838,0.00269756903246126,0.00342084800152087,0.00430211679412514,0.00534564094185938,0.00654420520611052,0.00787612669587852,0.00930315292984487,0.0107698505527668,0.0122050293635012,0.013525558521555,0.0146426156851021,0.0154699937842906,0.0159336355555437,0.0159811622335089,0.0155899126904238,0.014772005916891,0.0135752389903112,0.0120792284753061,0.0103870135812697,0.00861321138116629,0.00687055119734837,0.0052570231834508,0.00384582071566607,0.00267971124235387,0.00177054140253218,0.00110349182643218,0.000644727745119286,0.000350502106181345,0.000175707593361181,8.03281501015392e-05,3.30326372191986e-05,1.20076864132515e-05,3.77291657401374e-06,9.94845310564826e-07,2.11487401470122e-07,3.4263771579593e-08,3.89589916089843e-09,2.73574517899988e-10,9.57610579770693e-12,1.11814122921921e-13,1.76942425747888e-16,2.6816253818321e-21,0
0,0.000135335783207605,0.00234022488575688,0.010171348211678,0.024406449950166,0.0421513665257062,0.0590261008420423,0.0714292742859475,0.0776002844982063,0.0775756820584229,0.0725840468483517,0.0643507540060526,0.0545655397018554,0.0445821495132233,0.0353164896062506,0.0272738637282409,0.0206389749231852,0.0153811247488333,0.0113474954713598,0.00833335900102699,0.00612812189216426,0.00454117846817262,0.00341319211506938,0.00261814097390848,0.00206033514047233,0.00166930738393083,0.00139433971896704,0.00119953833225179,0.00105981098023493,0.000957779454494201,0.00088150536300747,0.000822857173883081,0.000776352262554888,0.000738337689256279,0.000706408860770794,0.000678996575964877,0.000655076498735163,0.000633970529008558,0.000615218400559044,0.000598502480033087,0.000583611535732726,0.00057043198112931,0.000558958722659939,0.000549322367665131,0.00054183468127749,0.00053705901147245,0.000535916048733681,0.000539836924259951,0.000550974516995959,0.000572479194823371,0.000608836328746557,0.000666249178685707,0.000753031943591805,0.000879954538522397,0.00106045504948113,0.00131061175381456,0.00164875010860429,0.00209455901968987,0.00266761358273508,0.0033852558161669,0.00425987452785941,0.00529574772353033,0.00648575424015547,0.00780840372606795,0.00922574462732942,0.0106827521461807,0.0121087376959412,0.0134211350093216,0.0145317041425058,0.0153547813127059,0.0158167507829115,0.0158655136479245,0.0154784795049821,0.0146676031504425,0.0134802852922042,0.0119955478468031,0.0103156993653901,0.0085545725732053,0.00682414841658062,0.00522178687894152,0.00382023043690002,0.00266200518014255,0.00175892215530186,0.00109629819670931,0.000640552211912532,0.000348246758535516,0.000174584250060055,7.981790213495e-05,3.28241784988995e-05,1.19324118440844e-05,3.74942562209407e-06,9.88694901938197e-07,2.10189599179674e-07,3.40551624738987e-08,3.87238077637422e-09,2.71938424058173e-10,9.51943176449236e-12,1.11159397927026e-13,1.75883241564344e-16,2.58294818931772e-21,0
0,0.000134256097008487,0.00234531478495891,0.0101997413118358,0.0244766969012051,0.0422729793290466,0.0591957811587156,0.0716335627182283,0.077821004697406,0.0777950669648953,0.0727880495150578,0.0645303628323302,0.0547165974289694,0.0447043450524829,0.0354120837417955,0.0273465089464453,0.0206928015982277,0.0154201322894736,0.0113752114764525,0.00835269890852902,0.00614137930533609,0.0045500881695739,0.00341902410662962,0.00262179927693543,0.00206244718951889,0.00167029817667194,0.00139448992221069,0.00119902811816147,0.00105875230505323,0.00095623947633149,0.000879523229390607,0.000820455836769145,0.000773546500750366,0.000735139211211329,0.000702829199548031,0.000675048397362037,0.00065077385413118,0.00062932846829517,0.000610252229012897,0.000593226823785201,0.000578039293240725,0.00056457318369061,0.000552819291062547,0.000542902715038862,0.000535128059422544,0.000530049425066037,0.000528575475496607,0.00053212149472023,0.000542819245858261,0.000563790841461104,0.000599484023521454,0.000656052612536427,0.000741747207632321,0.000867258139378266,0.00104592722120837,0.00129372091807444,0.00162884114055953,0.00207084874582188,0.0026391975019019,0.00335113018555287,0.00421897746265039,0.00524702162390415,0.00642822957285955,0.00774130099961473,0.00914858757357581,0.010595481162103,0.012011809230702,0.0133155906550456,0.0144191935279528,0.0152375261015493,0.0156974432896931,0.0157471523331524,0.0153641537412636,0.0145602494216641,0.0133824443464297,0.0119091553458465,0.0102419399706138,0.00849381897818382,0.00677599372213529,0.00518516330539392,0.00379359289171549,0.00264354790282734,0.00174679296201763,0.00108877857615124,0.000636181592353866,0.000345882904756216,0.000173405309133053,7.92816941186257e-05,3.26048229967974e-05,1.18530957124735e-05,3.72463930340861e-06,9.8219610423016e-07,2.08816245739889e-07,3.38340624129498e-08,3.84741210139264e-09,2.70198231164632e-10,9.45902849494497e-12,1.10460177376854e-13,1.74758148520512e-16,2.49742115276315e-21,0
0,0.000133375142996409,0.00235053887811741,0.0102278313862245,0.0245459458236581,0.0423929025672424,0.059363303947384,0.071835540238555,0.0780395497448372,0.0780126129736173,0.0729906481135851,0.0647090161752495,0.0548671056958418,0.044826325870079,0.0355077188908157,0.0274193774404215,0.0207469725306628,0.0154595580034925,0.0114033859753028,0.00837251542774088,0.00615511817279417,0.00455947749334606,0.00342533186563062,0.00262593060422601,0.00206503264127881,0.00167176706687534,0.00139512783344829,0.00119902028519477,0.00105821552963068,0.000955245244962964,0.000878114266249937,0.000818657766128811,0.000771375814565904,0.000732608415734338,0.000699949834579294,0.000671832518014885,0.000647234474212145,0.000625479356740979,0.000606107331699384,0.000588799473975648,0.000573341291439544,0.000559613772865085,0.000547604013932836,0.000537432099509342,0.000529396023205752,0.0005240412169889,0.000522264884563094,0.000525466972629466,0.000535758524168266,0.000556233605040699,0.000591302254839856,0.000647068376654726,0.000731717935406493,0.00085585991071263,0.0010327371605617,0.00127820057227391,0.0016103235536565,0.00204853276278568,0.00261215345036121,0.00331832128266538,0.00417930083261995,0.00519937147832466,0.0063715827799602,0.00767482199027014,0.00907174556446292,0.0105081685345675,0.0119144463327913,0.0132092001795766,0.0143054278287727,0.0151186339800289,0.0155761690938066,0.0156265692025754,0.0152474433314544,0.0144504506552548,0.0132822015413995,0.0118204994378767,0.0101661341040317,0.00843129122758377,0.00672636625643575,0.00514737137134608,0.00376607189234985,0.00262445597456138,0.00173423236477995,0.00108098282797542,0.000631645533315531,0.000343426933049586,0.000172179118508298,7.87234019195799e-05,3.23761887019815e-05,1.1770334905772e-05,3.69874791504524e-06,9.75399828077459e-07,2.0737832293903e-07,3.3602277194387e-08,3.82120162530898e-09,2.68368815213877e-10,9.39542541776565e-12,1.09722726233217e-13,1.7357615435596e-16,2.42280645876336e-21,0
0,0.000132662746080729,0.00235586645187155,0.0102556240900677,0.0246142598522917,0.042511249972292,0.0595288064520469,0.0720353356760636,0.0782560151847678,0.0782283694267913,0.0731918441128934,0.0648866737321533,0.0550169923764719,0.0449479986876267,0.0356032900735853,0.0274923598735913,0.0208013791160015,0.0154992971169578,0.0114319195647224,0.00839271495304705,0.00616925038007392,0.00456926306625823,0.00343203576989935,0.00263045798788637,0.00206801606303079,0.00167363906886519,0.00139617789366504,0.00119943777811961,0.0010581213042704,0.000954714466621738,0.000877192751827294,0.000817373499377255,0.000769746849913996,0.000730648046409038,0.000697669704748064,0.000669244243525787,0.000644350243735407,0.000622311883918003,0.000602669419875445,0.000585103354601524,0.000569397818911198,0.000555431503615882,0.000543188155715573,0.000532783273303359,0.000524508723423376,0.000518901781660037,0.000516848700801833,0.000519734556588408,0.000529650047708573,0.00054966141736838,0.000584140994674406,0.000639142420841288,0.000722786215683981,0.00084559857875243,0.00102072120428328,0.00126388626695569,0.00159303450899827,0.00202745318544851,0.00258633290402253,0.0032866954670442,0.00414073246956018,0.00515271406333362,0.00631576759989865,0.00760896545529102,0.00899526981630221,0.0104209239965266,0.0118168211226565,0.0131021990297639,0.0141907032511982,0.014998455549758,0.0154533231138324,0.0155041902038434,0.0151287896716323,0.0143386470724183,0.0131799796983357,0.0117299711601245,0.0100886297165168,0.00836728682111718,0.00667550998907208,0.00510860252731327,0.00373781079103389,0.002604831459019,0.00172130917230236,0.00107295465858164,0.000626970033911663,0.000340893222093403,0.000170913005902449,7.81464292855954e-05,3.21396971581942e-05,1.16846540771152e-05,3.67191880019415e-06,9.68350863683369e-07,2.05885496870734e-07,3.33613970417554e-08,3.79393304263252e-09,2.66463290392366e-10,9.32908956673031e-12,1.08952577119833e-13,1.72345285253529e-16,2.35726186383246e-21,0
0,0.000132093444817546,0.00236127221296087,0.0102831259672362,0.0246816951150978,0.0426281208249489,0.0596924074965116,0.0722330599244826,0.0784704827965898,0.0784423781618097,0.0733916382169454,0.0650633004791063,0.0551661953420396,0.0450692834480975,0.0356987073934661,0.0275653627717897,0.0208559286256894,0.0155392602671035,0.0114607275392822,0.00841321778145833,0.00618370095034017,0.00457937398692388,0.00343906814102321,0.00263531603126812,0.00207133338069823,0.00167585049817896,0.00139757593133377,0.0012002151421018,0.00105840219726195,0.000954577162025233,0.000876685726511081,0.000816526807669312,0.000768579957843864,0.000729175004159925,0.000695902326408957,0.000667193838149531,0.000642028346558068,0.000619730340249388,0.000599840073345624,0.000582037498152153,0.000566105492272618,0.000551920666106615,0.000539463719279719,0.000528845934916692,0.000520353477909822,0.000514515921738671,0.000512209024966063,0.00051480341878096,0.000524369813676435,0.000543946864733704,0.000577869236101214,0.000632140075469905,0.000714813837819288,0.00083633280418107,0.00100973570765757,0.00125063342304511,0.00157683055601589,0.00200747058216673,0.00256160427365248,0.0032561337964863,0.0041031718246716,0.00510697375621494,0.00626074036194639,0.00754372675631241,0.00891920128530451,0.0103338394725523,0.0117190799728182,0.0129947889548839,0.0140752747903992,0.0148772935983075,0.0153292472168262,0.0153803847442547,0.0150085761387083,0.0142252215068401,0.0130761469120472,0.0116379112547762,0.0100097302566419,0.00830206540213197,0.00662363798944553,0.00506902408001029,0.00370893493469435,0.00258476364915485,0.00170808361464878,0.00106473234412082,0.000622177873765735,0.000338294375785532,0.000169613397412308,7.75537624576259e-05,3.18965960770634e-05,1.1596513919783e-05,3.64429896446352e-06,9.61088574895842e-07,2.04346266355866e-07,3.31128207894113e-08,3.76576801836897e-09,2.64493204295297e-10,9.26043244024655e-12,1.08154609706705e-13,1.71072677224554e-16,2.29926905551673e-21,0
0,0.00013164572985463,0.00236673532458488,0.0103103440650098,0.0247483014943072,0.0427436018920248,0.0598542101502952,0.0724288086881907,0.0786830228398022,0.0786546748891875,0.0735900307501006,0.065238866127565,0.0553146611641715,0.0451901114813725,0.0357938938709632,0.0276383061955672,0.0209105418418215,0.0155793711801857,0.0114897376571862,0.00843395598462313,0.00619840602225656,0.00458974989756011,0.00344637139128323,0.0026404491090575,0.00207493010913887,0.00167834720984583,0.00139926738851233,0.00120129671956815,0.00105900084943861,0.000954773770092834,0.000876531041837068,0.000816052690581164,0.000767807138754603,0.000728118247211077,0.000694573656534371,0.000665604358805375,0.000640189077686543,0.00061765241329459,0.000597534525967124,0.00057951482402253,0.000563375029898167,0.000548989855896674,0.000536337212585839,0.000525524491183152,0.000516832526999395,0.000510783594220566,0.000508243367188226,0.000510568422532032,0.000519809819387845,0.000538978865951721,0.000572372650886352,0.000625943692001591,0.000707679923205875,0.000827938818922092,0.000999654709395068,0.00123831505813553,0.00156158546608743,0.00198846197605433,0.00253785114951259,0.00322653060601048,0.00406652898623,0.00506208210527896,0.00620646022638234,0.00747909888158788,0.00884357256857095,0.0102469919282734,0.0116213473369987,0.0128871427983559,0.013959361912619,0.0147554095425548,0.0152042372404913,0.0152554730662957,0.0148871355666956,0.0141105067220199,0.012971023464711,0.0115446164707258,0.00992970020517952,0.00823585343354987,0.00657093621945518,0.00502878213832483,0.00367955384974426,0.00256433060866633,0.00169460837348825,0.00105634937947943,0.000617288995971506,0.000335641433386134,0.000168285923789109,7.69480191617668e-05,3.16479796455171e-05,1.15063186057345e-05,3.61601743044164e-06,9.53647524533473e-07,2.02768096814791e-07,3.28577777227094e-08,3.73684868846122e-09,2.62468714693554e-10,9.18981622340894e-12,1.0733312295568e-13,1.69764662785282e-16,2.24757527664582e-21,0
0,0.000131301409225805,0.00237223861734517,0.0103372856522816,0.024814123321896,0.0428577691074867,0.0600143040026895,0.0726226647959892,0.0788936959200214,0.0788652903104754,0.0737870219308207,0.0654133446158564,0.0554623439773934,0.04531042392211,0.0358887835913338,0.0277111217598203,0.0209651510520608,0.0156195647082125,0.0115188882552648,0.00845487161622934,0.00621331114869404,0.00460033936327443,0.00345389646726999,0.00264580985629226,0.00207875986688589,0.00168108311978442,0.00140120583148301,0.00120263513519704,0.00105986842187283,0.000955253550435249,0.000876675713746765,0.000815895679744069,0.000767370299013865,0.000727417005431999,0.000693620270726966,0.000664409803053151,0.000638763967224993,0.000616007292963916,0.000595679756472728,0.000577460218233233,0.000561129322748946,0.000546560037034056,0.000533727704178987,0.000522736104350069,0.000513861070511554,0.000507617934956475,0.000504862656176399,0.000506938113169356,0.000515876032078244,0.000534660619260136,0.000567551513310701,0.000620450546262316,0.000701278814507905,0.000820308313354291,0.000990367836178637,0.00122681973696711,0.00154718826871186,0.00197031901939736,0.00251497068033358,0.00319779217144169,0.00403072372006283,0.00501797734842284,0.00615288928586159,0.0074150732309915,0.00876840946047968,0.0101604457625868,0.0115237290090271,0.0127794086116844,0.0138431534637949,0.0146330290208876,0.0150785491102721,0.0151297326920532,0.0147647567958751,0.0139947918354048,0.0128648879075456,0.0114503451165426,0.00984876995968876,0.00816884833069118,0.00651756689016089,0.00498800422388092,0.00364976318041758,0.00254360054110848,0.00168092949814364,0.0010478350559208,0.000612320848297723,0.000332944056930853,0.000166935515309655,7.63314923862145e-05,3.13948066888306e-05,1.14144224450301e-05,3.58718734768298e-06,9.46058035311349e-07,2.01157540475435e-07,3.25973472100064e-08,3.70729990999438e-09,2.60398748812032e-10,9.11755940311339e-12,1.06491900506845e-13,1.68426852096865e-16,2.20114570624397e-21,0
0,0.000131045078768898,0.00237776794251177,0.0103639580167399,0.0248792000099924,0.0429706890291433,0.0601727671022558,0.0728147001515403,0.0791025545413722,0.079074251025965,0.0739826120614087,0.0655867136397594,0.0556092044840345,0.0454301703465776,0.035983320120744,0.0277837509486258,0.0210196983491355,0.0156597851680137,0.0115481266572767,0.00847591520058466,0.00622836986398223,0.00461109850843671,0.00346160154130221,0.00265135789857638,0.00208278312831098,0.00168401896256838,0.00140335169911553,0.00120419002192087,0.00106096328920396,0.000955973236765599,0.00087707453207767,0.000816008403484555,0.000767219772417444,0.000727019262191252,0.000692987810179346,0.000663553526301016,0.000637694172843561,0.000614734043746437,0.000594212844217372,0.00057580887560154,0.000559301764977837,0.000544562862201492,0.000531565133097665,0.000520408991126015,0.000511365554540071,0.000504943531132866,0.000501989494870614,0.000503832954144815,0.000512486602963584,0.000530907792496662,0.000563318866029165,0.000615570981831916,0.000695518201837633,0.000813346555321341,0.000981778430927738,0.00121604973348027,0.00153354148172281,0.00195294633772288,0.00249287208920499,0.00316983546740295,0.00399568455100995,0.00497460390766791,0.0060999925662078,0.0073516402133034,0.00869373222567362,0.0100742548154503,0.0114263148952795,0.0126717131840729,0.0137268119059047,0.0145103467408563,0.0149524041604513,0.0150034040449542,0.0146416903995598,0.0138783279473706,0.0127579823993417,0.0113553219427513,0.00976714013539664,0.00810122210507975,0.00646367142491518,0.00494680157819539,0.00361964640368147,0.00252263300244315,0.00166708721768252,0.00103921497365727,0.000607288686234975,0.00033021069783394,0.000165566486187188,7.57061893652931e-05,3.11379168590683e-05,1.13211358264187e-05,3.55790787658824e-06,9.38346691106791e-07,1.9952034389537e-07,3.23324762798324e-08,3.67723127795941e-09,2.58291146246915e-10,9.04394181334338e-12,1.0563426957841e-13,1.67064208134624e-16,2.15912457365383e-21,0
0,0.00013086367976109,0.00238331164143034,0.0103903683220528,0.0249435666184757,0.0430824200993854,0.0603296676108752,0.0730049773783829,0.0793096443991773,0.0792815802723553,0.0741768016550848,0.0657589542238221,0.055755209085814,0.0455493075991099,0.0360774551522566,0.027856143680957,0.0210741341879659,0.0156999849351732,0.0115774078288272,0.00849704445714767,0.00624354247616391,0.00462198986820375,0.00346945091005429,0.00265705878387313,0.00208696617417003,0.00168712124672704,0.00140567125001608,0.00120592694867838,0.00106224993890465,0.000956895901116451,0.000877688885860898,0.000816350371930164,0.000767313066069436,0.00072688046366575,0.000692629658127205,0.000662986889583418,0.000636929103046315,0.000613780207275319,0.000593079554277504,0.000574504869923596,0.000557834810998847,0.000542939217710386,0.000529788842062206,0.000518480943587251,0.000509282178906861,0.000502694913503608,0.000499556635237899,0.000501183781962621,0.000509570299980458,0.000527646931884644,0.000559598904286888,0.000611226771008062,0.000690317464707691,0.000806970721449321,0.000973801887408533,0.00120591938974332,0.00152055952420751,0.00193626003638692,0.00247147532440561,0.00314258702396667,0.00396134789696839,0.00493191187973328,0.00604773795616298,0.00728878969560093,0.00861955663926143,0.0099884640527372,0.011329181372567,0.0125641650690458,0.0136104769702006,0.0143875306771248,0.0148259937572034,0.0148766953470381,0.0145181536839934,0.0137613330651689,0.0126505173841713,0.0112597424261547,0.00968498534441752,0.00803312457022798,0.00640937306926389,0.00490527119695616,0.00358927634282564,0.00250147997225196,0.00165311665899731,0.00103051149547825,0.000602205841418466,0.000327448744577252,0.000164182609459358,7.50738661929094e-05,3.08780450199569e-05,1.1226730500256e-05,3.52826586506442e-06,9.3053678345171e-07,1.97861543815566e-07,3.20639953043763e-08,3.64673892642845e-09,2.56152786737359e-10,8.96920915140286e-12,1.04763153808825e-13,1.65681115739096e-16,2.12080337056644e-21,0
0,0.000130746128996255,0.0023888601097953,0.0104165235103629,0.0250072543632479,0.0431930137352915,0.0604850652144192,0.0731935512081591,0.0795150054574501,0.0794872985227978,0.0743695915167126,0.0659300503332371,0.0559003291275119,0.0456677987824892,0.0361711473483876,0.0279282570896047,0.0211284161607841,0.0157401232529332,0.0116066932398063,0.00851822322323745,0.00625879504796189,0.00463298142029485,0.00347741406663842,0.00266288308294943,0.00209128020808746,0.00169036137529317,0.00140813567605145,0.00120781651717998,0.00106369804330992,0.000957989995231556,0.000878485770412849,0.000816886948327816,0.000767613796375846,0.00072696242144457,0.000692505811971816,0.000662668104587608,0.000636425238550474,0.000613100603269602,0.000592233120729494,0.000573499921811434,0.000556678729488183,0.000541637964621256,0.000528346306006569,0.000516898044757193,0.00050755559880552,0.000500815242568947,0.000497505647039749,0.000498930455363238,0.000507065135266673,0.000524814066126657,0.000556325555896131,0.000607349671571277,0.000685606208992665,0.000801108421285086,0.000966364173352294,0.00119635365605374,0.00150816729918269,0.00192018636023397,0.00245070984010371,0.00311598188225249,0.00392765726221709,0.00488985653681177,0.00599609608872361,0.00722651133667818,0.00854589483601136,0.00990311097998248,0.01123239329308,0.0124568571786607,0.0134942688055418,0.0142647257036828,0.0146994833110211,0.0147497868800403,0.0143943350478346,0.0136439964038761,0.0125426756836479,0.0111637765231527,0.00960245751071768,0.00796468615682293,0.00635477918526634,0.00486349762007679,0.0035587165005662,0.00248018679803722,0.00163904848033755,0.00102174414728752,0.000597083958819018,0.000324664653313513,0.00016278718326152,7.4436058476601e-05,3.06158339955156e-05,1.11314442639025e-05,3.49833733663789e-06,9.22648708111379e-07,1.961855523642e-07,3.1792631951667e-08,3.61590713227187e-09,2.53989704037205e-10,8.89357700739278e-12,1.03881120498318e-13,1.64281444605839e-16,2.08559483791073e-21,0
0,0.000130683009098288,0.00239440543948629,0.0104424302387473,0.0250702910693396,0.0433025152704728,0.0606390123260156,0.0733804696528912,0.0797186728479485,0.0796914239754914,0.0745609827896347,0.066099988524885,0.0560445402393896,0.0457856123898215,0.0362643613517055,0.0280000544812956,0.0211825079567758,0.0157801652225322,0.0116359499015806,0.00853942054334445,0.00627409853617519,0.00464404576793445,0.00348546491803972,0.00266880563107343,0.00209570061198608,0.00169371490472416,0.00141072035524825,0.00120983360037212,0.00106528167666943,0.00095922854093494,0.000879436947608782,0.0008175884776519,0.000768090786061827,0.000727232379331363,0.000692581922127602,0.000662561247275907,0.000636145123529343,0.000612656301094723,0.000591633200896022,0.000572752337552278,0.000555790528274396,0.000540614850532701,0.000527192031062442,0.000515613554507881,0.000506137796791528,0.000499255165333107,0.000495785757647237,0.000497020676260114,0.000504917165294354,0.000522353484149777,0.000553441235798949,0.000603880158752563,0.000681322979031932,0.000795696395346047,0.000959400524449971,0.00118728679628247,0.00149629893234124,0.00190466049555369,0.00243051349985448,0.00308996264649762,0.00389456249311727,0.0048483978472083,0.00594504019123845,0.00716479483000355,0.00847275600297412,0.00981822682864678,0.0111360056890561,0.0123498690063948,0.0133782906901813,0.0141420567343249,0.0145730157561242,0.0146228346891638,0.014270397778914,0.0135264821384625,0.0124346160721624,0.0110675719531138,0.00951968877340319,0.00789602038092345,0.00629998326499655,0.00482155450408376,0.00352802223104742,0.00245879302607794,0.00162490942916148,0.00101292997105389,0.000591933205903552,0.000321864063115406,0.000161383089348581,7.3794108424437e-05,3.0351845842682e-05,1.103548510743e-05,3.46818880804681e-06,9.14700316461448e-07,1.94496232602519e-07,3.15190235654132e-08,3.58480973926524e-09,2.51807187120991e-10,8.81723444919964e-12,1.02990422715197e-13,1.62868606412475e-16,2.0530116560552e-21,0
0,0.000130666308975678,0.00239994112388207,0.0104680948409089,0.0251327015733431,0.0434109647683485,0.0607915551126372,0.0735657749955997,0.0799206776211635,0.0798939729519696,0.0747509769780857,0.0662687576354039,0.0561878217663031,0.0459027215583982,0.0363570669390295,0.0280715044508185,0.0212363784779766,0.0158200809467632,0.0116651495514622,0.00856060989861885,0.00628942806420736,0.00465515944969816,0.00349358112448217,0.00267480488814188,0.00210020631798005,0.00169716091980731,0.0014134042215542,0.00121195669979643,0.00106697865401893,0.00096058844583162,0.000880518235272387,0.000818429548090351,0.000768717297565687,0.000727662219591973,0.000692828472864207,0.000662635415513546,0.000636056502367063,0.000612413737903314,0.000591244976887757,0.000572226095715153,0.000555133027254482,0.000539831569587389,0.000526286601943959,0.000514586944111121,0.000504987103799909,0.000497971821645742,0.000494352842205984,0.000495408962007075,0.000503079443499499,0.000520216666621902,0.000550895755647801,0.000600766313224399,0.000677414126210009,0.000790679369125472,0.000952854292247602,0.00117866124283481,0.00148489665306823,0.00188962550295085,0.00241083159463563,0.00306447862827675,0.00386201909669015,0.00480750002208949,0.00589454591715736,0.00710363007653476,0.00840014694387942,0.00973383755158011,0.0110400652221313,0.0122432685314479,0.0132626313665792,0.0140196314363845,0.0144467145654489,0.0144959737996594,0.0141464833576808,0.0134089326735086,0.0123264763967752,0.010971257067054,0.00943679402608773,0.00782722600491763,0.00624506669501472,0.00477950600120023,0.00349724176857949,0.00243733313127122,0.00161072283251547,0.00100408383528555,0.000586762456745983,0.000319051897487613,0.000159972844673932,7.31491887332566e-05,3.00865717989162e-05,1.09390348742921e-05,3.43787845340579e-06,9.06707226146123e-07,1.92796965359913e-07,3.12437281248781e-08,3.55351141976764e-09,2.49609869918268e-10,8.7403472041426e-12,1.02093036725964e-13,1.61445606374956e-16,2.02264896956114e-21,0
0,0.000130689206059475,0.00240546181517348,0.0104935233073931,0.0251945080797407,0.0435183977241076,0.0609427343712315,0.0737495046280582,0.0801210473743574,0.0800949602221707,0.0749395759523444,0.0664363485036983,0.0563301562726972,0.0460191034286081,0.0364492382983069,0.0281425801260685,0.0212900010875396,0.0158598448030071,0.0116942679613866,0.00858176855440419,0.00630476230657332,0.00466630235599745,0.00350174354118074,0.00268086239820331,0.00210477927798494,0.00170068150587749,0.00141616923267483,0.00121416740279107,0.00106876997245095,0.000962049924505897,0.000881708905439316,0.000819388364810487,0.000769470381939702,0.000728227787607616,0.000693220084039464,0.000662864009632693,0.000636131580973712,0.000612343962588581,0.000591038383904062,0.000571890061230436,0.00055467405933908,0.000539254950978622,0.000525595858289538,0.000513783060253093,0.000504067350240027,0.000496927981388205,0.000493168545598742,0.00049405575061046,0.000501511107177025,0.000518361353167233,0.000548645370518607,0.000597962847476135,0.00067383281672643,0.000786009046277797,0.0009466759299126,0.00117042658626196,0.00147390980424085,0.00187503136964591,0.00239161596657203,0.00303948507738534,0.00382998762075442,0.00476713109204032,0.00584459116897107,0.00704300730352073,0.00832807253860778,0.00964996465849267,0.0109446114156949,0.0121371138499163,0.013147367051024,0.013897542574611,0.0143206863616252,0.014369321008279,0.0140227143290595,0.0132914714899629,0.0122183762970356,0.0108749433513085,0.00935387313541982,0.0077583889272048,0.00619010030065375,0.00473740796729312,0.00346641712938464,0.00241583715732764,0.00159650902746749,0.000995218707725181,0.000581579453834924,0.00031623245363525,0.000158558646773988,7.2502323620209e-05,2.98204410452451e-05,1.08422524879362e-05,3.40745713092633e-06,8.98683095220992e-07,1.91090708248892e-07,3.0967233928517e-08,3.52206879023296e-09,2.47401810710621e-10,8.66306047656397e-12,1.01190695191849e-13,1.60015089582681e-16,1.99417004141068e-21,0
0,0.000130745883397379,0.00241096312431406,0.0105187212792111,0.0252557304756121,0.0436248456704282,0.0610925862767453,0.073931691759866,0.0803198067774275,0.0802943992701104,0.0751267819420103,0.0666027537250932,0.0564715291138513,0.046134738593244,0.0365408534102744,0.0282132585244011,0.0213433529701912,0.0158994348257403,0.0117232843514259,0.00860287700726142,0.00632008296767755,0.00467745723526069,0.00350993574615352,0.00268696233248606,0.00210940401539817,0.00170426130276001,0.00141899992029363,0.0012164499236042,0.00107063933852323,0.00096359600857489,0.000882991174467399,0.000820446218627016,0.000770330325593578,0.000728908317063601,0.000693734915733252,0.000663224117904317,0.000636346394665136,0.000612421987644665,0.000590987447519643,0.000571717309330376,0.000554385781991785,0.000538856258704397,0.000525090182885254,0.000513171401602482,0.000503347130405572,0.00049609129586956,0.000492199519675504,0.000492926622441596,0.000500176582270275,0.00051675072898342,0.000546651946551809,0.000595430254509891,0.000670538162717268,0.000781643225507756,0.000940822100954843,0.00116253868544195,0.00146329396792865,0.00186083416998025,0.00237282422933966,0.00301494249324378,0.00379843309307478,0.0047272625152409,0.00579515591927901,0.00698291714204851,0.00825653611687371,0.00956662591728844,0.0108496777028787,0.0120314545719458,0.0130325631629773,0.0137758700348589,0.0141950231769713,0.0142429773043391,0.0138991967973735,0.013174205621732,0.0121104195740142,0.0107787276106322,0.00927101287740784,0.00768958383294328,0.00613514569612362,0.00469530901871439,0.00343558490108925,0.0023943312776394,0.0015822857384403,0.000986345894547001,0.000576390950086717,0.000313409480855587,0.000157142413644784,7.18544073118526e-05,2.95538284140951e-05,1.07452767914005e-05,3.37696928697549e-06,8.90639863676808e-07,1.89380047687538e-07,3.06899681352593e-08,3.49053139574316e-09,2.45186562254328e-10,8.58550143831517e-12,1.00284916551379e-13,1.58579382493e-16,1.96729446389515e-21,0
0,0.000130831375856222,0.00241644145596505,0.0105436940509734,0.0253163866079981,0.0437303367000864,0.0612411430210907,0.0741123660191505,0.0805169780137962,0.0804923025113388,0.0753125975214218,0.0667679674342794,0.0566119280648423,0.0462496106245286,0.0366318935196092,0.0282835200036462,0.0213964145878114,0.0159388321816632,0.011752180891848,0.00862391851591453,0.00633537434002748,0.00468860927563047,0.00351814364044131,0.00269309110265002,0.00211406724577648,0.00170788712741449,0.00142188300955794,0.00121879071509104,0.00107257276817978,0.000965212131627544,0.00088434977066775,0.000821587034912467,0.000771280179934352,0.000729685940504272,0.000694354160459268,0.000663695991508806,0.00063668026717238,0.000612626233522175,0.000591069714606408,0.000571684544087007,0.000554244084201662,0.000538610587516718,0.000524743886824055,0.000512725493083824,0.000502799165434354,0.000495433648731768,0.000491416761095811,0.000491991623821554,0.000499044891441494,0.000515352716258746,0.000544882234945199,0.000593134064343219,0.000667494462347145,0.000777545027028123,0.00093525489718225,0.00115495888526095,0.0014530101948918,0.0018469953233929,0.00235441907637808,0.00299081601039407,0.00376732451618498,0.00468786881771215,0.00574622203491467,0.00692335067338669,0.00818553976181894,0.00948383594294598,0.0107552923179323,0.0119263330184663,0.0129182758130279,0.0136546825708509,0.014069804408924,0.0141170299685154,0.013776022592563,0.0130572278088343,0.0120026962523105,0.0106826938702924,0.00918828862602814,0.00762087563479621,0.00608025646374708,0.00465325145603229,0.00340477693322873,0.002372838286128,0.00156806840763044,0.000977475249931443,0.000571202833338577,0.000310586249294771,0.000155725818735352,7.12062202772992e-05,2.92870611600408e-05,1.0648229042933e-05,3.34645375102156e-06,8.82587965922202e-07,1.87667244690882e-07,3.04123042868836e-08,3.45894257760118e-09,2.42967233613526e-10,8.50778142648847e-12,9.93770309814666e-14,1.5714052997716e-16,1.94178846033001e-21,0
0,0.000130941440658782,0.00242189387218984,0.0105684465805884,0.0253764925279402,0.0438348959168601,0.0613884333592674,0.0742915539619605,0.0807125811505745,0.0806886814712337,0.075497025590183,0.0669319851142546,0.0567513429996989,0.0463637056679271,0.0367223426825031,0.0283533477936425,0.0214491692157078,0.0159780207232396,0.0117809422800191,0.00864487870304216,0.00635062292943919,0.00469974575029789,0.00352635510930602,0.00269923703315084,0.00211875755557586,0.00171154765438605,0.00142480709685462,0.00122117813983304,0.00107455824776138,0.000966885777317429,0.000885771567400923,0.000822796990382546,0.000772305361258524,0.000730545272382656,0.000695061609911898,0.000664262595846937,0.000637115347557144,0.000612938052232568,0.000591265764654421,0.000571771598345184,0.000554228075735199,0.000538496341967479,0.000524534678556472,0.000512422344859211,0.000502399751856529,0.000494930593422513,0.000490795036844252,0.00049122467952506,0.000498089052443306,0.000514139357378,0.000543307239264565,0.000591044195290914,0.000664670535907452,0.000773682215780095,0.000929941153386491,0.00114765332979542,0.00144302432665596,0.00183348093977734,0.00233636766838425,0.0029670748516384,0.00373663441409136,0.00464892726511477,0.0056977731075197,0.00686429945201112,0.00811508455638398,0.00940160669212382,0.0106614790545801,0.0118217852463469,0.0128045530830695,0.0135340393116229,0.0139450985114472,0.0139915543915597,0.0136532711501268,0.0129406183683531,0.0118952843737508,0.0105869150322414,0.00910576582476863,0.00755232072944526,0.00602547918313187,0.00461127207074225,0.00337402094064745,0.00235137802642098,0.00155387048407129,0.000968615359505464,0.00056602023537246,0.000307765610190585,0.000154310321622695,7.05584434648301e-05,2.90204249006008e-05,1.05512151067281e-05,3.31594443379299e-06,8.74536517485822e-07,1.85954275126301e-07,3.01345689243778e-08,3.42734023684596e-09,2.40746544608299e-10,8.42999788002243e-12,9.84682033002654e-14,1.55700328307406e-16,1.91745689838366e-21,0
0,0.000131072448285495,0.00242731797978956,0.0105929835033185,0.025436062704904,0.043938545824621,0.0615344830764444,0.0744692795046883,0.0809066344498064,0.0808835469314605,0.0756800693509697,0.0670948034285796,0.0568897656141344,0.0464770120933194,0.0368121873794986,0.0284227275962848,0.0215016025473745,0.0160169866086558,0.0118095553806113,0.00866574521692497,0.00636581713679059,0.00471085571651181,0.00353455973483169,0.00270539008341095,0.00212346512979929,0.00171523314494365,0.0014277623766838,0.00122360219132622,0.00107658544652242,0.000968606180752288,0.000887245271489138,0.0008240641873214,0.000773393310200467,0.000731473053686281,0.000695843285151942,0.000664909226962896,0.000637636213715221,0.000613341318829678,0.0005915587900954,0.000571961003650366,0.000554319647277094,0.000538494787176731,0.00052444320547542,0.000512241984672458,0.000502128284386902,0.000494560865879441,0.000490312386035634,0.000490603082777491,0.000497285555310246,0.000513086278375351,0.000541901664475017,0.000589134388395613,0.000662039146303716,0.00077002660989169,0.000924851847448325,0.00114059236007291,0.00143330639986633,0.00182026124285252,0.00231864109203368,0.00294369184253045,0.00370633842684649,0.00461041756492578,0.0056497942927909,0.00680575551146971,0.00804517078299708,0.00931994787872244,0.010568257911397,0.0117178419266977,0.0126914361277186,0.0134139910622914,0.0138209644577535,0.013866615649844,0.0135310111420147,0.0128244468194704,0.0117882515569244,0.0104914543163814,0.00902350126825605,0.00748396809273868,0.00597085432877283,0.00456940284928251,0.00334334103038941,0.00232996776681442,0.00153970367631192,0.000959773700772594,0.000560847627308715,0.000304950048608026,0.000152897194876331,6.99116707755881e-05,2.87541688236795e-05,1.04543273740761e-05,3.28547093979568e-06,8.66493478890048e-07,1.84242865063216e-07,2.98570474008099e-08,3.3957575053906e-09,2.38526873701981e-10,8.35223604407547e-12,9.7559453145103e-14,1.54260354462973e-16,1.89413670601352e-21,0
0,0.000131221290437126,0.00243271183709836,0.0106173091485482,0.0254951102149835,0.0440413066631767,0.0616793153877441,0.0746455642915713,0.0810991546305888,0.0810769090505399,0.075861732286172,0.0672564200744375,0.0570271891860617,0.0465895201954189,0.03690141618406,0.0284916472438839,0.0215537023574021,0.0160557179780783,0.0118380089193969,0.00868650744370328,0.00638094698754575,0.00472192975990094,0.00354274855189566,0.00271154161199663,0.00212818152088034,0.00171893521726286,0.0014307404099259,0.00122605425739401,0.00107864547260877,0.000970364074893855,0.000888761158397718,0.000825378376440443,0.000774533201689039,0.000732457848878797,0.000696687120794381,0.00066562318350354,0.000638229532788307,0.000613822081015692,0.000591934235827792,0.000572237620340543,0.00055450309161206,0.000538589661464747,0.000524452658166728,0.000512167053673575,0.000501966843057152,0.000494305962487998,0.000489949688024756,0.000490107052698731,0.000496613908251159,0.000512172222435435,0.000540643437417258,0.000587381714671527,0.000659576493574226,0.000766553564060126,0.000919961575695364,0.00113374998654031,0.00142383012355013,0.00180731006294432,0.00230121388242541,0.0029206429812141,0.00367641494894069,0.00457232159738713,0.00560227215974777,0.00674771135786774,0.00797579808520658,0.00923886732316329,0.0104756456412235,0.0116145290975019,0.012578960121996,0.0132945814264257,0.013697453005084,0.0137422698699533,0.0134093018910646,0.0127087732944219,0.0116816563525921,0.0103963665142564,0.00894154421793829,0.00741586023369823,0.00591641705246674,0.00452767158706374,0.0033127581614934,0.00230862252765487,0.00152557817314008,0.000950956783319044,0.00055568890301179,0.00030214172956779,0.000151487547567062,6.92664199837022e-05,2.8488510248329e-05,1.0357646446635e-05,3.25505910421229e-06,8.58465799354857e-07,1.82534521785429e-07,2.95799889832899e-08,3.36422333536529e-09,2.36310300074343e-10,8.27457046839164e-12,9.66516727290783e-14,1.5282199211442e-16,1.87169143796046e-21,0
0,0.000131385302305651,0.00243807387681172,0.0106414275580549,0.0255536469059606,0.0441431966982612,0.0618229512807166,0.0748204280074018,0.0812901570901936,0.0812687774633344,0.0760420181344709,0.0674168336541693,0.0571636083688298,0.0467012219364539,0.0369900194787456,0.0285600964071737,0.0216054582137874,0.0160942046776591,0.0118662932224303,0.00870715626246066,0.0063960039016703,0.004732959777083,0.00355091384076609,0.00271768417625481,0.00213289945236676,0.00172264665124236,0.00143373392703842,0.00122852691924003,0.00108073066573788,0.000972151474997751,0.00089031084698485,0.00082673072093688,0.000775715697757531,0.000733489787303987,0.000697582695174748,0.000666393486050916,0.000638883770210943,0.000614368258514004,0.000592379489522963,0.000572588319335261,0.000554764777345146,0.000538766842316137,0.000524548428765723,0.000512182457132953,0.000501899836059516,0.000494149774636595,0.000489690288084597,0.000489719350385236,0.0004960562433502,0.000511378644459861,0.000539513289656121,0.000585766146011539,0.00065726177424364,0.000763241518670401,0.000915248094420234,0.00112710342737098,0.00141457242081862,0.00179460439133953,0.00228406360233462,0.00289790705796446,0.00364684480753841,0.00453462317336348,0.00555519455071819,0.00669015995466372,0.00790696559831093,0.00915837124607356,0.0103836562190611,0.0115118688087142,0.0124671550768255,0.0131758477745082,0.0135746077882567,0.0136185654104007,0.0132881945974631,0.012593649763261,0.0115755494213268,0.010301699079203,0.00885993737293184,0.00734803402522325,0.00586219786500987,0.00448610242375286,0.00328229054602904,0.0022873553670226,0.00151150283628036,0.000942170271272046,0.000550547451969082,0.000299342538369361,0.000150082345825362,6.86231422896967e-05,2.82236386162692e-05,1.02612426101861e-05,3.22473146315906e-06,8.50459542714922e-07,1.80830560976149e-07,2.93036113272046e-08,3.33276301618497e-09,2.34098640553385e-10,8.19706632332847e-12,9.57456424512385e-14,1.51386454623451e-16,1.85000678700799e-21,0
0,0.00013156219685739,0.0024434028420375,0.0106653425049065,0.0256116835419887,0.0442442324720639,0.0619654098089975,0.0749938886439692,0.0814796560909441,0.0814591613633627,0.0762209308681017,0.0675760435631559,0.0572990190127672,0.0468121107251129,0.0370779892120387,0.0286280663456015,0.0216568612322305,0.0161324380240628,0.0118943999937053,0.00872768383657473,0.00641098049772597,0.00474393879065304,0.00355904895065864,0.00272381136191143,0.002137612652,0.00172636122257204,0.00143673666075473,0.00123101378060971,0.00108283442089888,0.000973961495226919,0.000891887107749995,0.000828113595474543,0.000776932736729608,0.000734560342391833,0.000698520999673332,0.000667210636871586,0.000639588940324755,0.000614969385051608,0.000592883615483939,0.000573001708336216,0.000555092867828081,0.000539014058302164,0.000524717816006309,0.000512275062589671,0.000501913690798562,0.000494078272309262,0.00048951967302607,0.000489424945925025,0.000495596974282407,0.000510689358809264,0.000538494394714955,0.000584270181684255,0.000655076797375836,0.000760071606497836,0.000910691919464123,0.00112063270468209,0.00140551302739805,0.00178212398912086,0.00226717047195354,0.00287546531918998,0.0036176109767488,0.00449730781711567,0.00550855045226663,0.00663309470160318,0.00783867205475332,0.00907846451532909,0.0102923012407086,0.0114098796753479,0.0123560465409054,0.0130578220796481,0.0134524662651583,0.013495543884901,0.013167733402072,0.01247912109681,0.011469974556471,0.0102074930740435,0.00877871771458295,0.00728052142718727,0.00580822322992719,0.00444471630972684,0.00325195399873604,0.00226617762991619,0.00149748536854682,0.000933419090204232,0.000545426222938683,0.000296554115820332,0.000148682430809578,6.79822306733756e-05,2.79597189831097e-05,1.01651771241447e-05,3.19450766530606e-06,8.42479997677809e-07,1.79132130531593e-07,2.90281043971585e-08,3.30139862787005e-09,2.31893482009168e-10,8.11978055481145e-12,9.4842044607986e-14,1.49954805370995e-16,1.82898687181319e-21,0
0,0.000131750009211521,0.00244869773326264,0.0106890575123596,0.0256692299303761,0.0443444290198008,0.0621067083443716,0.0751659627273995,0.0816676649184518,0.0816480695711038,0.0763984746712938,0.0677340498921142,0.0574334180111928,0.0469221812265977,0.0371653186899124,0.0286955496936442,0.0217079038661361,0.0161704106034009,0.0119223221254454,0.00874808343580391,0.00642587042591123,0.00475486079157745,0.00356714814948505,0.00272991763800867,0.00214231570964895,0.00173007356152954,0.00143974320372341,0.00123350932240985,0.00108495103829201,0.000975788192497702,0.000893483699461992,0.000829520414784101,0.000778177353298919,0.000735662143017533,0.000699494241399082,0.000668066414155706,0.000640336392524049,0.000615616386824553,0.000593437125855371,0.000573467896175559,0.000555477078974027,0.000539320640595184,0.000524949770549583,0.000512433438972363,0.00050199658663604,0.000494079230139899,0.000489425190113156,0.000489210729619,0.000495222499227258,0.000510090233307375,0.000537572052683694,0.000582878523317136,0.000653005650150365,0.000757027309785256,0.000906275976685108,0.00111432029160358,0.00139663414018342,0.00176985104410295,0.00225051704338726,0.00285330117107595,0.00358869832433401,0.00446036257195745,0.00546232987695058,0.00657650940993781,0.00777091586899107,0.00899915085395455,0.0102015902625394,0.0113085773518255,0.0122456562049138,0.012940531638834,0.0133310605342669,0.0133732410484346,0.0130479563082601,0.0123652259890737,0.011364969572594,0.0101137839947817,0.00869791724100691,0.00721335011570805,0.0057545160804401,0.00440353141242233,0.00322176224175269,0.00224509916552458,0.00148353246052128,0.000924707520422408,0.000540327779511919,0.00029377788900188,0.000147288534403072,6.73440271935417e-05,2.7696895070455e-05,1.00695033492748e-05,3.1644048319781e-06,8.34531774316634e-07,1.77440231409179e-07,2.87536339009754e-08,3.2701494382313e-09,2.2969620974885e-10,8.04276289724109e-12,9.39414754278398e-14,1.4852797570104e-16,1.80855116371067e-21,0
0,0.000131947049511937,0.00245395776433974,0.0107125758723268,0.0257262950326721,0.0444438000570725,0.0622468627933837,0.0753366655124288,0.081854196015881,0.0818355105908653,0.0765746539201884,0.0678908533420674,0.0575668031675563,0.0470314291993573,0.0372520023970719,0.0287625402778268,0.0217585797269922,0.0162081160994041,0.0119500535360958,0.00876834928444228,0.00644066822563603,0.00476572060480444,0.00357520649578027,0.00273599823329083,0.00214700395627686,0.00173377903270101,0.00144274888725091,0.00123600877887314,0.00108707559548203,0.000977626433394565,0.000895095229847406,0.000830945487401051,0.000779443524860855,0.000736788812221296,0.00070049567430431,0.000668953695696423,0.00064111862777935,0.000616301392204467,0.000594031783867407,0.000573978289929951,0.000555908470521902,0.000539677308584133,0.000525234675050363,0.000512647631099167,0.000502138223679404,0.000494141990216326,0.000489395803491037,0.000489065261546491,0.00049492094302962,0.000509568923461385,0.000536733416057383,0.000581577792129947,0.000651034406650204,0.000754094161337632,0.000901985296961887,0.00110815080393664,0.00138792010975296,0.00175776987015714,0.00223408791473363,0.00283139991847308,0.00356009338750436,0.00442377582678941,0.00541652375555704,0.00652039827554414,0.00770369520568595,0.00892043301516238,0.0101115310912451,0.0112079749389467,0.0121360024217705,0.0128239996955094,0.0132104180415981,0.0132516875645353,0.0129288959810662,0.0122519977576613,0.0112605670770694,0.010020602486441,0.00861756360584372,0.00714654403066904,0.00570109626950591,0.00436256347024571,0.00319172717013615,0.002224128516622,0.00146964991846238,0.000916039278349457,0.000535254348601717,0.000291015098126611,0.000145901292922291,6.67088293648724e-05,2.74352919330445e-05,9.97426773349301e-06,3.13443787204596e-06,8.26618888477036e-07,1.75755735870883e-07,2.84803442957398e-08,3.23903225069012e-09,2.27508032393071e-10,7.96605676131779e-12,9.30444556280482e-14,1.47106780742537e-16,1.78863193980899e-21,0
0,0.000132151862952181,0.00245918232593426,0.0107359006631215,0.0257828870620113,0.0445423581420926,0.0623858877837154,0.0755060111486895,0.0820392610981211,0.0820214926583003,0.0767494731643944,0.0680464551504283,0.0576991730808161,0.0471398513547023,0.0373380358435568,0.0288290329599197,0.0218088834306051,0.0162455491464485,0.0119775890318435,0.00878847643160027,0.0064553692039079,0.00477651377455828,0.00358321972942583,0.00274204903076236,0.00215167336072432,0.0017374736324229,0.00144574967791706,0.00123850803197185,0.00108920383837393,0.000979471780641726,0.000896717036692072,0.000832383890752088,0.000780726040165314,0.000737934829222696,0.000701519454539712,0.000669866307707907,0.000641929141139553,0.000617017568202048,0.000594660434555904,0.000574525420178498,0.000556379266070836,0.000540075984858288,0.000525564154177131,0.00051290896471948,0.000502329622720545,0.000494257256678909,0.000489421883103031,0.000488978554373732,0.000494681933421783,0.000509114641620888,0.000535967251433289,0.000580356282955895,0.000649150874320253,0.000751259484042076,0.000897806750133768,0.00110211073086343,0.00137935717146221,0.00174586664383115,0.00221786947910658,0.00280974853504686,0.00353178417470913,0.00438753716157493,0.00537112383931529,0.00646475585113902,0.00763700803435376,0.00884231292979421,0.0100221300310353,0.0111080833331819,0.01202710065475,0.0127082459770867,0.0130905621921242,0.0131309096697898,0.0128105804400542,0.0121394650383581,0.011156795140133,0.00992797496513717,0.00853768067367507,0.00708012385206135,0.00564798096154255,0.00432182610076342,0.00316185908317881,0.00220327308463049,0.00145584277582324,0.000907417587502598,0.000530207862746867,0.000288266819978807,0.000144521259084408,6.60768957269432e-05,2.71750182887455e-05,9.87951067332916e-06,3.10461975718714e-06,8.1874483558504e-07,1.74079403441041e-07,2.82083614181484e-08,3.20806170874061e-09,2.25330003660047e-10,7.88970001186571e-12,9.21514396698469e-14,1.45691933347291e-16,1.76917217001375e-21,0
0,0.000132363195831039,0.00246437095514872,0.0107590347662991,0.0258390135684395,0.0446401148162949,0.0625237968247691,0.0756740128232898,0.0822228712491002,0.0822060237802676,0.0769229371102428,0.0682008570268086,0.0578305270465451,0.047247445236041,0.0374234154330211,0.0288950235024626,0.0218588104653562,0.0162827052037292,0.0120049241881366,0.00880846064027864,0.00646996933138514,0.00478723646633613,0.00359118417831692,0.00274806647765564,0.00215632044159662,0.00174115390124589,0.00144874208934081,0.00124100352130291,0.00109133208815042,0.000981320396167975,0.000898345086274642,0.000833831364384194,0.000782020386959701,0.000739095411278346,0.000702560516486388,0.000670798895117093,0.000642762286457357,0.000617758979852476,0.000595316859053739,0.000575102790436996,0.000556882697860769,0.000540509635482615,0.00052593091045743,0.000513209877917633,0.000502562952089972,0.000494416917819337,0.000489495021735884,0.000488941884971601,0.000494496406792451,0.000508717956474921,0.000535263732376787,0.000579203750273524,0.000647344373242834,0.000748512163904426,0.000893728812950746,0.00109618819982251,0.00137093321035552,0.00173412917373699,0.00220184970445566,0.00278833546109651,0.0035037599905946,0.00435163720992281,0.00532612261148597,0.00640957701846507,0.00757085217303274,0.00876479183057541,0.00993339209464821,0.0110089115265899,0.011918963863578,0.0125932871591418,0.0129715128786794,0.0130109297494035,0.0126930336600642,0.0120276523878871,0.011053677876802,0.009835924158669,0.00845828900296667,0.00701410741438174,0.0055951849733721,0.00428133106905576,0.00313216688590541,0.00218253927345822,0.00144211539046448,0.000898845240388116,0.000525189997014416,0.000285533988368058,0.000143148912453352,6.54484507066571e-05,2.69161685535293e-05,9.78526726653963e-06,3.07496176243936e-06,8.1091265516842e-07,1.72411894860761e-07,2.79377947853971e-08,3.17725056236928e-09,2.23163041435007e-10,7.81372564902788e-12,9.12628238693985e-14,1.44284056358452e-16,1.75012376218822e-21,0
0,0.000132579966697878,0.00246952331026594,0.010781980882489,0.0258946815137425,0.0447370807263405,0.0626606024462321,0.0758406828832917,0.0824050370049329,0.0823891117684131,0.0770950506057281,0.0683540610973185,0.0579608649715948,0.0473542091149393,0.0375081383495439,0.0289605084533403,0.0219083570792225,0.0163195804474312,0.0120320552482125,0.00882829829241737,0.00648446515344012,0.00479788538308957,0.00359909667856513,0.00275404750847745,0.00216094219196823,0.00174481684914447,0.00145172310680027,0.001243492167101,0.00109345716175743,0.000983168958261614,0.00089997588652734,0.00083528421862301,0.000783322655798727,0.000740266412452626,0.00070361446643418,0.000671746810206389,0.000643613160132251,0.000618520469243007,0.000595995649107533,0.000575704747363552,0.0005574128728401,0.000540972132054757,0.000526328582389358,0.000513543775269036,0.0005028313777645,0.000494613891960916,0.000489607876412588,0.000488947630993199,0.000494356439578191,0.000508370618881993,0.000534614259367255,0.000578111222078269,0.000645605543984931,0.000745842452301213,0.000889741366708259,0.00109037277124959,0.00136263755569119,0.00172254669869594,0.00218601794048836,0.00276715042582147,0.00347601128155905,0.00431606753705905,0.00528151320767408,0.00635485696106879,0.00750522532305724,0.00868787035688074,0.00984532118356607,0.0109104668644539,0.0118116028372147,0.0124791372664082,0.0128532869395954,0.0128917668358311,0.0125762760921837,0.0119165808070598,0.0109512359522912,0.00974446957633137,0.00837940626600903,0.00694851006714768,0.00554272107096515,0.00424108852137778,0.00310265826458773,0.00216193261483516,0.00142847152939102,0.000890324652470115,0.000520202201186532,0.000282817411974627,0.000141784668556429,6.48236888630961e-05,2.66588246184956e-05,9.6915679695072e-06,3.04547367638224e-06,8.03124987248295e-07,1.70753784287741e-07,2.76687396073926e-08,3.1466099011266e-09,2.21007944458728e-10,7.73816240466187e-12,9.03789535035535e-14,1.42883693402405e-16,1.73144610320346e-21,0
0,0.000132801241798115,0.002474639149739,0.0108047415461716,0.025949897337112,0.0448332657301164,0.0627963163178319,0.0760060329411318,0.0825857684251491,0.0825707642675902,0.0772658186270775,0.0685060698562676,0.05809018730044,0.0474601419016062,0.0375922024602869,0.0290254850466201,0.021957520182794,0.0163561716782315,0.012058979036105,0.00884798630753346,0.00649885371398503,0.00480845769346228,0.00360695450620215,0.0027599894791656,0.00216553601497309,0.00174845989155046,0.0014546901227686,0.00124597130440107,0.00109557630389836,0.000985014590699956,0.000901606412720359,0.000836739256362435,0.000784629457626544,0.000741444236812551,0.000704677491327837,0.000672706016945982,0.000644477501134293,0.000619297551377973,0.000596692098953773,0.000576326368814089,0.000557964657047801,0.000541458132522855,0.000526751621751342,0.000513904901633634,0.000503128933563813,0.000494841993902698,0.0004897540308571,0.000488989129072039,0.000494255101868703,0.000508065410550034,0.000534011303263397,0.000577070837956257,0.000643926180309442,0.000743241793683998,0.000885835520775134,0.00108465525940588,0.00135446080137701,0.00171110971109592,0.00217036474941651,0.00274618429115583,0.00344852949958122,0.00428082053159654,0.00523728934419339,0.00630059113810156,0.00744012509663659,0.00861154864311196,0.00975792024201596,0.0108127552667017,0.0117050264808009,0.0123658080192907,0.0127358985547828,0.012773437040859,0.0124603251156251,0.0118062681949049,0.0108494870210483,0.00965362791726324,0.00830104761410916,0.00688334498855823,0.0054906002277291,0.00420110718861931,0.00307333983962969,0.0021414578775264,0.00141491444261294,0.00088185790922692,0.000515245727833207,0.0002801177899183,0.000140428886840191,6.4202778592926e-05,2.64030574014929e-05,9.59843917141131e-06,3.01616398475972e-06,7.95384121618646e-07,1.69105569960523e-07,2.74012785462171e-08,3.11614935798818e-09,2.18865406929594e-10,7.66303526438029e-12,8.95001290334524e-14,1.4149131837658e-16,1.71310484470006e-21,0
0,0.000133026214155576,0.00247971831470708,0.0108273191393921,0.0260046670128183,0.044928678988953,0.062930949353013,0.076170073965547,0.0827650751538792,0.0827509887800307,0.0774352462668584,0.0686568861243045,0.0582184949515832,0.0475652430677483,0.0376756062317062,0.0290899511172748,0.0220062972659346,0.0163924762418663,0.0120856928819804,0.00886752207292661,0.00651313249015742,0.00481895097028331,0.00361475531866414,0.00276589011069169,0.00217009966864879,0.00175208079458684,0.00145764088172808,0.00124843862667845,0.00109768712881362,0.000986854802063961,0.000903234043804516,0.000838193706037976,0.000785937853099428,0.000742625763931828,0.000705746280386568,0.000673673008747093,0.000645351604971881,0.000620086324482406,0.000597402112099263,0.000576963367241223,0.000558533575755877,0.000541962978165004,0.000527195187467062,0.000514288232899212,0.000503450408702362,0.000495095819144703,0.000489927876194832,0.00048906055174631,0.000494186330267766,0.00050779601253985,0.000533448269190422,0.000576075708191733,0.000642299083515951,0.000740702675448234,0.000882003458696208,0.00107902757598074,0.0013463946490606,0.00169980980233463,0.00215488175762296,0.00272542891460578,0.00342130698223252,0.00424588930964162,0.0051934452538124,0.00624677525942701,0.00737554903862304,0.00853582639328887,0.00967119138864432,0.0107157814182958,0.0115992420631852,0.0122533091334099,0.0126193595886459,0.0126559539301245,0.0123451954297673,0.0116967297429678,0.0107484461081963,0.00956341342543063,0.00822322599521641,0.00681862345842376,0.00543883184934789,0.00416139456348356,0.00304421729875044,0.00212111916250256,0.00140144692752904,0.000873446807181733,0.000510321656797122,0.00027743572534119,0.000139081877613272,6.35858653648438e-05,2.61489282018816e-05,9.50590369568333e-06,2.98704003089002e-06,7.87692040907755e-07,1.67467683519692e-07,2.71354832544495e-08,3.08587728764697e-09,2.16736031278436e-10,7.58836592444107e-12,8.8626611554543e-14,1.40107343787079e-16,1.69507089144431e-21,0
0,0.000133254185734,0.00248476071444214,0.0108497159044353,0.0260589961009143,0.0450233290479737,0.0630645117988581,0.0763328163601734,0.0829429664725611,0.082929792686004,0.0776033387235127,0.0688065130121492,0.0583457892626168,0.0476695125800297,0.0377583486573584,0.02915390502777,0.0220546863260888,0.0164284919608396,0.0121121945579841,0.00888690338373954,0.00652729933625409,0.00482936313779127,0.00362249710460069,0.002771747440702,0.00217463121865405,0.00175567762812855,0.00146057343287746,0.00125089213755244,0.00109978757038722,0.000988687433723317,0.000904856507831924,0.000839645164132426,0.000787245291924028,0.000743808284906082,0.000706817957728627,0.00067464473770167,0.000646232249607783,0.000620883392692429,0.000598122120902716,0.000577612006286178,0.000559115727177886,0.0005424826044943,0.000527655053748732,0.000514689381356804,0.000503791250336386,0.000495370643488848,0.0004901245074346,0.000489156800601621,0.000494144817444335,0.000507556890964465,0.000532919378156474,0.000575119791150385,0.000640717935592233,0.000738218497097195,0.000878238303968573,0.00107348259356657,0.00133843177101648,0.00168863952759657,0.00213956152568345,0.00270487702881156,0.00339433684700039,0.00421126762990416,0.00514997562823084,0.00619340526220757,0.00731149464359521,0.00846070294403701,0.00958513602916924,0.0106195489330284,0.0114942554305446,0.012141648578648,0.0125036798870736,0.0125393288478431,0.012230899394381,0.01158797827775,0.0106481259410163,0.00947383819828343,0.00814595243023062,0.00675435509569472,0.00538742396953536,0.00412195705480056,0.00301529551301899,0.00210091998588227,0.00138807138505482,0.00086509288968224,0.000505430916550776,0.000274771737258582,0.000137743908105497,6.29730745430374e-05,2.58964898834495e-05,9.41398123796301e-06,2.95810815579827e-06,7.80050458205903e-07,1.65840498155018e-07,2.68714157200933e-08,3.05580092243667e-09,2.14620339344153e-10,7.51417319158812e-12,8.77586275686709e-14,1.38732128073026e-16,1.67731955758261e-21,0
0,0.000133484552208259,0.00248976631423335,0.0108719339554996,0.026112889791863,0.0451172239062168,0.063197013314231,0.0764942700316454,0.0831194513454787,0.0831071832615697,0.0777701012921992,0.0689549538891776,0.0584720719427369,0.0477729508426263,0.0378404291956307,0.0292173456047888,0.0221026858065298,0.016464217075639,0.0121384822230485,0.00890612839141971,0.00654135243554668,0.00483969242629752,0.00363017814077496,0.00277755978200467,0.00217912899769128,0.00175924872552836,0.00146348608956036,0.00125333010935636,0.00110187583934554,0.000990510615208801,0.00090647183511506,0.00084109154581257,0.000788549560745851,0.000744989447349891,0.000707890024409542,0.000675618553658387,0.000647116631618573,0.000621685799377027,0.000598849017155598,0.000578269028718802,0.000559707707858395,0.000543013464166066,0.000528127530557915,0.000515104513709771,0.000504147479068702,0.000495662335937011,0.000490339633609027,0.000489273413460875,0.000494125916149985,0.000507343197604294,0.000532419564059399,0.000574197786540317,0.000639177188722087,0.000735783456199023,0.000874534002958161,0.00106801402646743,0.00133056569032475,0.00167759228754529,0.00212439743448118,0.00268452213581522,0.00336761289825046,0.00417694981860231,0.00510687556666498,0.00614047728906038,0.00724795936917279,0.00838617731780526,0.00949975495281801,0.0105240604945124,0.011390071190833,0.0120308328032682,0.0123888675347556,0.0124235711984641,0.0121174473249843,0.0114800245581981,0.0105485372370922,0.00938491245520008,0.00806923625342395,0.00669054806522674,0.00533638342049971,0.00408280012195187,0.00298657863796608,0.00208086335122956,0.00137478986856075,0.000856797478105516,0.000500574302827812,0.000272126270899866,0.0001364152077563,6.23645138521114e-05,2.56457879073644e-05,9.32268874862489e-06,2.92937382064281e-06,7.72460849946692e-07,1.64224335726711e-07,2.66091294424608e-08,3.02592650869494e-09,2.12518782150356e-10,7.44047333296174e-12,8.68963731624121e-14,1.37365982039136e-16,1.6598298621842e-21,0
0,0.000133716789949724,0.00249473512530161,0.0108939752894251,0.0261663529458698,0.0452103710779404,0.0633284630378239,0.0766544444487423,0.0832945384592268,0.0832831676939129,0.0779355393568213,0.0691022123562084,0.0585973450316645,0.0478755586475782,0.0379218477159652,0.0292802720846257,0.022150294543103,0.0164996501940696,0.0121645543753522,0.00892519555934893,0.00655529025882009,0.00484993733319305,0.00363779695500982,0.00278332568689275,0.00218359157064385,0.0017627926490229,0.00146637739442186,0.00125575104756025,0.00110395038650224,0.000992322725884058,0.000908078317987711,0.000842531042507094,0.000789848738342427,0.000746167208074121,0.000708960308517881,0.000676592151726847,0.000648002311140597,0.000622490969589053,0.000599580092118119,0.000578931594142671,0.000560306548123772,0.000543552460232738,0.000528609394695238,0.000515530279993632,0.000504515615653002,0.000495967283090557,0.000490569499737528,0.000489406483741797,0.000494125555775959,0.000507150683460717,0.000531944384053235,0.000573305042466286,0.000637671969013871,0.000733392448957148,0.000870885222746454,0.00106261632662303,0.0013227906761478,0.00166666222480821,0.00210938358542266,0.00266435841424895,0.00334112954533873,0.00414293070307031,0.00506414052995643,0.00608798766781195,0.00718494064630668,0.00831224826785325,0.00941504841493654,0.0104293179776149,0.0112866928731238,0.0119208669279077,0.0122749290782203,0.0123086886910626,0.0120048477493361,0.0113728775342305,0.0104496889548638,0.00929664477102878,0.00799308532169617,0.00662720925781404,0.00528571598142319,0.00404392839199751,0.00295807020171226,0.00206095181258568,0.00136160412655035,0.000848561699078293,0.000495752494879313,0.00026949970673345,0.000135095972831218,6.17602755293277e-05,2.53968612342985e-05,9.23204076693305e-06,2.90084171368495e-06,7.64924484643825e-07,1.62619472990576e-07,2.6348670460349e-08,2.99625942602936e-09,2.10431748458689e-10,7.3672803823286e-12,8.60400176656103e-14,1.36009174504095e-16,1.64258394045628e-21,0
0,0.00013395044489217,0.00249966719640558,0.0109158417955343,0.0262193901275978,0.0453027776463178,0.0634588696475414,0.0768133486938869,0.0834682362570195,0.0834577530946619,0.0780996583831161,0.0692482922219241,0.0587216108640774,0.0479773371318296,0.0380026044523557,0.0293426840659968,0.0221975117182303,0.0165347902475227,0.0121904098113104,0.00894410362459279,0.00656911152864929,0.00486009658936908,0.00364535229429284,0.00278904391644655,0.00218801770458886,0.0017663081599844,0.00146924608945138,0.00125815366018608,0.00110600987116159,0.000994122361993762,0.000909674476202921,0.000843962085414682,0.000791141157061766,0.000747339792335282,0.000710026922172394,0.000677563527007888,0.000648887164357065,0.000623296660359621,0.000600312984686942,0.000579597225106718,0.000560909656202723,0.000544096888323158,0.000529097830064792,0.000515963751921389,0.000504892617380386,0.00049628232350033,0.000490810819024631,0.000489552590355659,0.000494140169780939,0.000506975623533689,0.000531489940512284,0.000572437474466569,0.000636197992592513,0.000731040983496252,0.000867287261980397,0.00105728459271107,0.00131510165218629,0.00165584413339292,0.00209451471300398,0.00264438063786835,0.00331488173055088,0.00410920555308808,0.00502176629965896,0.00603593289283696,0.00712243588714869,0.00823891431630268,0.00933101620780056,0.010335322553108,0.0111841230653381,0.0118117549135756,0.0121618697192484,0.012194687551489,0.0118931076302729,0.0112665445714888,0.0103515885115703,0.00920904227933207,0.00791750619676227,0.00656434444699533,0.00523542650783049,0.00400534576175982,0.00292977318180008,0.0020411875294371,0.00134851563988812,0.000840386508227012,0.000490966069661059,0.000266892368344838,0.000133786370452656,6.11604382041959e-05,2.51497431124453e-05,9.1420497129932e-06,2.8725158437696e-06,7.57442448009742e-07,1.61026147040642e-07,2.60900782511884e-08,2.96680429164314e-09,2.08359572252791e-10,7.29460640811201e-12,8.51897068550468e-14,1.34661937259859e-16,1.62556655111915e-21,0
0,0.00013418512299652,0.00250456260685882,0.0109375352646484,0.0262720056368562,0.0453944503105624,0.0635882414124427,0.076970991508104,0.0836405529686116,0.0836309465115157,0.0782624639126894,0.0693931974824333,0.0588448720387799,0.0480782877400052,0.038082699963076,0.0294045814691948,0.0222443368211255,0.0165696364531749,0.0122160475901508,0.00896285156487961,0.00658281518857872,0.00487016913026211,0.00365284309728732,0.00279471341408775,0.0021924063429726,0.00176979419330954,0.00147209109019741,0.00126053683148617,0.00110805313392732,0.000995908308304403,0.000911259027148143,0.000845383314082678,0.000792425369604487,0.000748505658712672,0.000711088224434277,0.000678530935523315,0.00064976934246127,0.00062410091773489,0.00060104563655996,0.000580263760457256,0.000561514769820638,0.000544644386521835,0.000529590375860839,0.000516402369373953,0.00050527582283889,0.000496604690627507,0.000491060713921592,0.000489708736740066,0.000494166632544408,0.000506814751337546,0.000531052813064122,0.000571591494960246,0.000634751492440743,0.000728725104212322,0.000863735973046685,0.00105201449073784,0.00130749411663769,0.00164513337940569,0.00207978610818988,0.00262458410404207,0.00328886486569661,0.0040757700290532,0.00497974894159951,0.00598430960793599,0.00706044249099101,0.00816617378634113,0.0092476577213556,0.0102420747779145,0.0110823635333594,0.011703499707219,0.0120496934826806,0.0120815727066149,0.0117822325593876,0.0111610316468098,0.0102542419729031,0.00912211084933252,0.00784250430383159,0.0065019584256771,0.00518551904434379,0.00396705548682515,0.0029016900721993,0.00202157231466583,0.00133552565428278,0.00083227271090596,0.000486215514218477,0.000264304529315446,0.000132486542120153,6.05650685403622e-05,2.49044617660249e-05,9.05272614289109e-06,2.84439962203581e-06,7.50015664916367e-07,1.59444560068612e-07,2.58333865175079e-08,2.93756505160911e-09,2.06302539287711e-10,7.22246174802504e-12,8.43455657601824e-14,1.33324469425842e-16,1.60876466380331e-21,0
0,0.000134420482076373,0.00250942146072439,0.0109590573973427,0.026324203535777,0.0454853954273713,0.0637165862382812,0.0771273813303731,0.0838114966364772,0.0838027549384465,0.0784239615578835,0.0695369323035421,0.0589671313919414,0.0481784121921064,0.0381621350957454,0.02946596450068,0.0222907696133255,0.0166041882812603,0.0122414670032644,0.00898143857005111,0.0065964003764932,0.00488015407085205,0.00366026847060929,0.00280033328276771,0.00219675658334383,0.00177324983534384,0.0014749114635476,0.00126289959926472,0.00111007917327685,0.00099767951367159,0.000912830860180503,0.000846793549324816,0.000793700120381728,0.000749663468808303,0.000712142789292824,0.000679492860467732,0.000650647236184704,0.000624902039612115,0.000601776253425042,0.000580929314929095,0.000562119914239799,0.000545192891894561,0.000530084881598121,0.000516843893931748,0.000505662903916253,0.000496931963258378,0.000491316664865282,0.000489872297808419,0.000494202204394381,0.000506665201867467,0.000530629999365781,0.000570763951740117,0.00063332915458685,0.000726441325750347,0.000860227694108422,0.00104680218464351,0.00129996407219267,0.00163452583164594,0.00206519355125734,0.00260496457097553,0.00326307477632166,0.00404262013620983,0.00493808477345125,0.00593311459068595,0.00699895784867228,0.00809402482949349,0.00916497199535577,0.0101495746729826,0.0109814153241137,0.0115961033679213,0.0119384033620858,0.0119693479444254,0.0116722269254482,0.0110563435183069,0.0101576542181128,0.00903585524002731,0.00776808406986805,0.00644005512521858,0.00513599692299534,0.00392906025916867,0.00287382294176305,0.00200210767639253,0.00132263520864024,0.000824220980293948,0.000481501236501703,0.000261736419230761,0.000131196606785728,5.99742226702788e-05,2.46610409970172e-05,8.96407897172119e-06,2.81649593335846e-06,7.42644918599959e-07,1.57874883526932e-07,2.55786238750068e-08,2.90854506074335e-09,2.04260892822776e-10,7.1508552145113e-12,8.35077011208716e-14,1.31996941271972e-16,1.59216711310754e-21,0
0,0.000134656224782894,0.0025142438819933,0.0109804098115026,0.0263759876729247,0.0455756190474539,0.0638439117075291,0.0772825263321694,0.0839810751387877,0.0839731853246959,0.0785841569973748,0.0696795010053602,0.0590883919738345,0.0482777124554302,0.038240910956972,0.0295268336223264,0.0223368100987731,0.0166384454266856,0.0122666675476451,0.00899986401734046,0.00660986640157575,0.00489005068404296,0.00366762766832665,0.00280590276526449,0.00220106765813019,0.00177667430483033,0.00147770640855825,0.00126524113531593,0.001112087125357,0.000999435069967378,0.000914389014489028,0.000848191769855187,0.000794964320794445,0.000750812061082901,0.000713189378005626,0.000680447983032433,0.000651519445110189,0.000625698543566767,0.000602503271337913,0.000581592244115829,0.000562723365861634,0.000545740602753612,0.000530579468056478,0.000517286368495693,0.000506051824070928,0.000497262022373788,0.000491576465669187,0.000490040973762988,0.000494244483726267,0.000506524461901056,0.000530218863473497,0.000569952074326804,0.000631928062420553,0.00072418657536061,0.000856759189731518,0.00104164427563751,0.0012925079647913,0.00162401780082984,0.00205073325292167,0.00258551820259427,0.00323750765262119,0.00400975218423428,0.00489677033589722,0.0058823447381837,0.00693797934577168,0.00802246544873203,0.00908295776415363,0.010057821790532,0.0108812788548302,0.011489567176377,0.0118280014462828,0.0118580160532004,0.0115630940609246,0.0109524838734353,0.0100618290838157,0.00895027923447946,0.0076942490441129,0.00637863771927512,0.00508686284898373,0.00389136227488441,0.00284617348524608,0.00198279485450469,0.00130984515982089,0.000816231873199531,0.000476823574813231,0.000259188228929932,0.00012991666354149,5.93879474492376e-05,2.44195007112358e-05,8.87611566861048e-06,2.78880719883164e-06,7.35330867461159e-07,1.5631726177131e-07,2.53258144547197e-08,2.87974715252238e-09,2.02234838641078e-10,7.07979427467267e-12,8.26762035407432e-14,1.30679497575773e-16,1.57576430824549e-21,0
0,0.000134892092578493,0.00251903001058511,0.0110015940492402,0.0264273617047278,0.0456651269477991,0.0639702251146425,0.0774364344478653,0.0841492962096445,0.0841422445827434,0.0787430559724066,0.0698209080489181,0.0592086570285766,0.0483761907201095,0.0383190288859197,0.029587189524659,0.0223824584978027,0.0166724077843679,0.012291648902831,0.00901812744992847,0.00662321272433744,0.00489985838194036,0.00367492007421727,0.00281142122714177,0.00220533891802022,0.00178006693644728,0.00148047523989477,0.00126756072853041,0.00111407624653815,0.0010011741938854,0.000915932659978681,0.000849577092107636,0.000796217027875964,0.000751950428241789,0.000714226915179102,0.000681395157159724,0.000652384751102082,0.000626489138977819,0.000603225327572662,0.0005822511140804,0.000563323620630862,0.000546285945881904,0.00053107249333906,0.000517728082176678,0.000506440802029842,0.000497593013610088,0.000491838184680319,0.000490212749860561,0.000494291365275075,0.000506390326668533,0.000529817090809259,0.000569153427156223,0.000630545648078757,0.000721958142547781,0.000853327598993325,0.00103653774914518,0.00128512263002351,0.00161360598635351,0.00203640180271004,0.00256624152014314,0.00321216000624621,0.00397716275155463,0.00485580236700207,0.00583199705409546,0.00687750436485052,0.00795149351807384,0.00900161349520751,0.00996681527216616,0.0107819539903887,0.0113838917299195,0.0117184890292992,0.0117475789425839,0.0114548363695403,0.0108494554579578,0.00996676948931285,0.00886538575689435,0.00762100200319685,0.00631770871439372,0.00503811897551243,0.00385396329330874,0.00281874306785145,0.00196363485255881,0.00129715620426643,0.000808305843870699,0.000472182806064412,0.000256660115094415,0.000128646793969314,5.8806281551936e-05,2.41798573784293e-05,8.78884242731752e-06,2.7613354304369e-06,7.28074059766596e-07,1.547718152489e-07,2.50749784301799e-08,2.85117370030543e-09,2.0022454944578e-10,7.00928520790174e-12,8.18511493744893e-14,1.29372260570767e-16,1.55954798909553e-21,0
0,0.000135127860554682,0.00252377999903602,0.0110226115832269,0.0264783291145665,0.0457539246602466,0.0640955334972123,0.0775891134015629,0.0843161674569502,0.084309939595392,0.0789006642835684,0.0699611580245116,0.0593279299764524,0.0484738493777646,0.0383964904312438,0.0296470331035159,0.0224277152244707,0.0167060754277635,0.0123164109108494,0.00903622855831042,0.00663643893928065,0.00490957669961149,0.00368214518639182,0.002816888141989,0.00220956981757828,0.00178342716656471,0.00148321737350941,0.00126985777028822,0.00111604589833273,0.00100289621121303,0.000917461080745683,0.000850948752787971,0.000797457425821519,0.000753077697669937,0.000715254468064172,0.000682333387678544,0.000653242095281316,0.00062727270285691,0.000603941235329638,0.000582904674970907,0.000563919366587595,0.000546827548043894,0.00053156252335401,0.000518167539745479,0.000506828280186429,0.000497923314565891,0.000492100130935854,0.000490385861342499,0.000494341003729041,0.000506260862054189,0.000529422648859941,0.000568365868708617,0.000629179649982257,0.000719753635069063,0.000849930390110012,0.00103147992839066,0.00127780524620146,0.00160328742964388,0.00202219612367668,0.00254713135967315,0.00318702863229063,0.00394484865385169,0.0048151777794461,0.00578206863692167,0.00681753028695075,0.00788110679921273,0.00892093742221596,0.00987655389912966,0.0106834401103916,0.0112790770250633,0.0116098667059953,0.0116380377489653,0.0113474554373725,0.0107472601883398,0.00987247754585897,0.008781176974744,0.00754834504286101,0.00625727002909211,0.00498976696913369,0.00381686468865678,0.00279153276414561,0.00194462846565593,0.00128456889690116,0.000800443256066616,0.000467579152994306,0.000254152204260699,0.000127387064195996,5.82292564317664e-05,2.39421244348565e-05,8.70226431552862e-06,2.73408227889377e-06,7.20874946519424e-07,1.5323864328992e-07,2.48261324791048e-08,2.82282667096352e-09,1.98230168712049e-10,6.93933324403151e-12,8.10326023825163e-14,1.28075332536544e-16,1.54351102102647e-21,0
0,0.000135363332971392,0.00252849400976228,0.011043463822495,0.0265288932298104,0.0458420174968451,0.0642198436635532,0.0777405707308433,0.0844816963782422,0.0844762772220937,0.0790569877880452,0.0701002556415311,0.0594462143984529,0.0485706910028241,0.0384732973309176,0.0297063654396488,0.0224725808667587,0.0167394485901352,0.0123409535587384,0.00905416716407454,0.00664954475982191,0.0049192052809758,0.00368930260394532,0.00282230307861854,0.00221375990277474,0.00178675452090405,0.00148593231423811,0.00127213174181334,0.00111799553434182,0.00100460054322028,0.000918973660776907,0.000852306093772681,0.000798684809997971,0.000754193114488198,0.000716271228617752,0.000683261811351072,0.00065409055805466,0.000628048258871336,0.000604649961772262,0.000583551838095592,0.000564509460004523,0.00054736421120414,0.000532048306124606,0.000518603435032134,0.000507212897071656,0.000498251506310285,0.000492360824657002,0.000490558762847176,0.000494391781981674,0.000506134371603562,0.00052903375285968,0.000567587515805325,0.000627828075725396,0.000717570940461178,0.000846565320744466,0.00102646843376762,0.00127055329325561,0.0015930594732662,0.002008113432667,0.00252818483468942,0.00316211057583162,0.00391280691625118,0.00477489364031015,0.00573255666938583,0.00675805449251897,0.00781130295564629,0.00884092757365471,0.00978703613580836,0.0105857361673707,0.011175122529255,0.0115021344552817,0.0115293929272648,0.0112409521296838,0.0106458992497642,0.00977895465199473,0.00869765438790091,0.00747627965803849,0.00619732306292415,0.00494180806683413,0.00378006749514425,0.00276454339207196,0.00192577630481151,0.00127208366765957,0.000792644393615509,0.000463012790484454,0.000251664596331126,0.000126137526691678,5.76568971604194e-05,2.37063126356957e-05,8.61638540557239e-06,2.70704907556202e-06,7.13733892731946e-07,1.51717826553143e-07,2.45792901879123e-08,2.79470767187746e-09,1.96251814063449e-10,6.86994268446044e-12,8.02206151822064e-14,1.26788798074704e-16,1.52764722215904e-21,0
0,0.000135598339413498,0.00253317221280494,0.0110641521177554,0.0265790572370573,0.0459294105724133,0.0643431622171997,0.0778908138078427,0.0846458903747595,0.0846412643046118,0.0792120323972659,0.0702382057195641,0.0595635140227177,0.0486667183361404,0.0385494514945437,0.029765187780849,0.0225170561692446,0.0167725276481736,0.0123652769632816,0.00907194320575195,0.00666253000515541,0.00492874386652482,0.00369639201535068,0.00282766568994317,0.00221790880016077,0.00179004860383178,0.00148861964504491,0.00127438220321233,0.00111992468894341,0.00100628669486671,0.000920469871559884,0.00085364854902421,0.000799898573086034,0.000755296026864627,0.000717276497945408,0.000684179680427316,0.000654929341777394,0.000628814959123003,0.000605350608938534,0.000584191655987265,0.000565092904624561,0.000547894890954524,0.000532528749414716,0.000519034627747494,0.000507593463356227,0.000498576348535549,0.000492618971507097,0.000490730101714584,0.0004944422834134,0.000506009367707623,0.00052864883580574,0.000566816712401814,0.000626489169625745,0.000715408192383386,0.000843230403265652,0.0010215011472584,0.0012633645167153,0.00158291972506258,0.00199415120543792,0.00250939930332353,0.00313740310247184,0.0038810347487737,0.00473494715313138,0.00568345840885802,0.00669907436189103,0.00774207956468718,0.00876158179737807,0.00969826016741465,0.0104888407373415,0.0110720272432896,0.0113952917125908,0.0114216443309341,0.011135326675376,0.0105453731816616,0.00968620157677332,0.00861481890648333,0.0074048068128173,0.00613786875683645,0.00489424312593548,0.00374357244644015,0.0027377755426976,0.00190707881827275,0.0012597008359467,0.000784909469653714,0.00045848385108585,0.000249197367647266,0.000124898221844456,5.70892231631223e-05,2.34724303637005e-05,8.53120888892462e-06,2.68023686915392e-06,7.06651187303678e-07,1.50209429169216e-07,2.43344624063215e-08,2.76681799214439e-09,1.94289580232893e-10,6.80111700839958e-12,7.94152305213593e-14,1.25512726109476e-16,1.51195121778775e-21,0
0,0.000135832731475912,0.00253781478397762,0.0110846777662778,0.0266288241957933,0.0460161088246609,0.0644654955787145,0.078039849858009,0.0848087567639771,0.0848049076721041,0.0793658040748875,0.0703750131805891,0.0596798327126125,0.0487619342705767,0.0386249549878001,0.0298235015262449,0.0225611420178941,0.016805313107641,0.0123893813576475,0.00908955672644771,0.00667539458878492,0.00493819228261475,0.0037034131883498,0.00283297570329783,0.00222201620745651,0.00179330908905731,0.00149127901768245,0.00127660878396017,0.00112183296747744,0.00100795424457102,0.00092194926133563,0.000854975633240804,0.000801098193057664,0.000756385873267554,0.000718269672795637,0.000685086348362112,0.00065575775568823,0.000629572068307114,0.000606042397136684,0.000584823305052869,0.000565668833581527,0.000548418677719912,0.000533002901226844,0.000519460123271645,0.000507968940915879,0.000498896757872886,0.000492873440118216,0.00049089869467215,0.000494491267675478,0.000505884546419061,0.000528266522244351,0.000566052002294272,0.000625161384332018,0.00071326374115703,0.000839923874325257,0.00101657618125847,0.00125623689612951,0.00157286602668852,0.00198030714602822,0.00249077233947241,0.00311290367239821,0.00384952952465875,0.00469533564197946,0.00563477117872706,0.00664058727544604,0.00767343412768664,0.00868289778184963,0.00961022393266552,0.0103927520637497,0.0109697897556524,0.0112893374330411,0.0113147912817377,0.0110305787407017,0.0104456819524004,0.00959421853246951,0.00853267091888779,0.00733392700160381,0.00607890764594889,0.00484707266774305,0.00370738001018431,0.00271122960624485,0.00188853631017735,0.00124742062329749,0.000777238634715518,0.000453992429859297,0.000246750573681943,0.00012366917933984,5.65262488628607e-05,2.32404838996893e-05,8.44673717657035e-06,2.65364645791723e-06,6.99627051682184e-07,1.48713500620195e-07,2.40916575583638e-08,2.73915863872577e-09,1.9234354166063e-10,6.73285896611722e-12,7.86164823961566e-14,1.24247171647021e-16,1.4964183175695e-21,0
0,0.000136066379901772,0.00254242190335144,0.0111050420163705,0.0266781970506643,0.0461021170321769,0.0645868500051506,0.0781876859768351,0.0849703027908001,0.0849672141456932,0.0795183088350622,0.0705106830421034,0.0597951744562097,0.0488563418382899,0.0386998100187248,0.029881308212468,0.0226048394266802,0.0168378055907569,0.012413267079666,0.00910700786300494,0.00668813850849173,0.00494755043211245,0.0037103659611331,0.00283823291200406,0.00222608188535519,0.00179653571153892,0.00149391014457039,0.00127881117463128,0.00112372003771859,0.00100960283532524,0.000923411445765334,0.000856286931999673,0.00080228322273407,0.000757462171391992,0.000719250233823252,0.000685981257398044,0.000656575202806287,0.00063031894992724,0.000606724650488935,0.00058544607046007,0.000566236493644049,0.000548934780371236,0.000533469932790608,0.000519879055015976,0.000508338424555136,0.000499211788954745,0.000493123242457345,0.000491063507459364,0.000494537649519314,0.000505758765428267,0.000527885605337709,0.000565292105233946,0.000623843355967545,0.000711136127963139,0.000836644168199954,0.00101169185124562,0.00124916861736618,0.00156289642599479,0.00196657915984957,0.00247230170741495,0.00308860991753117,0.00381828876122418,0.00465605653732874,0.0055864923606392,0.00658259061351576,0.0076053640787471,0.00860487307448498,0.00952292515214743,0.0102974680957082,0.0108684082898727,0.0111842701465345,0.0112088326306689,0.0109267074936507,0.0103468250245586,0.00950300523814721,0.00845121035128936,0.00726364030263199,0.00602043990574281,0.00480029691575195,0.00367149041820811,0.0026849057948871,0.00187014895689622,0.00123524316446677,0.000769631983821405,0.000449538588617188,0.000244324251398743,0.000122450419370019,5.59679842452037e-05,2.30104776597362e-05,8.36297198702435e-06,2.627278417865e-06,6.9266164746124e-07,1.47230077388719e-07,2.38508819153246e-08,2.71173036817622e-09,1.90413754775066e-10,6.66517066081814e-12,7.78243970331688e-14,1.22992177323254e-16,1.48104441181552e-21,0
0,0.000136299172109433,0.00254699375402233,0.0111252460715002,0.026727178642524,0.04618743983055,0.0647072316074655,0.0783343291448257,0.0851305356375859,0.0851281905425831,0.0796695527409361,0.0706452204110498,0.0599095433569766,0.0489499441994716,0.038774018925583,0.0299386095014288,0.0226481495257749,0.0168700058250853,0.0124369345615181,0.00912429683648982,0.00670076183753969,0.00495681828620732,0.00371725023462902,0.00284343716800476,0.00223010565037448,0.00179972826042996,0.00149651279172281,0.00128098911970251,0.001125585622458,0.00101123216696705,0.000924856099814993,0.000857582093186952,0.000803453280706335,0.000758524508529301,0.000720217735379547,0.000686863927759695,0.000657381168523611,0.000631055054288654,0.000607396784334137,0.000586059332960926,0.000566795231472542,0.000549442511925808,0.00053392912371171,0.000520290669019098,0.000508701126039739,0.000499520617863442,0.000493367516660757,0.000491223637008022,0.00049458048027522,0.000505631024789417,0.000527505026788049,0.000564535896010179,0.000622533882355257,0.000709024062230008,0.000833389893419373,0.00100684665180644,0.00124215804830071,0.00155300915277246,0.0019529653300354,0.00245398533947853,0.00306451962139013,0.00378731010296205,0.00461710736352624,0.00553861938752625,0.00652508175611855,0.00753786679215792,0.00852750509751886,0.00943636135296406,0.0102029865213008,0.0107678807458249,0.0110800880058602,0.0111037668111738,0.0108237116602375,0.0102488014120134,0.00941256097527958,0.00837043671972051,0.00719394642481245,0.00596246539251084,0.00475391582911467,0.00363590369301276,0.0026588041627257,0.00185191682135792,0.00122316851715157,0.000762089562693104,0.000445122359643366,0.000241918421321525,0.000121241953694653,5.54144353538592e-05,2.27824144033025e-05,8.27991442357931e-06,2.60113312755421e-06,6.85755083051111e-07,1.45759184406024e-07,2.36121398354276e-08,2.68453371451113e-09,1.88500259996394e-10,6.59805362058724e-12,7.70389937524589e-14,1.21747774766319e-16,1.46582588382945e-21,0
0,0.000136531010053417,0.00255153052111427,0.0111452910940813,0.0267757717184013,0.0462720817268483,0.0648266463661383,0.0784797862409151,0.0852894624331342,0.085287843679767,0.0798195419033393,0.0707786304784257,0.0600229436254994,0.0490427446323476,0.0388475841660981,0.0299954071694826,0.0226910735511008,0.0169019146337165,0.0124603843206428,0.00914142394381651,0.00671326471694776,0.00496599587722889,0.00372406596575073,0.00284858837542179,0.00223408736861065,0.00180288657292185,0.00149908677257972,0.00128314241128037,0.00112742949304085,0.00101284198945036,0.000926282950690226,0.000858860819537541,0.00080460804343173,0.000759572533182755,0.000721171796621174,0.000687733948240541,0.00065817521066403,0.00063177990803057,0.000608058294240135,0.000586662557394123,0.000567344481621632,0.000549941277058481,0.000534379848996318,0.00052069431048287,0.000509056360135134,0.000499822527654285,0.000493605512015027,0.000491378295846061,0.000494618931637372,0.000505500450041357,0.000527123859250736,0.000563782386120812,0.000621231903929677,0.00070692640180378,0.000830159812262207,0.00100203923559504,0.00123520371746689,0.00154320259744036,0.00193946389664319,0.0024358213163807,0.0030406307013465,0.00375659130660704,0.00457848572767732,0.00549114973735127,0.00646805808257205,0.00747093958875192,0.00845079116174923,0.00935052989017914,0.0101093047966188,0.0106682047357888,0.0109767888287331,0.0109995918856961,0.010721589573753,0.0101516097299165,0.00932288463645682,0.00829034917569248,0.0071248447487841,0.0059049836788103,0.00470792913198137,0.00360061967098714,0.00263292462331038,0.00183383986561401,0.00121119667052074,0.000754611373207211,0.000440743748957739,0.000239533089350931,0.000120043786572133,5.4865604725773e-05,2.25562954160037e-05,8.19756504214954e-06,2.57521078985077e-06,6.78907419538422e-07,1.44300836324206e-07,2.33754339744632e-08,2.65756901369983e-09,1.86603083497916e-10,6.53150886164549e-12,7.6260285726677e-14,1.20513985796601e-16,1.4507595357375e-21,0
0,0.000136761808372496,0.00255603239097993,0.0111651782089673,0.026823978940512,0.0463560471126548,0.0649451001452081,0.0786240640545216,0.0854470902607666,0.0854461803773693,0.0799682824796297,0.0709109185144746,0.0601353795720991,0.0491347465242591,0.0389205083078617,0.0300517030977942,0.0227336128350541,0.0169335329265683,0.0124836169516974,0.00915838955035653,0.00672564734868421,0.00497508329233283,0.00373081316146922,0.00285368648491013,0.00223802695027199,0.001806010528861,0.00150163194261868,0.00128527088362557,0.00112925146372879,0.00101443209697742,0.000927691771677462,0.000860122862133088,0.000805747238345396,0.000760605947759574,0.000722112093759025,0.000688590967994425,0.000658956950811141,0.000632493104991181,0.000608708746411149,0.000587255282642758,0.000567883756057062,0.000550430561184924,0.000534821567704475,0.00052108941199451,0.000509403532389168,0.000500116895683205,0.000493836575806092,0.000491526798437202,0.0004946522814573,0.000505366277415017,0.00052674129091685,0.000563030707698813,0.000619936486993031,0.000704842135548091,0.000826952822757052,0.000997268394854133,0.00122830429529839,0.00153347529230779,0.00192607323835671,0.0024178078499181,0.00301694119297576,0.00372613022794492,0.00454018930978986,0.00544408092750508,0.00641151697102744,0.00740457974134962,0.00837472847846009,0.00926542796549466,0.0100164201711079,0.0105693776159668,0.0108743701345694,0.0108963055864219,0.0106203392179016,0.0100552482384837,0.00923397476807979,0.00821094654619599,0.0070563343629179,0.00584799408456452,0.00466233633924415,0.00356563802278399,0.00260726696501823,0.00181591796187045,0.00119932755270474,0.000747197378184572,0.000436402739183717,0.000237168248360132,0.000118855915577762,5.43214917734539e-05,2.23321206702298e-05,8.1159239109015e-06,2.54951145106236e-06,6.72118675838051e-07,1.42855038634938e-07,2.31407654710214e-08,2.63083642520911e-09,1.84722238755508e-10,6.46553694400776e-12,7.54882806491543e-14,1.19290823484348e-16,1.43584252567487e-21,0
0,0.000136991492784885,0.00256049955056606,0.0111849085066693,0.026871802894422,0.0464393402758283,0.0650625987049205,0.0787671692963998,0.0856034261655969,0.0856032074616532,0.0801157806726592,0.0710420898643738,0.0602468556002136,0.0492259533636805,0.0389927940197612,0.0301074992637409,0.0227757687982446,0.0169648616926557,0.0125066331194287,0.0091751940834001,0.0067379099896583,0.0049840806679379,0.00373749187360079,0.0028587314887007,0.00224192434488553,0.00180910004603431,0.00150414819464041,0.00128737440836633,0.00113105138677472,0.0010160023228751,0.000929082376768182,0.000861368014727946,0.000806870637849717,0.00076162450219387,0.00072303835329344,0.000689434689369843,0.000659726066735658,0.000633194298227891,0.000609347769305024,0.000587837112855262,0.000568412634987603,0.00055090992091067,0.000535253813019493,0.000521475483214957,0.000509742128432287,0.000500403182505022,0.000494060141794927,0.000491668549206868,0.000494679901287659,0.000505227840859773,0.0005263566119878,0.000562280099407336,0.000618646809017408,0.000702770368064904,0.000823767942871651,0.000992533045176311,0.00122145857763666,0.00152382589509192,0.00191279185637948,0.00239994326771539,0.00299344923625555,0.00369592481015608,0.00450221585403603,0.00539741050979194,0.00635545579795871,0.00733878447943249,0.00829931416978098,0.00918105264354346,0.00992432970971951,0.0104713965140626,0.010772829176693,0.0107939053509849,0.0105199582646202,0.00995971488140144,0.00914582960781895,0.00813222736880765,0.00698841409492338,0.00579149570437194,0.00461713677914696,0.00353095827121879,0.00258183086456522,0.00179815090218111,0.00118756103737787,0.000739847505600092,0.000432099292069,0.000234823879597847,0.000117678332323222,5.3782093121213e-05,2.2109888966422e-05,8.03499066271011e-06,2.52403501777137e-06,6.65388833226343e-07,1.41421788653967e-07,2.2908134109525e-08,2.60433595096739e-09,1.82857727911797e-10,6.40013802049382e-12,7.47229813223618e-14,1.18078293082437e-16,1.42107231454043e-21,0
0,0.000137219998696302,0.00256493218691616,0.0112044830463261,0.0269192460964561,0.0465219654111355,0.0651791477131425,0.0789091086084271,0.0857584771610818,0.0857589317677252,0.0802620427298335,0.071172149944346,0.0603573762004406,0.0493163687330444,0.0390644440642889,0.030162797733214,0.0228175429421145,0.0169959019932001,0.0125294335523332,0.00919183802635539,0.00675005294640249,0.00499298818481303,0.0037441021942129,0.00286372341623879,0.00224577953708621,0.00181215507603289,0.00150663545463714,0.00128945289030719,0.00113282914811357,0.00101755253511458,0.000930454615960314,0.00086259610879129,0.000807978054063094,0.000762627988375363,0.000723950346103581,0.000690264861647766,0.000660482285775792,0.000633883193039597,0.000609975046300571,0.000588407709763259,0.000568930758839604,0.00055137897566756,0.000535676183548951,0.0005218521018432,0.000510071704598867,0.000500680922139656,0.000494275720110451,0.000491803032037886,0.000494701245452149,0.000505084560656434,0.00052596920280092,0.000561529894053117,0.000617362145733728,0.000700710306268616,0.000820604296615123,0.000987832211224532,0.00121466547122225,0.00151425317441028,0.00189961836024944,0.00238222599978286,0.00297015306338741,0.00366597307351351,0.00446456316100599,0.0053511360659482,0.00629987193763268,0.00727355099316473,0.0082245452777044,0.00909740086612175,0.00983303031229799,0.0103742583534434,0.0106721629705741,0.0106923883537908,0.0104204441072738,0.00986500731955034,0.00905844711751509,0.00805418992253273,0.00692108253962336,0.00573548743150965,0.00457232961316269,0.00349657980700801,0.00255661589888873,0.0017805384069739,0.00117589694954886,0.000732561652286613,0.000427833350703719,0.000232499953923077,0.00011651102308983,5.32474029011465e-05,2.18895980574508e-05,7.95476454134574e-06,2.49878127165795e-06,6.58717839333516e-07,1.40001076388272e-07,2.26775384638497e-08,2.57806745207311e-09,1.81009542978234e-10,6.3353118799228e-12,7.39643861766568e-14,1.16876392849677e-16,1.40644662082155e-21,0
0,0.000137447269991585,0.00256933048678751,0.0112239028584483,0.0269663110004348,0.0466039266298816,0.0652947527556847,0.0790498885724425,0.0859122502349277,0.0859133601419602,0.0804070749422444,0.0713011042381296,0.060466945945149,0.0494059963022662,0.0391354612906156,0.0302176006537018,0.0228589368423218,0.0170266549554671,0.0125520190370029,0.00920832191358821,0.00676207657035367,0.00500180606372821,0.00375064425156601,0.00286866233033879,0.00224959254291065,0.00181517560061673,0.00150909367816557,0.00129150626375348,0.00113458466358633,0.00101908263238808,0.000931808371145822,0.000863807009169297,0.000809069334226406,0.000763616235276185,0.000724847882277129,0.000691081275562987,0.000661225379044574,0.000634559540858902,0.000610590309277044,0.000588966785952801,0.000569437821225145,0.00055183740038322,0.000536088335697749,0.000522218905691718,0.000510391879699479,0.000500949713530549,0.00049448288837809,0.000491929801048092,0.000494715841446982,0.000504935933414994,0.000525578523396529,0.000560779507700731,0.000616081859782021,0.000698661247580263,0.000817461101813282,0.000983165014167179,0.00120792398092307,0.00150475599700396,0.0018865514553389,0.00236465456666265,0.00294705098804751,0.0036362731062762,0.00442722908084218,0.00530525520364214,0.00624476276157972,0.00720887643686456,0.00815041877195035,0.00901446946464248,0.00974251873057064,0.0102779598743379,0.010572368318621,0.0105917515335321,0.0103217938898243,0.00977112296064898,0.00897182501210914,0.00797683225493244,0.00685433808338823,0.00567996797905417,0.00452791385348616,0.00346250190262206,0.00253162155560832,0.00176308013255783,0.0011643350706599,0.000725339687196995,0.000423604841474249,0.000230196432892838,0.000115353969386454,5.27174130139397e-05,2.16712447582228e-05,7.87524444218101e-06,2.47374988256578e-06,6.52105611663166e-07,1.38592885300602e-07,2.24489760239624e-08,2.55203066352936e-09,1.79177666895323e-10,6.27105798521642e-12,7.32124897279864e-14,1.15685114778095e-16,1.3919633822326e-21,0
0,0.000137673257984722,0.00257369463636304,0.0112431689474539,0.0270130000038095,0.0466852279686477,0.065409419345651,0.07918951571824,0.0860647523544171,0.0860664994441695,0.0805508836438533,0.0714289582937566,0.0605755694835805,0.0494948398228749,0.0392058486283278,0.0302719102480508,0.0228999521427883,0.0170571217672388,0.0125743904130662,0.00922464632581845,0.00677398125365495,0.00501053456159493,0.00375711820652061,0.00287354832378676,0.00225336340652843,0.00181816162851329,0.00151152284715716,0.00129353448928245,0.00113631787562608,0.00102059254066813,0.000933143552506261,0.00086500061028472,0.000810144356679609,0.000764589104683065,0.000725730806582256,0.00069188375850553,0.000661955156355247,0.000635223133900157,0.000611193332986564,0.000589514098964823,0.000569933562774853,0.00055228491904995,0.000536489976974949,0.000522575585730202,0.000510702327796534,0.00050120921304282,0.000494681283926331,0.000492048472486721,0.000494723281504817,0.000504781523281783,0.00052518410434433,0.00056002843009852,0.000614805390726741,0.000696622569538749,0.000814337659348029,0.000978530660614279,0.0012012331984843,0.00149533331647818,0.00187358993183339,0.00234722756897078,0.00292414139589498,0.00360682305663789,0.00439021150715534,0.00525976555290808,0.00619012563808001,0.00714475793201047,0.0080769315568402,0.00893225517105113,0.00965279158306202,0.0101824976524595,0.0104734418319741,0.0104919916173882,0.0102240045324969,0.00967805898534499,0.00888596078511125,0.00790015220601155,0.00678817892565657,0.00562493589848726,0.00448388837844694,0.00342872372449279,0.00250684724224526,0.00174577567774029,0.00115287514308199,0.000718181454280257,0.000419413675786067,0.000227913269721414,0.0001142071484416,5.21921133589194e-05,2.14548250423751e-05,7.79642894810539e-06,2.44894042003078e-06,6.45552040698087e-07,1.37197192984211e-07,2.22224433076988e-08,2.52622520725095e-09,1.77362074468654e-10,6.20737550704397e-12,7.24672829821237e-14,1.14504445236001e-16,1.37762072311176e-21,0
0,0.000137897920505722,0.00257802482104171,0.0112622822940149,0.0270593154532576,0.0467658733972321,0.0655231529319186,0.079327996530805,0.0862159904712143,0.0862183565495301,0.080693475210709,0.0715557177205897,0.0606832515373762,0.0495829031226708,0.0392756090817441,0.0303257288088177,0.0229405905503269,0.0170873036718382,0.0125965485686498,0.00924081188600135,0.00678576742541033,0.0050191739680325,0.00376352424934867,0.00287838151633207,0.00225709219735343,0.00182111319259326,0.00151392296710808,0.00129553755090213,0.00113802875034481,0.00102208221018559,0.00093446009534898,0.0008661768328027,0.00081120302733308,0.00076554648745498,0.000726598994497311,0.000692672170312856,0.000662671461770809,0.000635873800464783,0.000611783930116437,0.000590049446117425,0.000570417765723761,0.000552721299077304,0.00053688086011462,0.000522921879973658,0.000511002771855266,0.000501459127868829,0.000494870596934427,0.000492158717607824,0.000494723215174262,0.000504620954203463,0.000524785538670695,0.000559276216251583,0.000613532246266235,0.000694593720652232,0.000811233343678661,0.000973928432868758,0.00119459229261216,0.00148598416337406,0.00186073265500913,0.0023299436781663,0.00290142273618794,0.00357762112560764,0.00435350837163463,0.00521466476297199,0.0061359579316763,0.00708119256985498,0.00800408047731921,0.00885075462741196,0.00956384536820742,0.0100878681153941,0.0103753799496945,0.0103931051423405,0.0101270727543923,0.00958581237020934,0.0088008517310523,0.00782414742928033,0.00672260309791374,0.00557038959610678,0.00444025194610585,0.00339524434378399,0.00248229229435794,0.00172862458966685,0.00114151687408254,0.000711086775020414,0.000415259751584726,0.00022565041012731,0.000113070533637923,5.16714920372115e-05,2.12403341276727e-05,7.71831636124745e-06,2.42435236346512e-06,6.39056992644094e-07,1.35813971759022e-07,2.19979359595328e-08,2.50065060355906e-09,1.75562733196193e-10,6.14426335356217e-12,7.17287537920513e-14,1.1333436553713e-16,1.3634169266896e-21,0
0,0.000138121221105821,0.00258232122529361,0.0112812438572283,0.0271052596497941,0.0468458668258758,0.0656359589068389,0.079465337456869,0.0863659715256969,0.0863689383502935,0.080834856060187,0.0716813881865814,0.0607899968964689,0.0496701901008412,0.039344745724734,0.0303790586931393,0.0229808538297754,0.0171172019636365,0.0126184944362917,0.00925681925563173,0.00679743554833447,0.00502772460230531,0.0037698625968972,0.00288316205201774,0.00226077900748564,0.0018240303473738,0.00151629406459886,0.00129751545354697,0.00113971727496846,0.00102355161277115,0.000935757957325981,0.000867335620701471,0.000812245276568704,0.000766488300237375,0.000727452348725243,0.000693446399575764,0.000663374169696485,0.000636511400818635,0.000612361946952208,0.000590572659956996,0.000570890249153516,0.00055314634632801,0.000537260777906775,0.000523257568107413,0.000511292978158927,0.00050169921022622,0.000495050564402293,0.000492260256397554,0.000494715342787153,0.000504453903115237,0.000524382474748949,0.000558522478998485,0.000612261994487533,0.000692574212335502,0.000808147594486227,0.000969357680330386,0.00118800050022741,0.00147670763640862,0.00184797855665112,0.00231280162839965,0.00287889351437524,0.00354866556071379,0.00431711763927399,0.00516995049942981,0.00608225700272125,0.007018177413707,0.00793186232424678,0.00876996439434451,0.0094756764759044,0.00999406755704459,0.0102781789556839,0.0102950884739741,0.0100309950934399,0.00949437990803025,0.00871649496530302,0.00774881541035034,0.00665760848045098,0.00551632734752053,0.00439700320626496,0.00336206274590642,0.00245795598272984,0.0017116263689816,0.00113025993933178,0.000704055450680408,0.00041114295470029,0.000223407793081958,0.000111944094896374,5.11555355313692e-05,2.10277665515235e-05,7.64090473102804e-06,2.39998511116417e-06,6.32620311856906e-07,1.34443189198963e-07,2.17754488379534e-08,2.47530628135088e-09,1.7377960400029e-10,6.08172019673285e-12,7.09968871742756e-14,1.12174852444915e-16,1.34935041148329e-21,0
0,0.000138343128365074,0.00258658403256811,0.0113000545766268,0.027150834853444,0.0469252121118465,0.0657478426132373,0.0796015449108499,0.0865147024508572,0.0865182517572867,0.0809750326502377,0.0718059754157204,0.0608958104152937,0.0497567047234756,0.0394132616959806,0.0304319023180541,0.0230207437995734,0.0171468179839838,0.0126402289892527,0.00927266913141821,0.00680898611574738,0.005036186810584,0.00377613349005889,0.00288789009680574,0.00226442394944084,0.00182691316680706,0.00151863618510117,0.00129946822086633,0.00114138345557459,0.00102500073951294,0.00093703711598546,0.000868476938695108,0.000813271056514634,0.000767414482573466,0.000728290796129759,0.000694206360391395,0.000664063181444942,0.00063713582356768,0.000612927259564251,0.000591083604257632,0.000571350864807115,0.000553559900750253,0.000537629558648249,0.000523582466755726,0.000511572751391655,0.000501929252248571,0.000495220964839237,0.00049235285204817,0.00049469940970247,0.000504280093937777,0.000523974610032603,0.00055776688246683,0.000610994257036742,0.000690563611798976,0.000805079909302398,0.000964817811910674,0.00118145711874554,0.00146750289474062,0.00183532662747393,0.00229580020931063,0.00285655228554835,0.00351995465043536,0.00428103730414602,0.0051256204417435,0.00602902020696472,0.00695570950093471,0.00786027383905695,0.00868988095846488,0.00938828119770851,0.00990109215038552,0.0101818349936304,0.0101979378230905,0.00993576792403047,0.00940375822575151,0.00863288744159554,0.00767415348337714,0.00659319281718629,0.00546274731046557,0.00435414071109136,0.00332917783893549,0.0024338375197292,0.00169478047439337,0.00111910398600572,0.000697087264288049,0.00040706316003731,0.000221185351472475,0.000110827799016285,5.06442288644047e-05,2.08171162378386e-05,7.5641918790009e-06,2.37583798828252e-06,6.26241822991457e-07,1.33084808599039e-07,2.15549760928593e-08,2.45019158710831e-09,1.7201264187617e-10,6.01974449564066e-12,7.02716655891258e-14,1.1102587861978e-16,1.33541971118816e-21,0
0,0.000138563615288654,0.00259081342524528,0.0113187153740412,0.0271960432875201,0.0470039130654421,0.0658588093507801,0.079736625280236,0.0866621901758109,0.0866663037012216,0.0811140114786337,0.0719294851856379,0.0610006970092747,0.0498424510194312,0.0394811601946276,0.0304842621562215,0.0230602623277291,0.0171761531175098,0.0126617532381751,0.00928836224228143,0.00682041964887124,0.00504456096348984,0.00378233719151102,0.00289256583645998,0.00226802715413127,0.00182976174231729,0.00152094939103452,0.00130139589326816,0.00114302731509369,0.00102642959868939,0.000938297566612891,0.000869600769962659,0.000814280338645314,0.000768324994361239,0.000729114285038733,0.00069495198950572,0.000664738422213505,0.000637746982468136,0.000613479770451031,0.000591582170499014,0.000571799493403486,0.00055396183253079,0.000537987062135228,0.000523896425312901,0.000511841930305117,0.000502149081481817,0.000495381613581584,0.000492436306085548,0.000494675201230132,0.000504099292282327,0.000523561685526933,0.000557009136298913,0.000609728703091971,0.000688561535772068,0.000802029837001905,0.000960308289334964,0.0011749614992583,0.00145836915113795,0.00182277591042405,0.00227893825966253,0.00283439764865169,0.00349148671927679,0.00424526538566214,0.00508167228102307,0.00597624489518464,0.00689378584473281,0.00778931171787703,0.00861050073896549,0.00930165573585157,0.00980893795874762,0.0100863440802351,0.0101016492604115,0.0098413874726262,0.00931394380035443,0.00855002596753855,0.00760015884562202,0.00652935372879134,0.00540964753616365,0.00431166292452875,0.00329658846106927,0.00240993606494426,0.00167808632672211,0.0011080486355361,0.000690181982396187,0.000403020232629597,0.000218983012689158,0.000109721609976845,5.01375557407846e-05,2.06083765563149e-05,7.48817542087903e-06,2.35191025390695e-06,6.19921332907965e-07,1.31738789389561e-07,2.1336511234205e-08,2.42530579288888e-09,1.70261796467209e-10,5.95833451717934e-12,6.95530691894547e-14,1.09887413016383e-16,1.32162345753698e-21,0
0,0.000138782658780026,0.00259500958462235,0.0113372271553257,0.0272408871425404,0.0470819734554701,0.0659688643817679,0.0798705849304639,0.0868084416289463,0.0868131011338216,0.0812517990822104,0.0720519233253496,0.0611046616515519,0.0499274330765044,0.0395484444762691,0.0305361407319899,0.0230994113281285,0.0172052087887516,0.0126830682280473,0.00930389934663702,0.00683173669439214,0.00505284745388713,0.00378847398368924,0.00289718947465442,0.00227158876906573,0.00183257618105508,0.0015232337600412,0.00130329852618509,0.0011446488915402,0.00102783821394174,0.000939539320324407,0.000870707114144232,0.000815273111664911,0.000769219813611741,0.000729922782867764,0.000695683243795655,0.000665399838420753,0.000638344813615749,0.000614019405581045,0.000592068274762183,0.000572236041388785,0.000554352038703333,0.000538333176129411,0.000524199322266478,0.000512100383895972,0.000502358556910905,0.000495532358660934,0.000492510454069021,0.000494642538150386,0.000503911300776376,0.000523143480907765,0.000556248990552551,0.000608465044040121,0.000686567644958638,0.000798996972052972,0.000955828621223618,0.00116851304050726,0.00144930566593752,0.00181032549475827,0.00226221466171276,0.00281242824136209,0.00346326012341157,0.00420979992526506,0.00503810371806596,0.0059239284128635,0.00683240343569134,0.00771897261517974,0.00853182009344851,0.00921579621123702,0.00971760094582304,0.00999170211693889,0.0100062187296173,0.00974784983160351,0.00922493297294406,0.00846790721837949,0.00752682857036965,0.0064660887243375,0.00535702597939643,0.0042695682306487,0.00326429338724687,0.00238625073018433,0.00166154331249021,0.00109709348605135,0.000683339356645176,0.000399014028576592,0.000216800699147071,0.000108625489204777,4.96354986716213e-05,2.04015403750758e-05,7.41285278609464e-06,2.32820110733773e-06,6.13658632364762e-07,1.3040508750406e-07,2.11200471929731e-08,2.40064810342372e-09,1.68527012575953e-10,5.89748835442917e-12,6.88410760416054e-14,1.08759421236885e-16,1.30796036568001e-21,0
0,0.00013900023918084,0.00259917269092811,0.0113555908119562,0.0272853685798198,0.0471593970142506,0.0660780129364082,0.0800034302093348,0.0869534637407431,0.0869586510287803,0.0813884020360909,0.0721732957131126,0.0612077093699177,0.0500116550378725,0.0396151178492377,0.0305875406177754,0.0231381927571477,0.01723398645907,0.0127041750354387,0.00931928122992918,0.0068429378222548,0.00506104669489364,0.00379454416696721,0.00290176123127856,0.0022751089567416,0.00183535660434128,0.00152548938345185,0.00130517618853482,0.00114624823644411,0.00102922662265589,0.0009407624023803,0.000871795985569971,0.000816249379637999,0.000770098934470216,0.000730716274023107,0.000696400098047627,0.000666047395356921,0.000638929272966249,0.000614546111783132,0.000592541854990609,0.000572660438069626,0.000554730440155203,0.000538667813238667,0.000524491061951178,0.00051234800803066,0.000502557565450918,0.000495673077154895,0.00049257516179286,0.000494601272755354,0.000503715954933515,0.000522719810207955,0.000555486231194348,0.000607203028771469,0.000684581639135194,0.000795980949433514,0.000951378357857789,0.00116211118355366,0.00144031174170234,0.00179797451080496,0.00224562833623267,0.00279064273555917,0.00343527324682957,0.00417463898350546,0.00499491246162806,0.00587206809991125,0.00677155924319744,0.00764925314703373,0.00845383532311248,0.00913069867054582,0.00962707698455586,0.0098979049003428,0.00991164205893194,0.0096551509715537,0.00913672196126612,0.00838652774923425,0.00745415961840797,0.00640339521164618,0.00530488050746045,0.00422785494107381,0.00323229133503153,0.00236278058392575,0.00164515078711541,0.00108623811454677,0.000676559125152137,0.00039504439587598,0.000214638328749857,0.000107539395812384,4.91380390860109e-05,2.01966001074889e-05,7.3382212351962e-06,2.30470969367561e-06,6.07453497524074e-07,1.29083655706565e-07,2.09055763754152e-08,2.3762176624322e-09,1.66808230618759e-10,5.8372039430073e-12,6.81356623220206e-14,1.07641865845534e-16,1.29442922170822e-21,0
0,0.000139216339868752,0.00260330292335952,0.011373807222511,0.0273294897347619,0.0472361874421852,0.0661862602176128,0.0801351674510093,0.0870972634462868,0.0871029603825587,0.0815238269528926,0.0722936082743801,0.0613098452439383,0.0500951210987731,0.0396811836711602,0.0306384644307125,0.0231766086105336,0.0172624876238203,0.0127250747659718,0.00933450870238536,0.00685402362366254,0.00506915911808255,0.00380054805801717,0.002906281340916,0.00227858789320512,0.0018381031462772,0.00152771636491777,0.00130702896135043,0.00114782541345789,0.00103059487452705,0.000941966850690773,0.000872867411692399,0.000817209160336137,0.000770962365466792,0.000731494758048614,0.000697102542995158,0.00066668107510856,0.000639500334145332,0.000615059854441476,0.000593002868570875,0.000573072633080573,0.000555096978982711,0.000538990908160735,0.000524771571680259,0.000512584722462231,0.000502746018845378,0.000495803671960893,0.000492630321927735,0.000494551285348703,0.000503513119500857,0.000522290518002186,0.00055472067611312,0.000605942439516843,0.00068260325281381,0.000792981440132492,0.000946957086547173,0.00115575540706084,0.00143138671849251,0.00178572212532737,0.00222917823809997,0.0027690398333174,0.00340752449793,0.0041397806374605,0.004952096226903,0.00582066129043473,0.00671125021669671,0.00758014989400823,0.00837654267737815,0.00904635909256881,0.00953736186506157,0.00980494813148802,0.0098179149714397,0.00956328675223534,0.00904930687085188,0.00830588400597627,0.00738214884824994,0.00634127050650513,0.00525320890814118,0.00418652130158801,0.00320058096984996,0.00233952465527134,0.00162890807775439,0.00107548207881743,0.000669841013748375,0.000391111175165337,0.000212495815302897,0.000106463286809598,4.86451574302191e-05,1.99935477538755e-05,7.26427787534787e-06,2.28143510879957e-06,6.01305691293633e-07,1.27774443883201e-07,2.06930907113806e-08,2.35201355824845e-09,1.65105387030909e-10,5.77747907563746e-12,6.74368024924523e-14,1.06534706649249e-16,1.28102887200069e-21,0
0,0.000139430946905585,0.00260740046013552,0.0113918772540416,0.0273732527198789,0.0473123484119303,0.066293611405361,0.0802658029796149,0.0872398476875019,0.0872460362150337,0.0816580804819109,0.0724128669798411,0.0614110744022348,0.0501778355033953,0.0397466453457479,0.0306889148295491,0.0232146609205222,0.0172907138097495,0.0127457685520073,0.00934958259696687,0.00686499470925865,0.00507718517185366,0.0038064859883299,0.00291075005147521,0.00228202576675942,0.00184081595250061,0.00152991481918953,0.00130885693655945,0.00114938049711678,0.00103194303028433,0.000943152714489838,0.000873921431696606,0.000818152483773234,0.000771810127967902,0.000732258247986081,0.000697790583582979,0.000667300874723125,0.000640057986512036,0.000615560615457349,0.000593451290193259,0.000573472594144486,0.000555451616152124,0.000539302415245167,0.000525040799207819,0.000512810468191056,0.000502923850921794,0.000495924068941291,0.000492675851048418,0.000494492481147536,0.000503302685225881,0.000521855476029534,0.000553952171590404,0.000604683088161719,0.000680632251401558,0.000789998147165927,0.000942564427527422,0.00114944522311599,0.00142252996967676,0.00177356753741733,0.00221286335239638,0.00274761826335949,0.00338001230650955,0.00410522297845646,0.00490965273418902,0.00576970531255282,0.0066514732868366,0.00751165940377955,0.00829993835802773,0.00896277339386584,0.00944845130169964,0.00971282742414011,0.0097250330942921,0.00947225293234787,0.00896268370496267,0.0082259723349524,0.00731079302525366,0.00627971184089152,0.0052020088968278,0.00414556549803471,0.00316916090966708,0.00231648193748336,0.00161281448584027,0.00106482491918304,0.000663184737083626,0.000387214200383978,0.000210373068882025,0.000105397117293225,4.81568332562017e-05,1.97923749387362e-05,7.19101967416295e-06,2.25837640380961e-06,5.95214964524139e-07,1.26477399302467e-07,2.04825816974545e-08,2.32803482884362e-09,1.63418414628205e-10,5.71831141515471e-12,6.67444694563562e-14,1.05437900948253e-16,1.26775821412569e-21,0
0,0.000139644048729272,0.00261146547856389,0.0114098017633423,0.0274166596275601,0.0473878835722071,0.0664000716606643,0.0803953431124973,0.0873812234151248,0.0873878855700036,0.0817911693082769,0.0725310778435295,0.0615114020199087,0.0502598025419569,0.0398115063197988,0.0307388945117585,0.0232523517531703,0.0173186665725957,0.0127662575505155,0.00936450376749294,0.00687585170746832,0.00508512531995392,0.00381235830287514,0.00291516762295449,0.00228542277680259,0.00184349517906985,0.00153208487102385,0.00131066021589349,0.00115091357173362,0.00103327116055543,0.000944320053156464,0.000874958095266112,0.000819079390906148,0.00077264225480337,0.000733006768922376,0.000698464237429499,0.000667906804583701,0.000640602233444072,0.000616048391444572,0.000593887109957653,0.000573860305089624,0.000555794329428668,0.000539602306334494,0.000525298710481548,0.000513025205127402,0.00050309101516091,0.000496034214394594,0.000492711687000787,0.000494424787537743,0.000503084565991892,0.000521414580200866,0.00055318058917288,0.000603424812979798,0.000678668427796796,0.000787030802045913,0.000938200030323965,0.00114318017352693,0.00141374089822068,0.00176150997485708,0.00219668269095155,0.00272637677791757,0.00335273512110056,0.00407096411006208,0.00486757970772442,0.00571919748825612,0.00659222536651089,0.00744377819348079,0.00822401852292185,0.00887993743383848,0.0093603409394072,0.00962153831220355,0.00963299196694542,0.00938204517827371,0.00887684837348343,0.00814678899167107,0.00724008882977736,0.00621871637032441,0.00515127812287454,0.00410498566159023,0.0031380297291658,0.00229365139114247,0.00159686928935128,0.00105426616003018,0.000656589999613405,0.000383353299364747,0.000208269996163221,0.00010434084061617,4.76730453007595e-05,1.95930729440375e-05,7.11844347207386e-06,2.23553258899955e-06,5.89181057080044e-07,1.25192466847973e-07,2.02740404355317e-08,2.30428046631667e-09,1.61747242930308e-10,5.65969850613385e-12,6.60586346987365e-14,1.0435140376035e-16,1.25461618906684e-21,0
0,0.000139855635883916,0.00261549815511776,0.0114275815981237,0.02745971253261,0.0474627965512783,0.0665056461291651,0.0805237941631433,0.0875213975904358,0.0875285155155618,0.0819231001520884,0.0726482469209957,0.0616108333160912,0.0503410265479502,0.0398757700803873,0.0307884062108447,0.0232896832058767,0.0173463474948668,0.0127865429411159,0.00937927308691956,0.00688659526298321,0.00509298004013034,0.00381816535888643,0.00291953432632522,0.00228877913278029,0.00184614099146072,0.00153422665420339,0.00131243890991248,0.00115242473041176,0.00103457934485432,0.000945468935164834,0.000875977461485208,0.000819989932480102,0.000773458789047473,0.000733740356700278,0.000699123533463107,0.000668498886967917,0.000641133090817787,0.000616523192129984,0.00059431033169474,0.000574235764092103,0.000556125111540841,0.000539890568850586,0.000525545287650596,0.000513228910019241,0.000503247482541629,0.000496134072813334,0.000492737786567156,0.000494348151640177,0.000502858696277746,0.000520967747944827,0.000552405822898498,0.000602167475735841,0.000676711599370123,0.000784079161648623,0.000933863570526779,0.00113695982653776,0.00140501893339531,0.00174954869089426,0.00218063528928126,0.00270531414995537,0.00332569140661969,0.00403700214632295,0.00482587487467469,0.00566913513330968,0.00653350335182125,0.00737650275182991,0.00814877928934972,0.00879784701929186,0.0092730263593877,0.00953107625637591,0.0095417870485498,0.00929265907191733,0.00879179670089576,0.00806833014858989,0.00717003286448814,0.00615828118045377,0.00510101417530126,0.00406477987348931,0.00310718596349233,0.00227103194697813,0.00158107174484374,0.00104380531119415,0.000650056496483689,0.00037952829436428,0.000206186500718016,0.000103294408539055,4.71937715564613e-05,1.93956327390378e-05,7.04654599341572e-06,2.21290263741663e-06,5.83203698798955e-07,1.23919589226968e-07,2.00674576673772e-08,2.2807494209178e-09,1.60091798450411e-10,5.60163778530679e-12,6.5379268411422e-14,1.03275168021969e-16,1.24160177458003e-21,0
0,0.00014006570078304,0.0026194986655187,0.0114452175980979,0.0275024134945736,0.0475370909601183,0.0666103399443973,0.0806511624437999,0.0876603771867657,0.0876679331443434,0.0820538797675114,0.0727643803075302,0.0617093735516068,0.050421511895537,0.0399394401522228,0.0308374526938235,0.0233266574050744,0.017373758183781,0.0128066259242668,0.00939389144575602,0.00689722603537297,0.00510074982290065,0.00382390752475606,0.00292385044251995,0.00229209505323959,0.0018487535636629,0.00153634031065589,0.00131419313712989,0.00115391407416172,0.0010358676706768,0.000946599437147968,0.000876979597861064,0.000820884168001166,0.000774259782935068,0.00073445905677293,0.000699768510711005,0.000669077154768513,0.00064165058565896,0.000616985038933902,0.000594720971476204,0.000574598982116304,0.000556443968551482,0.000540167204096523,0.000525780527297729,0.000513421574613289,0.00050339323962842,0.00049622362489413,0.000492754123394115,0.000494262538150396,0.000502625028903002,0.000520514915851961,0.000551627786834104,0.000600910959113789,0.000674761605284278,0.000781143005434024,0.000929554746927573,0.00113078377391403,0.0013963635278569,0.00173768296138183,0.00216472020387424,0.00268442917071004,0.00329887964229231,0.00400333521021083,0.00478453596425628,0.00561951555719674,0.00647530412296962,0.00730982954106681,0.00807421673706044,0.00871649790855098,0.00918650308423583,0.00944143665013693,0.0094514137245954,0.00920409011775309,0.00870752443344381,0.0079905919021133,0.00710062166092836,0.00609840329297949,0.00505121458791376,0.00402494616926932,0.00307662811161991,0.00224862250841068,0.00156542108927763,0.00103344186919995,0.000643583914325377,0.00037573900253917,0.000204122483278767,0.000102257771366379,4.671898933533e-05,1.92000450070684e-05,6.97532385637832e-06,2.19048548805766e-06,5.77282610353038e-07,1.22658707157562e-07,1.98628238056532e-08,2.25744060466043e-09,1.58452004955269e-10,5.54412659091327e-12,6.47063396055106e-14,1.02209144768733e-16,1.22871397951643e-21,0
0,0.000140274237501769,0.00262346718482421,0.0114627105959805,0.0275447645598658,0.0476107703953002,0.066714158230736,0.0807774542678126,0.087798169190794,0.087806145573655,0.0821835149418529,0.0728794841364329,0.0618070280267356,0.0505012629970783,0.0400025200951618,0.0308860367588601,0.0233632765040755,0.0174009002693525,0.0128265077195886,0.00940835975060499,0.00690774469780999,0.0051084351704286,0.00382958517902798,0.00292811626151325,0.00229537076497235,0.00185133307736413,0.00153842598966111,0.00131592302322675,0.00115538171110925,0.00103713623269121,0.000947711643061029,0.000877964579451114,0.000821762164820384,0.00077504529689638,0.000735162923184445,0.000700399217222027,0.000669641650355914,0.000642154754943701,0.000617433963708753,0.000595119056291114,0.000574949981529345,0.000556750918410692,0.000540432225748047,0.000526004438868858,0.000513603204021322,0.000503528286872192,0.000496302865769809,0.000492760686151559,0.000494167927419377,0.000502383533024561,0.000520056037581531,0.00055084641288763,0.00059965516443166,0.000672818304112953,0.000778222132975841,0.000925273278976757,0.00112465162835402,0.00138777415505442,0.00172591208224075,0.0021489365097876,0.00266372064751713,0.00327229831982144,0.00396996143226437,0.00474356070698318,0.00557033606310175,0.00641762454509253,0.00724375499872545,0.00800032691101724,0.00863588581518825,0.0091007665825698,0.00935261482515534,0.00936186731290764,0.00911633374917918,0.00862402724559227,0.00791357027889705,0.00703185168543016,0.00603907967098193,0.00500187684391446,0.00398548254259164,0.00304635463937709,0.00222642195383969,0.00154991654166001,0.00102317531837929,0.000637171931969384,0.000371985236374551,0.000202077841977414,0.00010123087806905,4.62486753261572e-05,1.90063001696347e-05,6.90477358196195e-06,2.16828004874504e-06,5.71417504024128e-07,1.21409759537179e-07,1.96601289618355e-08,2.23435289457071e-09,1.56827783699124e-10,5.48716217111183e-12,6.40398162125037e-14,1.01153283297957e-16,1.21595183897148e-21,0
0,0.000140481241594262,0.00262740388751735,0.0114800614184146,0.0275867677637177,0.0476838384416207,0.0668171061060574,0.0809026759517025,0.0879347806036528,0.0879431599454921,0.082312012494604,0.0729935645773209,0.0619038020790656,0.0505802843007865,0.0400650135018568,0.0309341612330487,0.0233995426810563,0.0174277754026072,0.0128461895643088,0.00942267892281328,0.00691815193589575,0.00511603659549274,0.00383519870947784,0.00293233208148516,0.0022986065022381,0.00185387972121238,0.00154048384713526,0.00131762870034425,0.00115682775578397,0.00103838513201276,0.000948805643432401,0.00087893248808308,0.000822623997316114,0.000775815398696134,0.000735852017661449,0.000701015709107281,0.000670192424565694,0.00064264564453138,0.000617870007616875,0.000595504622868533,0.000575288794868751,0.000557045989668846,0.000540685658511962,0.000526217043276379,0.000513773815267327,0.000503652637099238,0.000496371803437216,0.0004927574768955,0.000494064313746674,0.00050213419235505,0.00051959108200004,0.000550061648862479,0.000598400009609471,0.000670881571723411,0.000775316361765418,0.000921018904522853,0.0011185630211884,0.00137925030692696,0.00171423536720799,0.00213328329851539,0.00264318740188674,0.00324594594177431,0.00393687894940077,0.00470294683402402,0.00552159394793035,0.00636046146904737,0.00717827553926362,0.00792710582391037,0.00855600641141154,0.00901581227323238,0.00926460605618544,0.00927314306907165,0.0090293853342628,0.00854130074586261,0.00783726124154368,0.00696371934445717,0.00598030722373511,0.004952998380065,0.00394638694869119,0.00301636398218111,0.00220442913870927,0.00153455730452808,0.00101300513187864,0.00063082022109188,0.000368266804070799,0.000200052472560881,0.000100213676394937,4.57828056462086e-05,1.88143884081576e-05,6.83489160205571e-06,2.14628519872089e-06,5.65608084402803e-07,1.20172683594478e-07,1.94593629713868e-08,2.21148513561753e-09,1.55219053634597e-10,5.43074169156193e-12,6.3379665175463e-14,1.0010753131519e-16,1.20331441014078e-21,0
0,0.000140686709933167,0.00263130894759706,0.0114972708868217,0.0276284251319556,0.0477562986744826,0.0669191886841317,0.0810268338170006,0.0880702184418482,0.0880789834264518,0.082439379276454,0.0731066278344719,0.0619997010814265,0.0506585802884871,0.0401269239955312,0.0309818289703225,0.0234354581371667,0.0174543852539179,0.0128656727118149,0.00943684989722222,0.00692844844657803,0.00512355462053896,0.00384074851227092,0.00293649820805807,0.00230180250605738,0.00185639369014686,0.00154251404498405,0.00131931030644578,0.00115825232847931,0.00103961447555176,0.000949881534692157,0.000879883411656624,0.000823469746162864,0.000776570162664591,0.000736526408802287,0.000701618049684507,0.000670729535795984,0.000643123308213807,0.000618293220130856,0.000595877716628921,0.000575615463745084,0.000557329220330668,0.000540927536931673,0.000526418371655754,0.000513933435994098,0.000503766314166058,0.000496430457357634,0.000492744509610635,0.000493951703861024,0.000501877003576892,0.000519120031524251,0.000549273456725723,0.0005971454273606,0.000668951299392099,0.000772425525257578,0.000916791377801525,0.00111251760033463,0.00137079149185748,0.00170265214583729,0.00211775967609921,0.00262282826780249,0.00321982102016221,0.00390408590387982,0.0046626920766588,0.00547328650236428,0.00630381173215839,0.00711338755556957,0.0078545494584599,0.00847685533115547,0.00893163552911429,0.00917740556551646,0.00918523619135564,0.00894324018095062,0.00845934048212309,0.00776166069376262,0.00689622098944255,0.005922082811065,0.00490457659045445,0.00390765730749856,0.00298665454751147,0.00218264289737686,0.00151934256529104,0.00100293077257107,0.000624528446797981,0.000364583509893313,0.000198046268585912,9.92061129688554e-05,4.53213558879836e-05,1.86242996836332e-05,6.76567426674202e-06,2.12449979099245e-06,5.59854049020382e-07,1.18947415026681e-07,1.92605154165103e-08,2.18883614336059e-09,1.53625731603267e-10,5.37486224227446e-12,6.27258525313598e-14,9.9071835066666e-17,1.19080076878143e-21,0
0,0.000140890640568331,0.00263518253866764,0.0115143398181844,0.0276697386826218,0.0478281546620526,0.0670204110767672,0.0811499341918572,0.0882044897380133,0.0882136232075477,0.0825656221682756,0.073218680145197,0.0620947304398965,0.0507361554734818,0.0401882552278682,0.0310290428494797,0.0234710250947554,0.0174807315114459,0.0128849584303076,0.00945087362100819,0.00693863493715017,0.00513098977680804,0.00384623499118961,0.00294061495359922,0.00230495902356803,0.00185887518479049,0.00154451675051678,0.00132096798474045,0.00115965555467527,0.0010408243754272,0.000950939418568893,0.000880817443517069,0.000824299497676453,0.000777309669009598,0.000737186171352343,0.000702206308713881,0.000671253049201814,0.000643587806866896,0.000618703658141929,0.000596238390749105,0.000575930037863607,0.000557600656833742,0.000541157904322526,0.000526608464257311,0.000514082103310545,0.000503869351760589,0.000496478857209587,0.000492721808911668,0.000493830115566483,0.00050161197492923,0.00051864288064488,0.000548481811065229,0.000595891363580602,0.000667027392126246,0.000769549471130456,0.00091259046764541,0.00110651502847694,0.00136239723285352,0.00169116176172383,0.00210236476145363,0.00260264209021836,0.00319392207519228,0.00387158044240404,0.00462279416582518,0.00542541101094895,0.00624767215892943,0.00704908742036247,0.00778265376953544,0.00839842817291322,0.00884823168064679,0.00909100852702927,0.00909814182519436,0.00885789354180919,0.0083781419463984,0.00768676448505933,0.00682935292118364,0.005864403247307,0.00485660882992022,0.00386929150647392,0.00295722471715474,0.00216106204480893,0.00150427149744741,0.000992951693883534,0.000618296268151182,0.000360935154489748,0.000196059121595755,9.82081333832241e-05,4.48643011616112e-05,1.84360237544573e-05,6.69711785091833e-06,2.10292265445807e-06,5.54155088921735e-07,1.17733888124028e-07,1.90635756467677e-08,2.16640470634945e-09,1.52047732508303e-10,5.31952084381613e-12,6.20783434856416e-14,9.80461394592866e-17,1.17841000619251e-21,0
0,0.000141093032602322,0.00263902483402642,0.0115312690257643,0.0277107104274509,0.0478994099672096,0.0671207783957235,0.0812719834124404,0.0883376015415016,0.0883470865039314,0.0826907480800832,0.0733297277782408,0.0621888955918761,0.0508130143985029,0.040249010877004,0.0310758057723188,0.0235062457956987,0.017506815879681,0.0129040480015425,0.0094647510526044,0.00694871212432422,0.00513834260353088,0.00385165855692346,0.00294468263658185,0.00230807630743759,0.00186132441089699,0.0015464921359145,0.0013226018831612,0.00116103756451722,0.00104201494843813,0.000951979401547,0.000881734681892779,0.000825113343226556,0.000778034003200182,0.000737831385555344,0.000702780561714499,0.000671763035974964,0.000644039207692752,0.000619101385163705,0.000596586705327487,0.00057623257415102,0.000557860353136885,0.000541376811821788,0.000526787369457457,0.00051421986276332,0.000503961792332783,0.000496517041776299,0.000492689408884899,0.000493699576534892,0.000501339124947642,0.000518159634610018,0.000547686697713852,0.000594637775910685,0.000665109767167675,0.000766688059734694,0.000908415955889413,0.00110055498144599,0.00135406706592917,0.00167976357092736,0.00208709768488198,0.00258262772373129,0.00316824763417266,0.00383936071534051,0.00458325083174542,0.00537796475221173,0.00619203956172902,0.00698537148750065,0.00771141468611603,0.00832072050234106,0.00876559601900375,0.00900541006990827,0.00901185506728542,0.00877334061835181,0.00829770057925621,0.00761256841500955,0.00676311139384592,0.00580726530491043,0.00480909241716289,0.00383128740318652,0.00292807284924744,0.00213968537812387,0.0014893432616926,0.000983067340549322,0.000612123338654891,0.000357321535178522,0.000194090921280823,9.72196822805014e-05,4.44116161333939e-05,1.82495501926275e-05,6.62921856031563e-06,2.08155259583928e-06,5.48510889185781e-07,1.1653203588285e-07,1.8868532797808e-08,2.14418958830262e-09,1.50484969471231e-10,5.26471445294238e-12,6.14371024799161e-14,9.70303881695711e-17,1.16614122664073e-21,0
0,0.00014129388608067,0.00264283600674865,0.01154805931976,0.0277513423732086,0.0479700681492983,0.0672202957544082,0.0813929878241388,0.0884695609188334,0.088479380554527,0.0828147639499634,0.0734397770322051,0.0622822020042229,0.0508891616337531,0.0403091946456178,0.0311221206618714,0.0235411224998252,0.0175326400780709,0.0129229427196539,0.00947848316069669,0.00695868073337097,0.00514561364718453,0.00385701962641538,0.00294870158099906,0.00231115461532585,0.00186374157884667,0.00154844037774651,0.00132421215389147,0.00116239849234411,0.00104318631558628,0.000953001594377506,0.000882635229388903,0.000825911378708863,0.000778743255413374,0.000738462136571823,0.000703340889352147,0.000672259572699383,0.000644477583541653,0.000619486470620153,0.000596922726637814,0.000576523135975045,0.000558108369905616,0.000541584317539943,0.000526955142875472,0.000514346767418337,0.000504043686139586,0.000496545057952238,0.000492647352053917,0.000493560123227773,0.00050105848133906,0.000517670308249912,0.000546888112521506,0.000593384632455792,0.000663198352657968,0.000763841162710349,0.000904267635949165,0.00109463714677561,0.00134580053866528,0.0016684569405715,0.00207195758676143,0.00256278403141018,0.00314279623055382,0.00380742487605127,0.00454405980362602,0.00533094499880858,0.00613691074145255,0.00692223609321018,0.00764082811311042,0.00824372785466356,0.00868372379904877,0.00892060528204989,0.00892637096934512,0.00868957656500106,0.0082180117738211,0.00753906823716772,0.00669749261862242,0.00575066571773138,0.00476202463759073,0.00379364282766986,0.00289919728014082,0.00211851167800011,0.00147455700692937,0.000973277149294527,0.000606009306691641,0.000353742446211917,0.0001921415556252,9.62407034283386e-05,4.39632750609441e-05,1.80648683985114e-05,6.5619725369836e-06,2.0603884014414e-06,5.42921129399719e-07,1.15341790108573e-07,1.86753758084268e-08,2.1221895300918e-09,1.48937353974658e-10,5.21043996772455e-12,6.08020932535425e-14,9.60245237428316e-17,1.15399354516852e-21,0
0,0.000141493201894986,0.00264661622976899,0.0115647115079076,0.0277916365229055,0.0480401327657019,0.0673189682693749,0.0815129537825819,0.0886003749540038,0.0886105126215851,0.082937676742982,0.0735488342339955,0.0623746551714431,0.0509646017750222,0.0403688102591092,0.0311679904607265,0.0235756574834283,0.0175582058397314,0.0129416438900529,0.0094920709232867,0.00696854149732073,0.00515280346080344,0.0038623186222585,0.00295267211582486,0.00231419420939238,0.0018661269031859,0.00155036165652979,0.00132579895293518,0.00116373847626091,0.00104433860164428,0.000954006111636424,0.000883519192531084,0.000826693704070052,0.000779437520037026,0.000739078513957023,0.000703887376890148,0.000672742740773432,0.000644903012304703,0.000619858989208095,0.000597246526461305,0.000576801792446164,0.000558344773783543,0.000541780485801663,0.000527111846583748,0.000514462877039589,0.000504115090391169,0.00049656295985511,0.000492595688455152,0.000493411799932866,0.000500770079976423,0.000517174924926954,0.000546086060258221,0.000592131910639691,0.000661293086446628,0.000761008661752476,0.000900145311553057,0.00108876122241654,0.00133759720892802,0.00165724124759946,0.00205694361637837,0.00254310988376392,0.00311756640309173,0.00377577108032096,0.00450521880942273,0.0052843490176973,0.00608228248816566,0.00685967755724438,0.00757088993305544,0.0081674457369042,0.00860261024205808,0.00883658921320417,0.00884168454156415,0.00860659649273018,0.00813907087945957,0.00746625966265261,0.00663249276708901,0.00569460118405045,0.0047154027459256,0.00375635558457851,0.00287059632610806,0.00209753970996483,0.00145991187119267,0.000963580549466129,0.000599953815924881,0.000350197679016736,0.000190210911040613,9.52711397883006e-05,4.35192518253072e-05,1.78819676143465e-05,6.49537586430369e-06,2.03942883876234e-06,5.3738548409231e-07,1.14163081509813e-07,1.84840934361459e-08,2.10040325155381e-09,1.47404795992568e-10,5.15669423222914e-12,6.01732788998232e-14,9.50284876836801e-17,1.14196608573056e-21,0
0,0.00014169098169735,0.00265036567595884,0.0115812263960285,0.0278315948768917,0.0481096073732454,0.0674168010616325,0.0816318876544894,0.0887300507486613,0.0887404899901597,0.0830594934500649,0.0736569057372871,0.062466260613935,0.0510393394418763,0.0404278614638579,0.031213418129438,0.0236098530378597,0.0175835149102332,0.0129601528283945,0.00950551532681628,0.00697829515621931,0.00515991260334061,0.00386755597213875,0.00295659457451791,0.00231719535584452,0.00186848060220562,0.00155225615632709,0.0013273624397252,0.00116505765775026,0.00104547193476435,0.00095499307132534,0.000884386681353506,0.00082746042287959,0.000780116895222257,0.00073968061119145,0.000704420113696071,0.000673212625891328,0.00064531557636905,0.000620219020325675,0.00059755818148814,0.000577068617792089,0.000558569636739823,0.000541965386466183,0.000527257548400781,0.00051456825735414,0.000504176068486875,0.000496570808031255,0.000492534474810804,0.00049325465790224,0.00050047396399946,0.000516673515596659,0.000545280553633351,0.000590879596181526,0.000659393915026056,0.000758190447508593,0.000896048795610524,0.00108292691558951,0.00132945664372803,0.00164611587766873,0.00204205493089766,0.0025236041578333,0.00309255669511938,0.00374439748587145,0.00446672557566452,0.00523817407033509,0.00602815158173193,0.00679769218398314,0.0075015960077073,0.00809186962996212,0.00852225053824595,0.00875335687788094,0.00875779075579841,0.00852439547242089,0.00806087320517461,0.00739413836344771,0.00656810797429061,0.00563906836934718,0.00466922396859767,0.0037194234551694,0.00284226828491212,0.00207676822557732,0.00144540698249837,0.000953976963608365,0.000593956505667622,0.000346687022415055,0.000188298872489309,9.43109335788817e-05,4.30795199604133e-05,1.77008369366147e-05,6.42942457158381e-06,2.01867265796692e-06,5.31903623130838e-07,1.12995839784563e-07,1.82946742714814e-08,2.07882945314942e-09,1.45887204109578e-10,5.10347404079942e-12,5.95506219174058e-14,9.40422205388383e-17,1.13005797961283e-21,0
0,0.000141887227824584,0.00265408451819945,0.0115976047885266,0.027871219433841,0.0481784955294417,0.0675137992577806,0.0817497958183616,0.0888585954221663,0.0888693199675144,0.0831802210868587,0.0737639979210092,0.0625570238762808,0.0511133792759145,0.0404863520255596,0.0312584066450107,0.023643711468197,0.0176085690464568,0.0129784708596063,0.00951881736534834,0.00698794245643433,0.00516694163907421,0.003872732108319,0.00296046929456373,0.00232015832452178,0.00187080289755502,0.00155412406437942,0.00132890277676642,0.00116635618131927,0.00104658644612314,0.000955962594509576,0.000885237809026394,0.000828211641943149,0.000780781482479951,0.000740268525258151,0.000704939192797991,0.000673669317577059,0.00064571536212859,0.000620566647559333,0.000597857772780465,0.00057732369079673,0.000558783035484087,0.000542139094318099,0.000527392321257568,0.000514662979393545,0.000504226689330741,0.000496568668743935,0.000492463773788131,0.000493088754580546,0.000500170183009638,0.000516166117967142,0.000544471612417855,0.000589627682180209,0.000657500792579136,0.000755386418593273,0.000891977909201379,0.00107713394176234,0.00132137841820456,0.00163508022416955,0.00202729069445078,0.00250426573639334,0.00306776565391517,0.0037133022519542,0.00442857782733053,0.00519241741289893,0.00597451479242775,0.00673627626348022,0.00743294217953936,0.0080169949905539,0.00844263984911613,0.00867090325804825,0.00867468454852605,0.00844296853797045,0.00798341402274336,0.00732269997544911,0.00650433434158956,0.00558406390885904,0.0046234855059532,0.00368284419912777,0.00281421143725013,0.00205619596351867,0.00143104145962484,0.000944465807993293,0.000588017011221696,0.000343210262827341,0.000186405323597101,9.33600263334645e-05,4.26440526801601e-05,1.75214653274199e-05,6.36411463828168e-06,1.9981185932417e-06,5.26475212085854e-07,1.11839993699371e-07,1.81071067510475e-08,2.05746681748656e-09,1.44384485630409e-10,5.05077614198433e-12,5.89340842574308e-14,9.30656619731075e-17,1.11826836409455e-21,0
0,0.000142081943231188,0.00265777292945012,0.011613847488838,0.0279105121916325,0.0482468007935902,0.0676099679909824,0.0818666846650209,0.0889860161115369,0.0889970098824623,0.0832998666925694,0.0738701171878476,0.0626469505255837,0.0511867259390872,0.0405442857276317,0.0313029589994572,0.0236772350919814,0.0176333700155115,0.0129965993169758,0.00953197803979903,0.00699748415000757,0.0051738911370555,0.00387784746716075,0.00296429661705176,0.00232308338851302,0.00187309401388672,0.00155596557076957,0.00133042012930976,0.00116763419417762,0.00104768226959885,0.000956914804989883,0.000886072691518622,0.000828947470953042,0.000781431386316426,0.000740842356261511,0.000705444710484748,0.000674112908764905,0.000646102459543911,0.000620901958222679,0.000598145385289966,0.0005775670942964,0.000558985050941234,0.00054230168852066,0.000527516242629145,0.000514747118903124,0.000504267026717656,0.000496556613335173,0.000492383653335437,0.000492914152913286,0.000499858792348733,0.000515652775746059,0.000543659262658124,0.0005883761682946,0.000655613680126845,0.00075259648070682,0.000887932480672748,0.00107138202373701,0.00131336211472075,0.00162413368735321,0.00201265007733014,0.00248509350725393,0.00304319183015775,0.00368248353901229,0.0043907732877748,0.00514707629652662,0.00592136888154655,0.00667542607246479,0.00736492427315738,0.00794281725303607,0.00836377330965957,0.00858922330564708,0.00859236082359737,0.00836231068917688,0.00790668856962718,0.00725194010128976,0.00644116793930281,0.00552958440994942,0.00457818453429646,0.0036466155562552,0.00278642404808813,0.00203582165059854,0.00141681441283472,0.000935046493110657,0.000582134964190922,0.000339767184459904,0.000184530146757654,9.2418358953785e-05,4.22128229033906e-05,1.73438416249785e-05,6.29944199789842e-06,1.97776536404378e-06,5.21099912567271e-07,1.10695471162278e-07,1.79213791696252e-08,2.03631401072266e-09,1.42896546680645e-10,4.99859724215334e-12,5.83236273668943e-14,9.20987508392493e-17,1.10659638131946e-21,0
0,0.000142275131429869,0.00266143108281159,0.0116299552998369,0.0279494751481355,0.0483145267277388,0.0677053124017847,0.0819825605980152,0.08911231997129,0.0891235670846433,0.0834184373287821,0.0739752699627631,0.0627360461498475,0.0512593841120729,0.0406016663696853,0.0313470781984229,0.0237104262380185,0.0176579195937137,0.0130145395412903,0.0095449983572175,0.00700692099404952,0.00518076167059454,0.00388290248868012,0.00296807688628394,0.00232597082380339,0.00187535417853052,0.00155778086811347,0.0013319146650539,0.00116889184594385,0.00104875954147713,0.000957849829004057,0.000886891447291655,0.000829668022171652,0.000782066713903978,0.000741402207082969,0.000705936765945345,0.000674543495421372,0.000646476961746002,0.000621225042941517,0.000598421107423961,0.000577798914726874,0.000559175767779425,0.000542453252124604,0.000527629394024018,0.000514820755811521,0.000504297158782297,0.00049653471765299,0.000492294186086213,0.000492730920726231,0.000499539852451734,0.000515133537965319,0.000542843535971218,0.000587125060008859,0.00065373254476485,0.000749820545846529,0.000883912344831731,0.00106567089083488,0.00130540732205796,0.00161327567355866,0.00199813225527788,0.00246608636264837,0.00301883377745811,0.00365193950840498,0.00435330967869403,0.00510214796757692,0.00586871060199422,0.00661513787530339,0.00729753809664239,0.00786933183112246,0.00828564603041619,0.00850831194494357,0.00851081445480154,0.00828241689442739,0.00783069205167999,0.00718185431296528,0.00637860480915201,0.00547562645430603,0.00453331820778436,0.00361073524803512,0.00275890436789859,0.00201564400268817,0.0014027249445436,0.000925718424121593,0.00057630999277108,0.000336357569478422,0.000182673223229016,9.14858717594019e-05,4.17858032769986e-05,1.7167954553322e-05,6.23540254157855e-06,1.95761167625519e-06,5.15777382534979e-07,1.09562199290209e-07,1.77374796913091e-08,2.0153696838597e-09,1.41423292299736e-10,4.94693400883197e-12,5.77192122286428e-14,9.11414252424424e-17,1.09504117734709e-21,0
0,0.000142466796438747,0.00266505915158423,0.0116459290241993,0.0279881103019041,0.0483816768975163,0.0677998376387969,0.0820974300338915,0.0892375141731846,0.0892489989437456,0.0835359400782637,0.0740794626915267,0.0628243163563964,0.0513313584927102,0.0406584977660588,0.0313907672598725,0.0237432872452396,0.01768221956562,0.0130322928800265,0.00955787933010925,0.00701625375017263,0.00518755381678051,0.00388789761613506,0.00297181044941212,0.00232882090894821,0.00187758362119288,0.00155957015127676,0.00133338655387204,0.00117012928837682,0.00104981840018287,0.000958767794955341,0.000887694197021477,0.00083037341014429,0.000782687574782512,0.00074194818306966,0.000706415460943185,0.000674961176204004,0.000646838964678916,0.000621535995279898,0.000598685030654622,0.000578019241715683,0.000559355273985394,0.000542593871626386,0.000527731860525092,0.000514883973753903,0.000504317167503914,0.000496503061536813,0.000492195448823923,0.000492539130168108,0.000499213428265883,0.000514608458374983,0.000542024468912533,0.000585874367973605,0.000651857358979286,0.000747058531600374,0.000879917342223326,0.0010600002781692,0.00129751363469827,0.0016025055945263,0.00198373640885903,0.00244724319870027,0.00299469005196076,0.00362166832218797,0.00431618472013397,0.00505762966790726,0.00581653669887722,0.00655540792492684,0.00723077944282948,0.00779653411950844,0.00820825309941628,0.00842816407473686,0.00843004028827033,0.00820328209321204,0.00775541964567715,0.00711243815428335,0.00631664096654694,0.00542218659998848,0.00448888366019013,0.0035752009790894,0.00273165063381115,0.00199566172558768,0.00138877214994147,0.000916481001280136,0.000570541722019218,0.000332981198169058,0.000180834433223215,9.05625045336051e-05,4.13629661973667e-05,1.69937927312963e-05,6.17199212144842e-06,1.93765622325305e-06,5.10507276586737e-07,1.08440104471421e-07,1.75553963598343e-08,1.99463247394325e-09,1.39964626527096e-10,4.8957830737881e-12,5.71207993983609e-14,9.01936225998958e-17,1.08360190135946e-21,0
0,0.000142656942734412,0.00266865730932126,0.0116617694647278,0.0280264196527884,0.048448254872847,0.0678935488592372,0.0822112994023493,0.089361605905874,0.0893733128486727,0.0836523820437495,0.0741827018392687,0.0629117667703321,0.0514026537944808,0.0407147837444085,0.0314340292128355,0.0237758204616181,0.0177062717231109,0.0130498606865853,0.00957062197579981,0.0070254831839602,0.00519426815603366,0.00389283329564117,0.00297549765610155,0.00233163392477121,0.00187978257367972,0.00156133361711397,0.00133483596756112,0.00117134667512988,0.0010508589860352,0.000959668833164823,0.000888481063345572,0.000831063751438375,0.000783294080588934,0.000742480391752402,0.000706880899521383,0.000675366052153044,0.00064718856677712,0.000621834911402749,0.00059893724916664,0.000578228167714703,0.000559523660481897,0.000542723636570399,0.000527823730376448,0.000514936859642908,0.000504327138260838,0.000496461728354669,0.00049208752200078,0.00049233885720967,0.000498879588728619,0.000514077594898792,0.000541202102407988,0.000584624107414613,0.000649988100033103,0.000744310360514155,0.000875947318484333,0.00105436992599552,0.00128968065218573,0.00159182286678993,0.00196946172290989,0.00242856291496049,0.00297075921200663,0.00359166814294388,0.00427939613053055,0.00501351863516726,0.00576484391008452,0.00649623246372662,0.0071646440905301,0.00772441949541262,0.00813158958401486,0.00834877457043884,0.00835003314473724,0.00812490119848196,0.00768086650168478,0.00704368714315593,0.00625527240272071,0.00536926138334139,0.00444487800655009,0.00354001043853775,0.0027046610706862,0.00197587351583487,0.00137495511757198,0.000907333620325997,0.000564829774104537,0.000329637849088506,0.000179013655989679,8.96481965661471e-05,4.09442838303139e-05,1.68213446809341e-05,6.10920655372114e-06,1.91789768690469e-06,5.05289246225777e-07,1.07329112423525e-07,1.73751171081678e-08,1.97410100517614e-09,1.3852045248202e-10,4.84514103589559e-12,5.65283490388755e-14,8.92552796961358e-17,1.07227770500141e-21,0
0,0.000142845575210133,0.00267222572987667,0.0116774774246394,0.028064405202466,0.0485142642285523,0.0679864512293555,0.0823241751462819,0.0894846023744745,0.0894965162066622,0.083767770346716,0.0742849938890451,0.0629984030330277,0.0514732747450418,0.0407705281443549,0.0314768670962066,0.023808028243138,0.0177300778645223,0.0130672443195693,0.00958322731583585,0.00703461006446821,0.0052009052716865,0.00389770997581362,0.00297913885821831,0.00233441015408515,0.0018819512696404,0.0015630714642283,0.0013362630796114,0.00117254416152554,0.00105188144102333,0.000960553075645381,0.00088925217063235,0.000831739164406172,0.00078388634481138,0.000742998942589926,0.000707333187735821,0.00067575822641244,0.000647525868673812,0.0006221218897711,0.00059917785953914,0.000578425787668655,0.000559681020782732,0.000542842639190411,0.000527905094611003,0.000514979503282182,0.000504327159429328,0.000496410804586573,0.000491970489304679,0.000492130181192993,0.000498538406298035,0.000513541009144647,0.000540376481243744,0.000583374297601717,0.000648124749415338,0.000741575959524156,0.000872002123765057,0.00104877957913145,0.00128190797855774,0.00158122691113823,0.00195530738605379,0.00241004441400668,0.00294703981785129,0.00356193713365756,0.00424294162678237,0.00496981210310674,0.00571362896686438,0.00643760772442411,0.00709912780570407,0.00765298332004517,0.00805565053263085,0.00827013828603966,0.00827078782166751,0.0080472690988689,0.00760702774528667,0.00697559677375144,0.00619449508673253,0.00531684732078766,0.00440129834470637,0.00350516130127039,0.00267793389211943,0.00195627806146173,0.00136127292987404,0.000898275672851673,0.000559173768542801,0.000326327299204146,0.000177210769893135,8.8742886693134e-05,4.05297281297136e-05,1.6650598835266e-05,6.04704162159269e-06,1.89833473849554e-06,5.00122940110263e-07,1.06229148247565e-07,1.71966297674456e-08,1.9537738899554e-09,1.37090672438078e-10,4.79500446379889e-12,5.59418209520575e-14,8.8326332734417e-17,1.06106774183644e-21,0
0,0.000143032699138588,0.00267576458744816,0.0116930537078183,0.0281020689549012,0.0485797085448483,0.0680785499247418,0.0824360637217127,0.089606510800055,0.08961861644236,0.0838821121261411,0.0743863453404167,0.0630842308006549,0.0515432260848026,0.0408257348161783,0.031519283957597,0.0238399129528112,0.0177536397938212,0.0130844451420991,0.00959569637542079,0.00704363516375742,0.00520746574959169,0.00390252810743308,0.00298273440953854,0.00233714988143262,0.00188408994433093,0.00156478389274999,0.00133766806499442,0.00117372190434848,0.0010528859086012,0.000961420655895001,0.000890007644770738,0.000832399768968643,0.000784464482565673,0.000743503946736574,0.000707772433413012,0.000676137803977045,0.000647850972936885,0.000622397030866433,0.000599406960458203,0.000578612198715679,0.000559827450681288,0.000542950974085995,0.000527976046714649,0.000515011997017891,0.000504317322021971,0.000496350379449111,0.000491844437269069,0.000491913184425621,0.000498189956530192,0.00051299876596411,0.000539547653607262,0.000582124961371461,0.000646267292346547,0.000738855259448291,0.000868081612211525,0.00104322898643864,0.00127419522183923,0.00157071715213853,0.00194127259027686,0.0023916866010989,0.00292353043143258,0.0035324734576316,0.00420681892435117,0.00492650730189681,0.0056628885943966,0.00637952993091578,0.00703422634258689,0.00758222094001069,0.00798043097640138,0.00819225005597132,0.00819229909527292,0.00797038066078093,0.00753389847968388,0.0069081625185216,0.00613430496735215,0.00526494091051437,0.00435814175675617,0.00347065122914305,0.00265146730138469,0.00193687404270411,0.00134772466368971,0.00088930654664658,0.000553573322415996,0.000323049324025339,0.000175425652486558,8.7846513334372e-05,4.01192708549179e-05,1.64815435456299e-05,5.98549307795091e-06,1.8789660395968e-06,4.95008004286503e-07,1.0514013647855e-07,1.70199220753202e-08,1.93364972984074e-09,1.35675187892562e-10,4.74536989839899e-12,5.53611746085702e-14,8.74067173846594e-17,1.04997116690194e-21,0
0,0.000143218320138575,0.00267927405661498,0.0117084991190375,0.0281394129167345,0.0486445914077472,0.0681698501305262,0.0825469715976355,0.0897273384190544,0.0897396209968518,0.0839954145372541,0.0744867627080441,0.0631692557427454,0.0516125125655472,0.0408804076195637,0.0315612828522341,0.02387147695974,0.0177769593198225,0.0131014645211668,0.00960803018288259,0.00705255925645369,0.00521395017775481,0.00390728814313375,0.00298628466547775,0.00233985339284545,0.00188619883439472,0.00156647110413169,0.00133905109996761,0.0011748800616554,0.0010538725334991,0.000962271708707543,0.000890747612977893,0.000833045686418276,0.000785028610391732,0.000743995516831047,0.000708198745930176,0.000676504891463274,0.000648163983829629,0.00062266043694107,0.000599624652456723,0.00057878749991655,0.000559963047969054,0.000543048737930239,0.000528036682322983,0.00051503443542419,0.000504297719361427,0.000496280544556832,0.00049170945492121,0.000491687951814755,0.000497834317698291,0.000512450933055712,0.000538715670674215,0.000580876124697762,0.000644415717334418,0.000736148194529505,0.000864185641501801,0.00103771790036009,0.00126654199359292,0.0015602930177162,0.00192735653055763,0.00237348838388522,0.00290022961618258,0.00350327527843788,0.00417102573738747,0.00488360145846272,0.00561261951236084,0.00632199529909697,0.00696993544477714,0.00751212768865258,0.00790592593075996,0.00811510469687998,0.00811456172242339,0.00789423073038712,0.00746147378768041,0.00684137983011588,0.00607469797483818,0.00521353863406246,0.00431540531041755,0.00343647787210244,0.00262525949232137,0.00191766013266941,0.00133430939074184,0.000880425626020563,0.00054802805057876,0.000319803697726766,0.00017365818057968,8.69590145284295e-05,3.97128835871114e-05,1.63141670885281e-05,5.9245566479165e-06,1.85979024287907e-06,4.89944082407542e-07,1.0406200113281e-07,1.68449816837813e-08,1.91372711646132e-09,1.34273899631482e-10,4.6962338551792e-12,5.47863691756841e-14,8.64963688282621e-17,1.03898713635022e-21,0
0,0.000143402444145227,0.00268275431237092,0.0117238144641489,0.028176439097609,0.0487089164093669,0.0682603570414814,0.0826569052557638,0.0898470924826324,0.0898595373266587,0.0841076847502764,0.0745862525202976,0.0632534835407821,0.0516811389490966,0.0409345504223914,0.0316028668419072,0.0239027226382231,0.0178000382554452,0.0131183038270236,0.00962022976917151,0.00706138311933434,0.0052203591459899,0.00391199053711172,0.0029897899828385,0.00234252097562107,0.00188827817765937,0.00156813330095918,0.00134041236189408,0.00117601879259984,0.00105484146155061,0.000963106369999264,0.000891472203623259,0.000833677039238979,0.000785578846067904,0.000744473766804019,0.00070861223601524,0.000676859596900786,0.000648465007093581,0.000622912211791865,0.000599831037678744,0.000578951792009547,0.000560087912180939,0.000543136029205424,0.000528087098947189,0.000515046915019039,0.000504268446785775,0.000496201393616566,0.000491565633464736,0.000491454570537258,0.000497471570449275,0.00051189758060742,0.000537880586236423,0.000579627816305504,0.000642570015774268,0.000733454702025929,0.000860314072430683,0.00103224607650709,0.00125894790851976,0.00154995393878389,0.00191355840454483,0.00235544867215233,0.00287713593687918,0.00347434075990139,0.00413555977887885,0.00484109179682721,0.00556281843550145,0.0062650000376665,0.00690625084628797,0.00744269888734489,0.00783213039694658,0.00803869700931639,0.00803757044246596,0.00781881413550275,0.00738974873356643,0.00677524414319531,0.0060156700226211,0.00516263695783006,0.00427308606031997,0.00340263886924909,0.00259930865017211,0.00189863499796651,0.0013210261780845,0.000871632292108862,0.00054253756585291,0.00031659019326462,0.000171908230303509,8.60803279656454e-05,3.93105377447025e-05,1.61484576720796e-05,5.86422803123295e-06,1.84080599287735e-06,4.84930815938638e-07,1.02994665752494e-07,1.66717961665003e-08,1.89400463236711e-09,1.32886707790563e-10,4.64759282638656e-12,5.42173635433511e-14,8.55952218001062e-17,1.02811480716352e-21,0
0,0.000143585077383312,0.00268620553015246,0.0117390005502449,0.0282131495104362,0.0487726871481574,0.0683500758620305,0.0827658711901969,0.0899657802559587,0.0899783729026976,0.084218929949155,0.0746848213178811,0.0633369198868225,0.051749110006011,0.0409881670995698,0.0316440389939552,0.0239336523669008,0.017822878417004,0.0131349644325993,0.00963229616738558,0.00707010753093867,0.00522669324559631,0.00391663574485208,0.00299325071957498,0.00234515291811445,0.001890328212948,0.00156977068677615,0.00134175202907606,0.0011771382572708,0.00105579283953341,0.000963924776649562,0.000892181546067345,0.000834293950941336,0.000786115308441415,0.000744938811702731,0.000709013015564723,0.000677202029543018,0.000648754149751249,0.000623152460554797,0.000600026219665733,0.000579105177188289,0.000560202144364593,0.000543212947963747,0.000528127395726024,0.000515049534007202,0.000504229601382156,0.000496113022151196,0.000491413065992941,0.000491213129741717,0.000497101797493931,0.000511338780974157,0.000537042456366479,0.000578380067322563,0.000640730181589697,0.000730774721842853,0.000856466768537714,0.00102681327329064,0.00125141258410428,0.00153969934891529,0.00189987741227817,0.00233756637761621,0.00285424795953322,0.00344566806611284,0.00410041876081826,0.00479897553846332,0.00551348207418894,0.00620854034891378,0.00684316827256636,0.00737392984673685,0.00775903936345625,0.00796302177935248,0.00796131997896031,0.00774412568738456,0.0073187183649092,0.00670975087615515,0.00595721700890041,0.00511223233449789,0.00423118104922718,0.00336913184984378,0.00257361295237559,0.00187979729930168,0.00130787408852889,0.00086292592316037,0.000537101479211224,0.000313408582486347,0.000170175677171241,8.52103910192837e-05,3.89122045978453e-05,1.59844034421054e-05,5.80450290451998e-06,1.82201192671213e-06,4.79967844350874e-07,1.01938053447477e-07,1.65003530257468e-08,1.87448085183025e-09,1.31513511912633e-10,4.59944328308316e-12,5.36541163487099e-14,8.47032106280214e-17,1.01735333693274e-21,0
0,0.000143766226343254,0.00268962788586237,0.0117540581857947,0.0282495461716074,0.0488359072290484,0.0684390118061705,0.08287387590701,0.0900834090174451,0.0900961352092109,0.0843291573302901,0.0747824756524712,0.0634195704821498,0.05181643051433,0.0410412615319102,0.0316848023802962,0.0239642685279392,0.0178454816235354,0.0131514477129516,0.00964423041232221,0.00707873327120107,0.00523295306905501,0.00392122422287334,0.00299666723457321,0.00234774950954431,0.0018923491799041,0.00157138346592184,0.00134307028060106,0.00117823861654387,0.00105672681502276,0.000964727066354618,0.000892875770513831,0.000834896545911754,0.000786638117273356,0.000745390767530854,0.000709401197477706,0.000677532299694666,0.000649031519926669,0.000623381289518317,0.000600210303162521,0.000579247758900169,0.000560305846871269,0.000543279595610516,0.0005281576732012,0.000515042392047605,0.000504181281745769,0.000496015527249847,0.000491251847229576,0.000490963720279217,0.000496725083327003,0.000510774608386733,0.000536201339115268,0.000577132910966256,0.000638896210909242,0.00072810819620221,0.000852643595774004,0.00102141925159261,0.00124393564030022,0.00152952868405892,0.00188631275594788,0.00231984041374886,0.00283156425130734,0.00341725536146723,0.00406560039439037,0.00475724990265533,0.00546460713497841,0.0061526124294902,0.00678068344148303,0.00730581586795467,0.00768664780743209,0.0078880737801314,0.00788580504133893,0.0076701601824452,0.00724837771426085,0.00664489543276577,0.00589933481816416,0.00506232120438428,0.00418968730919883,0.00333595443426312,0.00254817056931874,0.00186114569204376,0.00129485218104713,0.000854305894810765,0.000531719399951545,0.000310258636234555,0.000168460396135921,8.43491407750136e-05,3.85178552821769e-05,1.58219924878839e-05,5.74537692340391e-06,1.80340667477086e-06,4.75054805304059e-07,1.0089208693494e-07,1.6330639698917e-08,1.85515434160114e-09,1.30154211001747e-10,4.55178167707988e-12,5.30965859991721e-14,8.38202692699575e-17,1.00670188369107e-21,0
0,0.000143945897759543,0.00269302155588882,0.0117689881807542,0.0282856311011523,0.0488985802635245,0.0685271700973153,0.0829809259237714,0.0901999860579265,0.0902128317426691,0.084438374101259,0.0748792220853715,0.0635014410359533,0.0518831052583486,0.0410938376050398,0.0317251600764938,0.0239945735062493,0.0178678496961562,0.0131677550447441,0.00965603354005404,0.00708726112110512,0.00523913920974332,0.00392575642848801,0.00300003988744557,0.00235031103981251,0.00189434131882862,0.00157297184338043,0.00134436729619931,0.00117932003194362,0.00105764353625631,0.00096551337749272,0.000893555007873732,0.000835484949274127,0.000787147393096785,0.000745829751102128,0.000709776895504295,0.000677850518554424,0.000649297226682017,0.00062359880595355,0.000600383393940934,0.000579379641663305,0.000560399123166006,0.000543336074707496,0.000528178033113772,0.000515025590042556,0.000504123587761624,0.000495909007341758,0.000491082073294349,0.000490706434459896,0.000496341513974234,0.000510205138688937,0.00053535729423898,0.000575886382260673,0.0006370681017753,0.000725455069345664,0.00084884442220386,0.00101606377447261,0.00123651669925231,0.00151944138228775,0.00187286363968884,0.00230226969563728,0.00280908338046342,0.00338910081072541,0.00403110239017395,0.00471591210686711,0.00541619032116486,0.00609721247116603,0.00671879206429571,0.00723835224376442,0.00761495069600801,0.00781384777335706,0.00781102032649897,0.00759691240389403,0.00717872180079049,0.00658067320373895,0.00584201932263828,0.00501289999673656,0.00414860186269681,0.00330310423490886,0.00252297966505229,0.00184267882676139,0.00128195951115591,0.00084577158034197,0.000526390935862073,0.000307140124445641,0.000166762261645147,8.34965140588709e-05,3.81274608118418e-05,1.56612128476051e-05,5.68684572453616e-06,1.78498886135341e-06,4.70191334819926e-07,9.98566885768395e-08,1.61626435647114e-08,1.83602366162362e-09,1.28808703574354e-10,4.50460444276346e-12,5.25447306942228e-14,8.29463313490781e-17,9.96159605794933e-22,0
0,0.000144124098591265,0.0026963867171202,0.0117837913466534,0.0283214063228497,0.0489607098696326,0.0686145559680664,0.0830870277689956,0.0903155186797945,0.0903284700106479,0.0845465874795367,0.074975067186182,0.0635825372640366,0.0519491390274275,0.0411458992083523,0.0317651151608616,0.02402456968874,0.0178899844574517,0.0131838878057496,0.00966770658752745,0.0070956918623572,0.0052452522616665,0.00393023281957791,0.00300336903833871,0.00235283779933556,0.00189630487052836,0.00157453602464119,0.00134564325611176,0.00118038266551645,0.00105854315200949,0.000966283849000209,0.000894219389640495,0.000836059286762875,0.000787643257086685,0.000746255879906429,0.000710140224107145,0.000678156798071455,0.000649551379868658,0.00062380511795967,0.000600545598639322,0.000579500930900122,0.0005604820776552,0.000543382488794381,0.000528188578219393,0.0005149992299466,0.000504056620406732,0.000495793561991438,0.000490903841490584,0.000490441365832617,0.000495951176763573,0.000509630449099918,0.000534510382952593,0.000574640517781722,0.000635245853882024,0.000722815287267883,0.00084506911773766,0.00101074660690695,0.0012291553850504,0.00150943688358093,0.00185952926940574,0.00228485313987135,0.00278680391633533,0.00336120257909626,0.00399692245835841,0.0046749593671166,0.00536822833333559,0.0060423366615738,0.00665748984658806,0.00717153425969949,0.00754394298760555,0.00774033851072869,0.00773696052033198,0.00752437712331131,0.00710974563184788,0.00651707956822676,0.005785266383672,0.0049639651309644,0.00410792172364105,0.00327057885707533,0.0024980383979729,0.00182439534973505,0.00126919513128193,0.000837322350929149,0.000521115693378677,0.000304052816243618,0.0001650811476931,8.26524474638397e-05,3.77409920918708e-05,1.55020525135529e-05,5.62890492751024e-06,1.76675710528484e-06,4.65377067446489e-07,9.88317804154431e-08,1.59963519489927e-08,1.81708736571286e-09,1.27476887707781e-10,4.45790799882678e-12,5.19985084460539e-14,8.20813301869643e-17,9.85725661845566e-22,0
0,0.000144300836004503,0.00269972354695595,0.0117984684966628,0.0283568738642943,0.0490222996719275,0.068701174659914,0.0831921879815361,0.090430014196088,0.0904430575306852,0.0846538046912157,0.0750700175314837,0.0636628648875513,0.0520145366148372,0.0411974502339933,0.0318046707136004,0.0240542594636036,0.0179118877308921,0.0131998473743789,0.00967925059218246,0.00710402627707844,0.00525129281920512,0.00393465385438348,0.00300665504775369,0.00235533007888738,0.00189824007617479,0.00157607621556851,0.0013468983409677,0.00118142667971285,0.00105942581148023,0.000967038620257087,0.000894869047775021,0.00083661968460626,0.000788125830940657,0.000746669271987083,0.000710491298334788,0.000678451250814273,0.000649794089991229,0.000624000334322946,0.000600697024616415,0.000579611732785914,0.000560554815529804,0.000543418942226562,0.000528189412120548,0.000514963414593045,0.000503980481570664,0.00049566929171294,0.000490717250112823,0.000490168608985441,0.000495554160118107,0.000509050617999293,0.000533660667707153,0.000573395355427082,0.000633429468339259,0.000720188797476928,0.00084131755389279,0.00100546751555631,0.00122185132351271,0.00149951462963442,0.00184630885262615,0.00226758966445756,0.00276472442932464,0.00333355883233728,0.00396305830897286,0.00463438889835572,0.00532071786991937,0.00598798118493931,0.00659677248918597,0.00710535719515544,0.00747361963318862,0.00766754073532515,0.00766362029919692,0.00745254910216132,0.00704144420446437,0.00645410989525873,0.00572907185306503,0.00491551301782043,0.00406764389841947,0.00323837589977859,0.00247334492147482,0.00180629390344587,0.00125655809111066,0.000828957575876369,0.00051589327773492,0.000300996480029562,0.00016341692787012,8.18168773751751e-05,3.73584199299684e-05,1.53444994370384e-05,5.57155013668617e-06,1.74871002049849e-06,4.60611636414362e-07,9.78172842071219e-08,1.58317521303531e-08,1.79834400219932e-09,1.2615866108626e-10,4.4116887499109e-12,5.14578770991335e-14,8.12251988350968e-17,9.75399210645477e-22,0
0,0.000144476117356375,0.00270303222331342,0.011813020445638,0.0283920357569212,0.0490833533013585,0.068787031422877,0.0832964131099225,0.0905434799295452,0.0905566018291173,0.0847600329697264,0.0751640797035387,0.0637424296317585,0.0520793028166329,0.0412484945758795,0.0318438298159699,0.0240836452196307,0.0179335613402765,0.0132156351292329,0.00969066659159254,0.00711226514751373,0.00525726147687724,0.00393901999130579,0.00300989827637759,0.00235778816945227,0.00190014717717249,0.00157759262228106,0.00134813273167105,0.00118245223727837,0.0010602916641825,0.000967777830981426,0.000895504114599727,0.000837166269419053,0.000788595236769345,0.000747070045828356,0.000710830233705635,0.000678733989850819,0.000650025468083482,0.00062418456438812,0.00060083777981809,0.000579712154110916,0.00056061744262263,0.000543445540027592,0.000528180639114065,0.00051491824753638,0.000503895273892666,0.000495536297801363,0.00049052239827235,0.000489888259364809,0.000495150553368537,0.000508465724732697,0.000532808211988452,0.000572150934208553,0.000631618947459876,0.000717575548779015,0.000837589603579818,0.00100022626855929,0.00121460414199526,0.00148967406369754,0.00183320159837854,0.00225047818875606,0.00274284349091656,0.00330616773687143,0.0039295076521263,0.00459419791485471,0.0052736556277325,0.00593414222280071,0.00653663568905303,0.00703981632445492,0.0074039755774797,0.00759544918294309,0.00759099433134112,0.00738142309324975,0.00697381250679658,0.00639175954512255,0.00567343157434141,0.00486754006053245,0.00402776538685593,0.0032064929565506,0.00244889738457374,0.00178837312704341,0.00124404743791993,0.000820676622841873,0.000510723293105416,0.000297970883567047,0.000161769475410052,8.09897399945759e-05,3.69797150477614e-05,1.51885415331062e-05,5.51477694293021e-06,1.73084621659162e-06,4.5589467378572e-07,9.68131214545373e-08,1.56688313454153e-08,1.77979211454169e-09,1.24853921044729e-10,4.36594308816646e-12,5.09227943488034e-14,8.03778701047658e-17,9.65179411184894e-22,0
0,0.000144649950180542,0.00270631292463111,0.0118274480101477,0.0284268940359923,0.0491438743951046,0.0688721315150852,0.0833997097116484,0.0906559232116207,0.0906691104399007,0.084865279554558,0.075257260289007,0.0638212372248144,0.0521434424305615,0.0412990361287506,0.0318825955494901,0.0241127293455538,0.0179550071092012,0.0132312524486759,0.00970195562312309,0.0071204092557567,0.00526315882911423,0.00394333168872058,0.0030130990849257,0.00236021236208766,0.00190202641503637,0.00157908545103928,0.00134934660929491,0.0011834595011525,0.00106114085984771,0.000968501621131821,0.000896124722700836,0.000837699168103706,0.000789051596995701,0.000747458320252179,0.000711157146101651,0.000679005128638694,0.000650245625594766,0.000624357917940939,0.000600967972655812,0.000579802302154563,0.000560670065278365,0.000543462387754885,0.000528162364052425,0.000514863832909039,0.000503801100613673,0.000495394682179865,0.000490319385738889,0.000489600413111574,0.00049474044658326,0.000507875849435738,0.000531953080134973,0.000570907294064578,0.000629814294568185,0.000714975491085226,0.000833885140911373,0.000995022635349277,0.00120741346922475,0.00147991463043279,0.0018202067170928,0.00223351763343835,0.00272115967371416,0.00327902745991856,0.00389626819825741,0.00455438363059023,0.00522703830252148,0.00588081595471651,0.00647707514016657,0.00697490691788472,0.00733500576014034,0.00752405858339258,0.00751907727827336,0.00731099384212964,0.0069068455195174,0.00633002387069308,0.00561834138397443,0.00482004265589132,0.00398828318313953,0.00317492761620125,0.0024246939325051,0.00177063165679403,0.00123166221689954,0.00081247885805384,0.000505605342743078,0.000294975794063919,0.000160138663235532,8.01709713633008e-05,3.6604848091553e-05,1.50341666850314e-05,5.45858092527691e-06,1.71316429935629e-06,4.5122581059651e-07,9.58192134373589e-08,1.55075767938899e-08,1.76143024191138e-09,1.23562564610571e-10,4.32066739474129e-12,5.03932177589876e-14,7.95392765955398e-17,9.55065422653797e-22,0
0,0.000144822342173996,0.00270956582986844,0.0118417520084824,0.028461450740548,0.049203866596359,0.0689564802023086,0.083502084352413,0.0907673513814717,0.0907805909034195,0.0849695516899836,0.0753495658776781,0.0638992933965819,0.0522069602549966,0.0413490787872512,0.031920970995173,0.0241415142294185,0.0179762268605527,0.0132467007104305,0.00971311872360764,0.00712845938348976,0.00526898547004952,0.00394758940480344,0.00301625783399352,0.00236260294779555,0.00190387803127722,0.00158055490814068,0.00135054015498339,0.00118444863437489,0.00106197354833341,0.000969210130817191,0.000896731004838182,0.000838218507759262,0.000789495034262291,0.000747834214323256,0.000711472151670795,0.000679264780924563,0.00065045467428613,0.000624520505100763,0.000601087711895622,0.000579882284570761,0.00056071279023507,0.000543469591377386,0.000528134692217502,0.000514800275291099,0.00050369806544178,0.000495244547260667,0.000490108312796866,0.000489305166912233,0.000494323930414314,0.000507281072874552,0.000531095337173205,0.00056966447569093,0.000628015513827343,0.000712388575237985,0.000830204041031471,0.000989856386492203,0.00120027893515266,0.00147023577579658,0.00180732342052084,0.00221670692046374,0.00269967155148873,0.00325213616963962,0.00386333765839267,0.00451494325963624,0.00518086258950216,0.00582799855896281,0.0064180865343753,0.00691062424270689,0.00726670511691851,0.00745336366175336,0.00744786379609273,0.00724125608845998,0.00684053821715831,0.00626889821871334,0.00556379711256641,0.00477301719529792,0.0039491942767184,0.00314367746355084,0.00240073270729877,0.00175306812651139,0.00121940147145794,0.000804363646517364,0.000500539029110731,0.000292010978250675,0.000158524364001394,7.93605073843135e-05,3.62337896426204e-05,1.48813627486256e-05,5.40295765251974e-06,1.69566287128704e-06,4.46604676992459e-07,9.48354812416321e-08,1.53479756434086e-08,1.74325691975092e-09,1.22284488543479e-10,4.27585804120009e-12,4.98691047790825e-14,7.87093507224108e-17,9.45056404475821e-22,0
0,0.000144993301184997,0.00271279111850226,0.0118559332606489,0.0284957079133254,0.0492633335540694,0.0690400827574393,0.0836035436053221,0.0908777717849166,0.0908910507652815,0.0850728566237891,0.0754410030612205,0.0639766038774657,0.0522698610879036,0.041398626445043,0.031958959232783,0.02417000225798,0.0179972224160228,0.0132619812911907,0.00972415692904055,0.00713641631173818,0.00527474199331933,0.00395179359736538,0.00301937488391798,0.00236496021740236,0.00190570226729467,0.00158200119982215,0.00135171354986038,0.00118541979999821,0.00106278987953868,0.000969903500213306,0.00089732309386187,0.000838724415597342,0.000789925671345922,0.000748197847261802,0.000711775366737436,0.000679513060651913,0.00065065272613517,0.000624672436222313,0.000601197106556663,0.000579952209283134,0.000560745724516074,0.000543467257164054,0.000528097729205561,0.000514727679591668,0.000503586272429864,0.000495085995818699,0.00048988928011483,0.000489002617863875,0.000493901095957649,0.000506681476301329,0.000530235048668625,0.000568422520387797,0.000626222610083867,0.000709814752855351,0.000826546179963274,0.0009847272935432,0.00119320017082831,0.00146063694693884,0.00179455092167526,0.00220004497307235,0.00267837769924462,0.00322549203529218,0.00383071374441186,0.00447587401655718,0.00513512518389513,0.00577568621322025,0.00635966556223968,0.00684696356414557,0.00719906858076507,0.00738335913959444,0.00737734853677627,0.00717220456732023,0.00677488556940669,0.00620837793103141,0.00550979458598673,0.00472646006577229,0.00391049565316061,0.00311274008013517,0.00237701184833212,0.00173568116797047,0.00120726424351713,0.00079633035221334,0.000495523954007531,0.000289076202455723,0.000156926450136322,7.85582838435295e-05,3.58665102270925e-05,1.47301175563649e-05,5.34790268473576e-06,1.67834053206753e-06,4.42030902359351e-07,9.38618457878985e-08,1.51900150341499e-08,1.72527068030818e-09,1.21019589373574e-10,4.23151139088158e-12,4.93504127600939e-14,7.78880247417195e-17,9.35151516360738e-22,0
0,0.000145162835202018,0.00271598897052023,0.0118699925883481,0.0285296676006468,0.0493222789226373,0.0691229444599289,0.0837040940500518,0.0909871917733696,0.0910004975751059,0.0851752016060071,0.0755315784319465,0.0640531743972724,0.052332149725831,0.0414476829939447,0.0319965633401231,0.0241981958161238,0.0180179955956457,0.013277095566255,0.00973507127428523,0.0071442808206373,0.00528042899187463,0.00395594472369812,0.00302245059464716,0.00236728446144629,0.00190749936427737,0.00158342453216899,0.00135286697494465,0.00118637316100729,0.00106359000332556,0.000970581869485493,0.000897901122635227,0.000839217018864571,0.000790343631078951,0.000748549338363223,0.000712066907720014,0.00067975008187638,0.000650839893248787,0.000624813821805707,0.000601296265818377,0.000580012184389292,0.000560768975331269,0.000543455491582125,0.000528051580822421,0.000514646150940845,0.000503465825864193,0.000494919130876671,0.000489662388626767,0.00048869286335152,0.000493472034626337,0.000506077141323363,0.000529372280590822,0.000567181469921663,0.000624435588727617,0.000707253976191393,0.000822911434473454,0.000979635128920243,0.00118617680828914,0.00145111759211948,0.00178188843478429,0.00218353071579302,0.00265727669329692,0.00319909322739594,0.00379839416931957,0.00443717311680253,0.00508982278145719,0.00572387509525091,0.00630180791385584,0.00678392014635083,0.00713209108292124,0.00731403973615937,0.0073075261494283,0.00710383401048392,0.00670988254236118,0.00614845834579602,0.00545632962647092,0.00468036765092756,0.00387218429498455,0.00308211304488522,0.00235352949286269,0.00171846941130627,0.00119524957379646,0.000788378338289828,0.000490559718690551,0.000286171232677742,0.000155344793882891,7.77642364302316e-05,3.55029803254373e-05,1.45804189213544e-05,5.29341157474909e-06,1.66119587903736e-06,4.37504115447999e-07,9.28982278581615e-08,1.50336820832742e-08,1.7074700531483e-09,1.19767763437919e-10,4.18762380019773e-12,4.88370989700776e-14,7.70752307759525e-17,9.25349918372699e-22,0
0,0.00014533095234359,0.00271915956641142,0.0118839308149408,0.028563331852281,0.049380706361579,0.0692050705951875,0.0838037422719796,0.0910956187027542,0.0911089388853046,0.0852765938876582,0.075621298581595,0.0641290106840932,0.0523938309629298,0.0414962523230996,0.0320337863923482,0.0242260972863104,0.0180385482173543,0.0132920449091749,0.00974586279279717,0.00715205368921222,0.0052860470578037,0.00396004324042845,0.00302548532561798,0.00236957597007193,0.00190926956310955,0.00158482511103,0.00135400061107074,0.00118730888024383,0.00106437406944629,0.000971245378716999,0.000898465223963513,0.000839696444770929,0.000790749036276693,0.000748888806924142,0.000712346891055304,0.000679975958687975,0.000651016287783163,0.000624944772414019,0.000601385298935554,0.000580062318073294,0.000560782649986939,0.000543434401204257,0.000527996352987844,0.00051455579459126,0.000503336830162983,0.000494744055600481,0.000489427739424177,0.000488376000936678,0.000493036838035482,0.000505468149784331,0.000528507099191423,0.000565941366400564,0.000622654455565733,0.000704706198011085,0.000819299681951575,0.000974579665793134,0.00117920848046636,0.00144167716064009,0.0017693351752612,0.00216716307446457,0.00263636711136052,0.00317293791790685,0.00376637664752196,0.00439883777710234,0.00504495207900858,0.00567256138356533,0.00624450927966364,0.00672148925334088,0.0070657675539787,0.00724540016951945,0.00723839128149381,0.00703613914765389,0.00664552409974785,0.00608913479861378,0.0054033980536837,0.00463473633191121,0.00383425718246086,0.00305179393478323,0.00233028377654228,0.00170143148539826,0.00118335650208617,0.000780506967246428,0.000485645923991888,0.000283295834655351,0.000153779267336103,7.69783007567115e-05,3.51431703815872e-05,1.4432254641139e-05,5.23947986953763e-06,1.64422750764076e-06,4.33023944494285e-07,9.19445481217799e-08,1.48789638891801e-08,1.68985356564488e-09,1.18528906915545e-10,4.1441916198794e-12,4.83291206089345e-14,7.62709008374941e-17,9.15650771011736e-22,0
0,0.000145497660848946,0.00272230308715421,0.0118977487654,0.0285967027212793,0.049438619535153,0.0692864664539458,0.0839024948612847,0.0912030599323993,0.0912163822498582,0.0853770407194997,0.0757101701001309,0.0642041184632108,0.0524549095899978,0.0415443383181687,0.0320706314613017,0.0242537090480412,0.0180588820965572,0.013306830691422,0.00975653251636073,0.00715973569516915,0.00529159678216451,0.00396408960338112,0.00302847943564132,0.00237183503293148,0.00191101310428373,0.00158620314193822,0.00135511463881532,0.00118822712033651,0.00106514222747557,0.000971894167842576,0.00089901553052791,0.000840162820423501,0.000791142009670416,0.000749216372174205,0.000712615433128708,0.000680190805139596,0.000651182021870287,0.000625065398597688,0.000601464315160516,0.000580102718525558,0.000560786855803332,0.000543404092623721,0.000527932151648281,0.00051445671582829,0.00050319938978397,0.000494560873203993,0.000489185433657888,0.000488052128256057,0.000492595597897722,0.000504854583656638,0.000527639570893575,0.000564702252161441,0.000620879216709196,0.000702171371478315,0.000815710800302999,0.000969560677986318,0.00117229482110454,0.00143231510278932,0.00175689035968674,0.00215094097626886,0.00261564753264915,0.00314702428039885,0.00373465889510778,0.0043608652158629,0.00500050977495575,0.00562174125807991,0.00618776535123961,0.0066596661499234,0.00700009292491383,0.00717743515769636,0.0071699385799379,0.00696911470766141,0.00658180520409957,0.00603040262367033,0.00535099568574795,0.00458956248831553,0.00379671129438773,0.00302178032549655,0.00230727283391325,0.00168456601824153,0.0011715840675114,0.000772715601112112,0.000480782170431575,0.000280449773934251,0.000152229742480511,7.62004123771888e-05,3.47870508117254e-05,1.42856125013728e-05,5.18610311158676e-06,1.62743401185815e-06,4.28590017334614e-07,9.10007271603619e-08,1.47258475355958e-08,1.67241974345195e-09,1.17302915861075e-10,4.10121119617191e-12,4.7826434822604e-14,7.54749668514044e-17,9.06053235306383e-22,0
0,0.000145662969069368,0.00272541971420168,0.0119114472662516,0.0286297822637877,0.0494960221119559,0.0693671373315862,0.0840003584120249,0.0913095228239202,0.0913228352230903,0.0854765493507832,0.0757981995745625,0.0642785034560282,0.0525153903935499,0.0415919448605498,0.0321071016148769,0.0242810334773464,0.0180789990457327,0.0133214542820685,0.00976708147483899,0.00716732761469774,0.00529707875482647,0.00396808426744965,0.00303143328279411,0.0023740619390921,0.00191273022781902,0.00158755883003701,0.00135620923842853,0.00118912804363581,0.00106589462674774,0.000972528376586857,0.00089955217482438,0.0008406162727652,0.000791522673845448,0.000749532153213188,0.000712872650210052,0.000680394735181266,0.000651337207550469,0.000625175810825167,0.000601533423671809,0.000580133493869529,0.000560781700039268,0.000543364672376898,0.000527859082697212,0.000514349019888157,0.000503053609140162,0.000494369686862316,0.00048893557244872,0.00048772134292947,0.000492148405928334,0.000504236524943789,0.000526769762191919,0.000563464169668438,0.000619109878470812,0.000699649450055768,0.000812144667854052,0.000964577939894181,0.00116543546469374,0.00142303086980053,0.00174455320580331,0.00213486334977439,0.00259511653798335,0.00312135049025204,0.0037032386301328,0.00432325265356213,0.00495649256980947,0.00557141090076473,0.00613157182207515,0.0065984461025972,0.00693506212809728,0.00711013941975616,0.00710216269239331,0.00690275541963143,0.00651872081790074,0.00597225715481756,0.00529911834024184,0.00454484249905934,0.0037595436088412,0.00299206979199082,0.00228449479888846,0.00166787163730536,0.00115993130878709,0.000765003601616944,0.000475968058326559,0.000277632815932022,0.000150696091226038,7.54305068060544e-05,3.44345920127563e-05,1.41404802793545e-05,5.13327684019344e-06,1.61081398462177e-06,4.24201961517052e-07,9.00666854917238e-08,1.45743200955148e-08,1.65516711095775e-09,1.16089686237063e-10,4.05867887198404e-12,4.73289987166978e-14,7.46873606772912e-17,8.96556472915526e-22,0
0,0.000145826885460176,0.00272850962946475,0.0119250271455054,0.0286625725388397,0.0495529177644909,0.0694470885274448,0.0840973395211884,0.0914150147400869,0.091428305358441,0.0855751270280223,0.0758853935877759,0.064352171379021,0.0525752781549119,0.0416390758266204,0.0321431999163998,0.0243080729462922,0.0180989008740409,0.0133359170474837,0.00977751069593604,0.00717483022228371,0.00530249356432085,0.0039720276864746,0.00303434722431787,0.00237625697694909,0.00191442117318477,0.00158889238001089,0.00135728458976995,0.00119001181215348,0.00106663141629833,0.000973148144407168,0.000900075289106989,0.000841056928518053,0.000791891151183975,0.000749836268952952,0.000713118658394411,0.000680587862599619,0.000651481956710299,0.000625276119419241,0.000601592733508812,0.000580154752094507,0.000560767289823149,0.000543316246872431,0.000527777251902383,0.000514232811883187,0.000502899592523018,0.00049417059963279,0.000488678256806154,0.0004873837424761,0.000491695353759041,0.000503614055591851,0.000525897739562056,0.000562227161421133,0.000617346447273539,0.000697140387415542,0.000808601163268237,0.000959631226407626,0.00115863004641291,0.00141382391382053,0.00173232293251949,0.00211892912498934,0.00257477270990622,0.00309591472484641,0.00367211357290693,0.00428599731314413,0.00491289716669792,0.00552156649628178,0.00607592438834038,0.00653782438043464,0.0068706700982799,0.00704350767687571,0.00703505826827746,0.00683705601411543,0.00645626590469927,0.00591469372662883,0.0052477618351658,0.00450057274324245,0.00372275110390185,0.00296265990912351,0.00226194780521557,0.00165134696988014,0.00114839726446456,0.000757370330358023,0.000471203187895995,0.000274844726000688,0.00014917818544255,7.46685195354775e-05,3.40857643704776e-05,1.39968457474378e-05,5.08099659272371e-06,1.59436601821639e-06,4.19859404408447e-07,8.91423435929722e-08,1.44243686349865e-08,1.63809419172175e-09,1.14889113945108e-10,4.01659098799325e-12,4.68367693696079e-14,7.39080141303302e-17,8.87159646237848e-22,0
0,0.00014598941857327,0.00273157301529319,0.0119384892325753,0.0286950756081288,0.0496093101687106,0.0695263253440882,0.0841934447877282,0.0915195430436838,0.0915328002072417,0.0856727809937708,0.0759717587173883,0.0644251279427108,0.0526345776493395,0.0416857350870035,0.0321789294240347,0.0243348298225073,0.018118589386952,0.0133502203510445,0.00978782120497077,0.00718224429053126,0.00530784179769944,0.00397592031312892,0.0030372216165234,0.00237842043414449,0.00191608617922897,0.00159020399602108,0.00135834087224892,0.00119087858750605,0.00106735274480974,0.000973753610440415,0.000900585005335357,0.000841484914130688,0.000792247563812153,0.000750128838063851,0.000713353573547557,0.000680770300962172,0.000651616381025606,0.00062536643449856,0.000601642353511743,0.000580166600994102,0.000560743732089806,0.000543258922326434,0.000527686764839327,0.000514108196733579,0.00050273744403239,0.000493963714382991,0.000488413587554308,0.000487039424238346,0.000491236532859731,0.000502987257409167,0.000525023569378636,0.000560991269871759,0.000615588929568195,0.000694644137359496,0.000805080165472472,0.000954720312850833,0.00115187820208347,0.00140469368788816,0.00172019875992392,0.00210313723342286,0.00255461463280584,0.00307071516376025,0.00364128144628326,0.00424909642041229,0.00486972027187451,0.00547220423261376,0.006020818749634,0.0064777962559456,0.00680691177355606,0.00697753465338283,0.00696861995988053,0.0067720112241937,0.00639443543018725,0.00585770767542364,0.00519692198988092,0.00445674960097436,0.00368633075835927,0.00293354825221895,0.00223962998692671,0.00163499064341307,0.00113698097316995,0.000749815148959987,0.00046648715936304,0.000272085269487199,0.000147675896993265,7.39143860524132e-05,3.3740538267472e-05,1.38546966763236e-05,5.02925790582636e-06,1.57808870466589e-06,4.15561973297734e-07,8.822762192276e-08,1.42759802167704e-08,1.62119950889565e-09,1.13701094855827e-10,3.97494388370987e-12,4.63497038451216e-14,7.31368590014888e-17,8.77861918527423e-22,0
0,0.000146150577050181,0.0027346100544547,0.0119518343581922,0.028727293535765,0.0496652030035378,0.0696048530865689,0.0842886808115796,0.0916231150963614,0.0916363273174926,0.0857695184854136,0.0760573015346191,0.064497378850662,0.0526932936451592,0.0417319265058573,0.0322142931902092,0.0243613064687283,0.0181380663858901,0.0133643655528582,0.00979801402466189,0.00718957058999476,0.00531312404040093,0.00397976259880976,0.00304005681470106,0.00238055259749068,0.00191772548411137,0.00159149388164517,0.00135937826476887,0.00119172853086232,0.0010680587605607,0.000974344913453762,0.000901081455125915,0.000841900355729688,0.000792592033551183,0.000750409978925226,0.000713577511255625,0.00068094216356599,0.000651740591908971,0.000625446865923895,0.000601682392266611,0.000580169148109801,0.000560711133522667,0.000543192804703215,0.000527587726830607,0.000513975279105106,0.000502567267512608,0.000493749133725121,0.000488141665264524,0.000486688485312569,0.000490772034467358,0.000502356211993572,0.000524147317841273,0.000559756537350597,0.000613837331759661,0.000692160653748403,0.000801581553592383,0.000949844974927213,0.0011451795681321,0.00139563964592186,0.00170817990930757,0.00208748660815368,0.00253464089304366,0.00304574998897243,0.00361073997594838,0.00421254720442062,0.00482695859522035,0.00542332030168334,0.00596625060971942,0.00641835700592351,0.0067437820963051,0.0069122150777713,0.00690284242342566,0.00670761578654827,0.00633322436325207,0.00580129434026344,0.00514659462602017,0.00441336945417845,0.00365027955239519,0.00290473239762575,0.00221753947877418,0.00161880128583338,0.00112568147383519,0.000742337419230366,0.000461819573053348,0.000269354211791926,0.000146189097767061,7.31680418550426e-05,3.33988840907331e-05,1.37140208382406e-05,4.97805631660496e-06,1.56198063610647e-06,4.11309295495659e-07,8.73224409427621e-08,1.41291419038607e-08,1.60448158562944e-09,1.12525524837751e-10,3.93373389850254e-12,4.58677592045725e-14,7.23738270769977e-17,8.68662454014227e-22,0
0,0.000146310369615569,0.00273762093011221,0.0119650633543074,0.0287592283880153,0.049720599950366,0.0696826770616604,0.0843830541926634,0.0917257382574838,0.0917388942326453,0.085865346733969,0.0761420286031796,0.0645689297984988,0.052751430902933,0.0417776539401853,0.0322492942610607,0.0243875052423622,0.0181573336678929,0.0133783540094986,0.00980809017492321,0.00719680988901898,0.00531834087612456,0.00398355499353656,0.00304285317303655,0.00238265375289872,0.00191933932524079,0.00159276223982077,0.00136039694567532,0.00119256180289435,0.00106874961137926,0.000974922191798794,0.000901564769706669,0.000842303379074511,0.000792924681872033,0.00075067980957965,0.000713790586778672,0.000681103563390378,0.000651854700461426,0.000625517523248754,0.000601712958054664,0.000580162500679232,0.00056066960050078,0.000543117999661038,0.000527480242890276,0.000513834163352226,0.000502389166494169,0.0004935269599562,0.000487862590194002,0.000486331022486109,0.000490301949521384,0.000501721000666418,0.000523269050907573,0.000558523005998785,0.000612091660140815,0.000689689890439098,0.000798105206895796,0.000945004988673676,0.00113853378156174,0.00138666124271519,0.00169626560319328,0.00207197618390525,0.00251485007908789,0.00302101738506775,0.00358048689071342,0.0041763468978627,0.00478460885074077,0.00537491089996279,0.00591221567724731,0.00635950191227381,0.00668127601411146,0.00684754368369143,0.00683772032010258,0.00664386444250763,0.00627262767699892,0.00574544906391961,0.00509677556837371,0.00437042868737283,0.0036145944682465,0.00287620992325756,0.00219567441665285,0.00160277752586743,0.0011144978059217,0.00073493650331002,0.000457200029490424,0.000266651318425272,0.000144717659709722,7.24294224686749e-05,3.30607722390404e-05,1.35748060100197e-05,4.92738736375069e-06,1.54604040514729e-06,4.07100998431095e-07,8.64267211384134e-08,1.39838407628884e-08,1.5879389454632e-09,1.11362299785191e-10,3.89295737258707e-12,4.53908925185518e-14,7.16188501571126e-17,8.59560418028456e-22,0
0,0.00014646880507113,0.00274060582579958,0.0119781770539903,0.028790882233031,0.0497755046925435,0.0697598025770771,0.0844765715298798,0.0918274198829735,0.091840508490391,0.0859602729629056,0.0762259464781815,0.0646397864729452,0.052808994174644,0.0418229212391685,0.0322839356759006,0.0244134284950653,0.0181763930252841,0.0133921870737541,0.009818050672669,0.00720396295358766,0.00532349288671062,0.0039872979458549,0.00304561104453154,0.0023847241853111,0.00192092793921641,0.00159400927279289,0.00136139709270749,0.00119337856373186,0.00106942544459903,0.00097548558336893,0.000902035079875231,0.000842694109515718,0.000793245629853538,0.000750938447690652,0.00071399291500781,0.000681254613053273,0.000651958817427988,0.000625578515673967,0.000601734158805983,0.000580146765588704,0.000560619239050288,0.000543034612502494,0.000527364417673105,0.000513684953466127,0.000502203244140545,0.000493297295003566,0.000487576462229936,0.000485967132180031,0.000489826368605174,0.000501081704412817,0.000522388834232635,0.000557290717707879,0.000610351920833465,0.000687231801228877,0.000794651004743665,0.000940200130422411,0.00113194047993004,0.00137775793393948,0.00168445506537199,0.00205660489712642,0.00249524078165118,0.00299651553944484,0.00355051992280521,0.00414049273745799,0.00474266775705604,0.00532697222907414,0.00585870966646476,0.00630122626282538,0.00661938848066441,0.00678351521091711,0.00677324831707532,0.00658075193906453,0.00621264034974607,0.00569016719381499,0.00504746064574925,0.00432792368842882,0.00357927249084896,0.00284797840911771,0.00217403293800992,0.00158691799334436,0.0011034290096372,0.000727611763818912,0.000452628129487984,0.000263976355062498,0.000143261454854204,7.16984634611354e-05,3.27261731300925e-05,1.34370399760682e-05,4.8772465886376e-06,1.53026660521911e-06,4.02936709744129e-07,8.55403830389436e-08,1.38400638674083e-08,1.57157011270542e-09,1.10211315645147e-10,3.85261064798052e-12,4.49190608782043e-14,7.08718600742035e-17,8.50554977127711e-22,0
0,0.000146625892289855,0.00274356492539586,0.0119911762913191,0.0288222571405626,0.049829920914841,0.0698362349406792,0.0845692394200926,0.0919281673241556,0.0919411776214568,0.0860543043869735,0.0763090617050644,0.0647099545508851,0.0528659882029047,0.0418677322435178,0.032318220466698,0.0244390785723387,0.0181952462453613,0.0134058660943865,0.00982789653162853,0.00721103054717978,0.0053285806520275,0.00399099190274585,0.00304833078092916,0.00238676417863869,0.0019224915617729,0.00159523518206465,0.00136237888295296,0.00119417897291974,0.0010700864070185,0.000976035225559837,0.000902492515959848,0.000843072671956232,0.000793554998143599,0.000751186010503606,0.000714184610425622,0.000681395424771032,0.000652053053156714,0.000625629952005937,0.000601746102056855,0.000580122049329678,0.000560560154799958,0.00054294274812907,0.000527240355428171,0.00051352775302728,0.000502009603199657,0.000493060240375212,0.000487283380838663,0.000485596910397075,0.000489345381892816,0.000500438403827524,0.000521506733114446,0.000556059714065539,0.000608618119735662,0.000684786339806468,0.000791218826547726,0.000935430176769446,0.00112539930133455,0.00136892917615291,0.00167274752094476,0.00204137168607714,0.00247581159383191,0.00297224264252578,0.00352083680815691,0.00410498196433497,0.00470113203788565,0.00527950049637952,0.0058057282979112,0.00624352535212504,0.00655811445663746,0.00672012440628997,0.00670942108846507,0.00651827302986748,0.00615325736599368,0.00563544408293968,0.00499864569180858,0.00428585084930785,0.00354431060846223,0.00282003543780859,0.00215261318224251,0.00157122131949243,0.001092474126146,0.000720362563997396,0.00044810347423945,0.000261329087596816,0.000141820355349924,7.09751004576643e-05,3.23950572074133e-05,1.33007105312469e-05,4.82762953638222e-06,1.51465783091134e-06,3.98816057376056e-07,8.46633472367428e-08,1.36977983010738e-08,1.55537361279845e-09,1.09072468443286e-10,3.8126900694223e-12,4.44522214061281e-14,7.01327887102042e-17,8.4164529922621e-22,0
0,0.000146781640210629,0.00274649841309821,0.0120040619012656,0.0288533551816645,0.0498838523029071,0.0699119794596671,0.0846610644571082,0.092027987926603,0.0920409091484106,0.0861474482110502,0.0763913808185424,0.0647794396984442,0.052922417720186,0.0419120907848462,0.0323521516575808,0.0244644578131393,0.0182138951100948,0.013419392415901,0.00983762876216974,0.0072180134306332,0.00533360474986474,0.00399463730954041,0.0030510127326438,0.00238877401570151,0.0019240304277289,0.00159644016835137,0.00136334249280557,0.00119496318937839,0.00107073264486312,0.000976571255232641,0.000902937207783233,0.000843439190815439,0.000793852906923265,0.000751422614809593,0.000714365787069614,0.000681526110321362,0.000652137517561002,0.000625671940618232,0.000601748894910624,0.000580088457958836,0.00056049245294045,0.000542842510999586,0.000527108159956426,0.000513362665162118,0.000501808345959608,0.000492815897114545,0.0004869834450194,0.000485220452674377,0.000488859079100893,0.000499791179065988,0.000520622812444645,0.000554830036306814,0.000606890262474803,0.000682353459708988,0.000787808551734248,0.000930694904549337,0.00111890988440385,0.00136017442681526,0.00166114219636992,0.00202627549091833,0.00245656111125847,0.00294819688796714,0.00349143528669793,0.00406981182441077,0.00465999842252628,0.00523249191556181,0.00575326729910108,0.00618639448221553,0.00649744891054824,0.00665736602464125,0.00664623331630873,0.00645642247618702,0.00609447371736719,0.00558127509074226,0.00495032654588099,0.00424420656677781,0.00350970581327722,0.00279237859502622,0.00213141329108354,0.00155568613722662,0.00108163219777291,0.000713188267843218,0.000443625665404703,0.000258709282190857,0.000140394233491155,7.02592691553462e-05,3.20673949470376e-05,1.31658054836556e-05,4.77853175686895e-06,1.49921267829831e-06,3.94738669656435e-07,8.37955344060887e-08,1.35570311607075e-08,1.53934797267175e-09,1.07945654309045e-10,3.77319198526371e-12,4.39903312668981e-14,6.94015680134539e-17,8.32830553725303e-22,0
0,0.000146936057833109,0.00274940647339371,0.0120168347195759,0.0288841784283899,0.0499373025427122,0.0699870414397667,0.0847520532306504,0.0921268890289861,0.0921397105844761,0.086239711629002,0.0764729103415699,0.0648482475700923,0.0529782874480666,0.0419560006850601,0.032385732264354,0.0244895685495047,0.0182323413958409,0.0134327673783267,0.00984724837113116,0.00722491236201525,0.00533856575583195,0.00399823460983892,0.00305365724869518,0.00239075397817318,0.00192554477093889,0.00159762443153752,0.00136428809792595,0.00119573137136684,0.00107136430375009,0.000977093808679733,0.000903369284628991,0.000843793789995891,0.000794139475873466,0.000751648376911966,0.000714536558498465,0.000681646781009125,0.000652212320084864,0.000625704589416273,0.000601742644001736,0.000580046097061454,0.000560416238186989,0.000542734005092155,0.000526967934571924,0.000513189792503491,0.000501599574208339,0.000492564365759179,0.000486676753262172,0.000484837854040531,0.000488367549444781,0.0004991401098001,0.000519737136664182,0.000553601725270507,0.000605168354366012,0.000679933114284317,0.000784420059713316,0.000925994090815395,0.00111247186829414,0.00135149314430781,0.00164963831951477,0.00201131525380544,0.00243748793223592,0.00292437647287161,0.0034623131026424,0.004034979568767,0.00461926364632292,0.0051859427071954,0.00570132240519348,0.00612982896339717,0.00643738681959906,0.00659523482969184,0.0065836796914939,0.00639519504785734,0.00603628440353597,0.00552765558399697,0.0049024990537544,0.0042029872431093,0.00347545510200611,0.00276500547004056,0.00211043140897643,0.00154031108142773,0.00107090226820105,0.000706088240244387,0.000439194305194188,0.000256116705326543,0.000138982961744521,6.9550905337088e-05,3.17431568639864e-05,1.30323126573304e-05,4.72994880574262e-06,1.48392974525487e-06,3.90704175387305e-07,8.29368653212597e-08,1.34177495592694e-08,1.52349172108331e-09,1.06830769499889e-10,3.73411274832744e-12,4.35333476772289e-14,6.86781300149564e-17,8.2410991164465e-22,0
0,0.000147089154212882,0.00275228929103009,0.0120294955826455,0.028914728953479,0.0499902753199843,0.0700614261844076,0.0848422123253342,0.0922248779619262,0.0922375894323599,0.0863311018225632,0.0765536567843277,0.064916383807767,0.0530336020965031,0.0419994657557701,0.0324189652940343,0.0245144131061936,0.0182505868730653,0.0134459923170066,0.00985675636166202,0.00723172809649994,0.00534346424326311,0.00400178424543498,0.00305626467664624,0.00239270434652885,0.0019270348242481,0.0015987881706366,0.00136521587320485,0.00119648367644837,0.0010719815286555,0.000977603021592987,0.000903788875210446,0.000844136592852444,0.000794414824144224,0.000751863412595442,0.000714697037760863,0.000681757547634811,0.000652277569670964,0.000625728005804863,0.000601727455462724,0.000579995071717818,0.000560331614745193,0.000542617333869396,0.000526819782066398,0.000513009237154582,0.000501383389196849,0.00049230574630344,0.00048636340350957,0.000484449208976633,0.000487870881599069,0.000498485275178237,0.000518849769723447,0.000552374821360187,0.000603452400375315,0.000677525256658409,0.000781053229853112,0.000921327512824901,0.00110608489269068,0.00134288478795771,0.0016382351197112,0.00199648991898509,0.00241859065789451,0.00290077959799999,0.00343346800477588,0.0040004824540214,0.00457892445113312,0.00513984909930703,0.00564988935964859,0.00607382411497335,0.00637792317049846,0.00653372559493108,0.00652175491467082,0.00633458552419394,0.00597868443310797,0.00547458093764779,0.00485515906844493,0.00416218928675256,0.00344155547645569,0.00273791365616217,0.00208966568343889,0.00152509478921331,0.00106028338266388,0.00069906184710806,0.000434808996450483,0.000253551123853446,0.000137586412775663,6.8849944885164e-05,3.14223135185398e-05,1.29002198948554e-05,4.68187624536963e-06,1.46880763176199e-06,3.867122039247e-07,8.20872608740605e-08,1.32799406287285e-08,1.50780338894985e-09,1.05727710424763e-10,3.6954487167381e-12,4.30812279157932e-14,6.79624068440834e-17,8.15482545753523e-22,0
0,0.000147240938456858,0.00275514705098561,0.0120420453273918,0.0289450088300385,0.0500427743196356,0.0701351389938963,0.0849315483196394,0.0923219620468561,0.0923345531830903,0.0864216259602308,0.0766336266432278,0.0649838540400171,0.0530883663631203,0.0420424897977187,0.0324518537444016,0.0245389938003385,0.0182686333060792,0.0134590685623968,0.0098661537330699,0.00723846138625138,0.00534830078312611,0.00400528665624367,0.00305883536254481,0.00239462539999628,0.00192850081945031,0.00159993158375356,0.00136612599272883,0.00119722026145847,0.00107258446388387,0.000978099029034239,0.000904196107641724,0.000844467722163648,0.000794679070326139,0.000752067837097524,0.000714847337366738,0.000681858520465478,0.000652333374731179,0.000625742296658328,0.000601703434893896,0.000579935486472425,0.000560238686279771,0.000542492600246619,0.000526663804676909,0.000512821100655999,0.000501159891605695,0.000492040138164261,0.000486043493122028,0.000484054611380967,0.000487369163661771,0.000497826753789244,0.000517960775046477,0.000551149364509429,0.000601742405087194,0.000675129839707082,0.000777707941458742,0.00091669494802883,0.00109974859781352,0.00133434881806633,0.00162693182781478,0.00198179843289429,0.00239986789233966,0.00287740446798299,0.00340489774673998,0.00396631774269499,0.00453897758578411,0.00509420732792656,0.00559896391487117,0.00601837526598001,0.00631905296026409,0.00647283310447452,0.00646045369714173,0.00627458869488789,0.00592166882450085,0.00542204653562984,0.0048083024509454,0.00412180911299558,0.00340800394408462,0.0027111007511954,0.00206911426541611,0.00151003590020057,0.00104977458813142,0.000692108455485575,0.000430469342727398,0.000251012305035669,0.000136204459475076,6.81563237943406e-05,3.11048355223141e-05,1.27695150598925e-05,4.63430964576855e-06,1.45384494020259e-06,3.82762385257536e-07,8.12466420907805e-08,1.31435915228407e-08,1.49228150966618e-09,1.04636373666769e-10,3.65719625472508e-12,4.26339293327083e-14,6.72543307437423e-17,8.06947630701727e-22,0
0,0.000147391419718883,0.00275797993843812,0.0120544847911226,0.0289750201312179,0.0500948032251856,0.0702081851645869,0.085020067784886,0.0924181485948891,0.0924306093148703,0.0865112911961782,0.0767128263999387,0.0650506638811668,0.0531425849325195,0.0420850766002273,0.0324844006035645,0.0245633129411124,0.0182864824527854,0.0134719974398749,0.00987544148067573,0.00724511298031321,0.00535307594393712,0.00400874228023391,0.00306136965086872,0.00239651741651002,0.00192994298724832,0.00160105486804983,0.00136701862974831,0.00119794128247501,0.00107317325303976,0.000978581965407854,0.000904591109410909,0.000844787300105237,0.000794932332424005,0.000752261765082093,0.000714987569260696,0.000681949809207956,0.000652379843119512,0.000625747568293085,0.000601670687335515,0.000579867445305764,0.000560137555885888,0.000542359906562752,0.000526500104056324,0.00051262548395578,0.000500929181514514,0.000491767640150178,0.000485717118846312,0.000483654154537023,0.000486862483121989,0.000497164623629992,0.000517070215498899,0.000549925394150923,0.000600038372676118,0.000672746816031879,0.000774384073755165,0.000912096174065636,0.0010934626244272,0.00132588469594127,0.0016157276762668,0.00196723974426179,0.00238131824280277,0.00285424929153242,0.00337660008731447,0.00393248270357444,0.0044994198065225,0.00504901363762759,0.00554854183284095,0.00596347775589925,0.00626077119700713,0.00641255215390121,0.00639977076172817,0.00621519936087714,0.00586523260679037,0.00537004777166876,0.00476192507095339,0.00408184314460396,0.00337479751854488,0.00268456435787868,0.00204877530962386,0.0014951330567617,0.00103937493349109,0.000685227433693751,0.000426174948366698,0.000248500016597306,0.000134836974983156,6.74699781845975e-05,3.07906935441505e-05,1.26401860396327e-05,4.58724458551145e-06,1.43904027564792e-06,3.78854350083979e-07,8.04149301486057e-08,1.30086894198368e-08,1.47692461941408e-09,1.03556656005092e-10,3.61935173339869e-12,4.21914093587046e-14,6.65538340850312e-17,7.98504343149741e-22,0
0,0.000147540607195551,0.00276078813873349,0.012066814811402,0.0290047649298793,0.0501463657181782,0.0702805699880508,0.085107777284215,0.0925134449056969,0.0925257652919452,0.0866001046691857,0.0767912625204312,0.0651168189305006,0.0531962624756081,0.0421272299406588,0.0325166088495423,0.024587372829408,0.0183041360644355,0.013484780269557,0.00988462059567565,0.00725168362450356,0.00535779029167961,0.00401215155336472,0.00306386788447422,0.00239838067266838,0.00193136155721707,0.00160215821971053,0.00136789395664782,0.00119864689479054,0.00107374803900136,0.000979051964435265,0.00090497400735516,0.000845095448225569,0.000795174727832399,0.000752445310614999,0.000715117844797527,0.00068203152298417,0.000652417082107173,0.00062574392644244,0.000601629317242291,0.000579791051608473,0.000560028326062973,0.000542219354553795,0.000526328781246396,0.000512422487382083,0.000500691358374299,0.000491488350433198,0.000485384376786962,0.000483247931084575,0.000486350926830749,0.000496498962076244,0.000516178153359277,0.000548702949189103,0.000598340306881713,0.000670376137939643,0.000771081505873849,0.000907530968758685,0.00108722661385385,0.00131749188393133,0.00160462189915887,0.0019528128042111,0.00236294031979271,0.00283131228165143,0.00334857279069657,0.00389897461206952,0.00446024787745654,0.00500426428205783,0.00549861888572995,0.00590912693535714,0.00620307290069848,0.00635287755107057,0.00633970084361649,0.00615641233519547,0.00580937082053631,0.0053185800500586,0.00471602280757935,0.00404228781244286,0.00334193322020798,0.00265830208431225,0.00202864697488157,0.00148038490427168,0.0010290834697231,0.00067841815143257,0.000421925418572513,0.000246014026766522,0.000133483832714483,6.67908443134546e-05,3.04798583158196e-05,1.25122207471692e-05,4.54067665259675e-06,1.42439224613496e-06,3.74987729885369e-07,7.95920463915025e-08,1.28752215250225e-08,1.46173125746112e-09,1.02488454436204e-10,3.58191153150049e-12,4.17536255139868e-14,6.58608493813981e-17,7.90151861897704e-22,0
0,0.000147688510122209,0.00276357183735346,0.0120790362259145,0.029034245298265,0.0501974654775974,0.0703522987502457,0.0851946833715725,0.0926078582663988,0.092620028563485,0.0866880735015911,0.0768689414540426,0.065182324771467,0.0532494036489462,0.0421689535838984,0.0325484814498607,0.0246111757575287,0.0183215958853965,0.0134974183661229,0.00989369206500951,0.0072581740613155,0.00536244438972781,0.00401551490952501,0.00306633040454746,0.0024002154436932,0.00193275675776904,0.00160324183391399,0.00136875214491822,0.00119933725288638,0.00107430896389604,0.000979509159131331,0.00090534492763763,0.000845392287422886,0.000795406373313101,0.000752618587141526,0.000715238274719602,0.000682103770308409,0.000652445198359661,0.000625731476233443,0.000601579428459984,0.00057970640815768,0.00055991109869078,0.000542071045328584,0.000526149936653229,0.000512212210618338,0.000500446520982221,0.000491202366523277,0.000485045362380455,0.000482836032993565,0.00048583458097475,0.000495829845856519,0.000515284650293585,0.000547482067976011,0.000596648210987235,0.000668017757425444,0.000767800116842792,0.000902999110116982,0.00108104020798937,0.0013091698454643,0.00159361373229959,0.00193851656636482,0.00234473273724734,0.00280859165584348,0.00332081362677709,0.00386579075056512,0.00442145857099061,0.00495995552445915,0.00544919085650681,0.00585531816680594,0.00614595310391692,0.0062938041169194,0.00628023869118206,0.00609822244379934,0.00575407851858647,0.00526763878641856,0.00467059155003518,0.00400313955608166,0.0033094080766762,0.00263231154437348,0.0020087274244357,0.00146579009134874,0.00101889925007068,0.000671679979899326,0.000417720359483496,0.000243554104318283,0.000132144906381358,6.61188585879194e-05,3.01723006375493e-05,1.23856071237975e-05,4.49460144529453e-06,1.40989946293486e-06,3.71162156997779e-07,7.87779123455887e-08,1.27431750732951e-08,1.44669996644972e-09,1.01431666194378e-10,3.54487203612879e-12,4.13205354167973e-14,6.51753093023223e-17,7.81889368012929e-22,0
0,0.00014783513776912,0.00276633121988307,0.0120911498723264,0.0290634633076621,0.0502481061792805,0.0704233767306887,0.0852807925907027,0.0927013959504631,0.0927134065624845,0.0867752047982587,0.0769458696325635,0.0652471869709036,0.0533020130941125,0.0422102512818503,0.0325800213611613,0.0246347240088919,0.0183388636529276,0.0135099130386482,0.00990265687123573,0.00726458502982249,0.00536703879877423,0.00401883278047695,0.00306875755055897,0.00240202200339203,0.00193412881612198,0.00160430590480324,0.00136959336513091,0.00120001251040868,0.0010748561690775,0.000979953681782416,0.000905703995726096,0.000845677937924273,0.000795627384974239,0.000752781707465594,0.000715348969136051,0.000682166659066414,0.000652464297915713,0.000625710322165669,0.00060152112420399,0.00057961361709537,0.000559785975007539,0.00054191507934672,0.000525963670024962,0.000511994752680674,0.000500194767458794,0.000490909785245221,0.000484700170371849,0.000482418551540566,0.000485313531052774,0.000495157351028732,0.000514389767332534,0.000546262788290096,0.000594962087801068,0.000665671626158579,0.000764539785579589,0.000898500376338848,0.00107490304932241,0.0013009180450871,0.00158270241328314,0.00192434998695,0.00232669411268501,0.0027860856363196,0.00329332037141323,0.00383292840876788,0.00438304866825185,0.00491608363817716,0.00540025353952805,0.00580204682519062,0.0060894068525793,0.00623532668623902,0.00622137906679236,0.00604062452637311,0.00569935076685917,0.00521721940842919,0.00462562719830369,0.00396439482438145,0.00327721912327923,0.00260659035812031,0.00198901482627373,0.00145134727008784,0.00100882133020527,0.000665012291899351,0.000413559378242802,0.000241120018615794,0.000130820070016611,6.54539575760624e-05,2.98679913833796e-05,1.22603331412424e-05,4.44901457296511e-06,1.39556054081296e-06,3.67377264681279e-07,7.79724497340093e-08,1.26125373315776e-08,1.4318292926767e-09,1.00386188771511e-10,3.50822964343995e-12,4.08920967916943e-14,6.44971466865334e-17,7.73716044955674e-22,0
