0,0.0100579061510693,0.0183592740438527,0.0251106347323101,0.0304994435764165,0.0346955103050228,0.037852342438466,0.0401084061955579,0.0415883088638208,0.042403906469489,0.0426553404448246,0.0424320068546605,0.041813461611745,0.0408702649813798,0.0396647685499748,0.0382518477094561,0.036679582589906,0.0349898902563589,0.0332191108722755,0.0313985504218313,0.0295549824757506,0.0277111113809413,0.0258859991526153,0.0240954582488591,0.0223524123117156,0.0206672268657186,0.0190480118744279,0.0175008979678256,0.0160302880683984,0.0146390860613148,0.0133289040742628,0.0121002498552151,0.0109526956615791,0.00988503000184048,0.00889539350087966,0.00798140009258301,0.00714024467815511,0.00636879832561814,0.00566369202532116,0.005021389957838,0.00443825317436371,0.00391059453558988,0.00343472570300646,0.00300699692660244,0.00262383032498032,0.00228174730792007,0.00197739074738546,0.00170754246082235,0.00146913653031152,0.00125926894267037,0.00107520399890748,0.000914377906480947,0.00077439993455745,0.000653051480871973,0.000548283368810137,0.000458211664934639,0.000381112280315384,0.000315414593659119,0.000259694310328925,0.000212665748856798,0.000173173725443851,0.000140185187172367,0.000112780726182159,9.01460898504325e-05,7.15637860196359e-05,5.64048675017629e-05,4.41209664101697e-05,3.42366362912993e-05,2.63420485088188e-05,2.00860788315769e-05,1.51698106545635e-05,1.13404726987286e-05,8.3858213511445e-06,6.12897098162102e-06,4.42366956555389e-06,3.15001171554925e-06,2.21057673626675e-06,1.52697552800855e-06,1.03678703489816e-06,6.90862423086779e-07,4.50973243343363e-07,2.87778440673981e-07,1.79084181323552e-07,1.0837003468407e-07,6.35550343158543e-08,3.59775085278431e-08,1.95632768065979e-08,1.01578138778291e-08,4.99924837560329e-09,2.31054802949559e-09,9.90908005393128e-10,3.88163598047904e-10,1.35952919388452e-10,4.13196026302143e-11,1.04298949597548e-11,2.04288759792422e-12,2.77077960710165e-13,2.10210233356096e-14,5.52442223095627e-16,1.08999880593246e-18,0
0,0.0100579061510693,0.0183592740438527,0.0251106347323101,0.0304994435764165,0.0346955103050228,0.037852342438466,0.0401084061955579,0.0415883088638208,0.042403906469489,0.0426553404448246,0.0424320068546605,0.041813461611745,0.0408702649813798,0.0396647685499748,0.0382518477094561,0.036679582589906,0.0349898902563589,0.0332191108722755,0.0313985504218313,0.0295549824757506,0.0277111113809413,0.0258859991526153,0.0240954582488591,0.0223524123117156,0.0206672268657186,0.0190480118744279,0.0175008979678256,0.0160302880683984,0.0146390860613148,0.0133289040742628,0.0121002498552151,0.0109526956615791,0.00988503000184048,0.00889539350087966,0.00798140009258301,0.00714024467815511,0.00636879832561814,0.00566369202532116,0.005021389957838,0.00443825317436371,0.00391059453558988,0.00343472570300646,0.00300699692660244,0.00262383032498032,0.00228174730792007,0.00197739074738546,0.00170754246082235,0.00146913653031152,0.00125926894267037,0.00107520399890748,0.000914377906480947,0.00077439993455745,0.000653051480871973,0.000548283368810137,0.000458211664934639,0.000381112280315384,0.000315414593659119,0.000259694310328925,0.000212665748856798,0.000173173725443851,0.000140185187172367,0.000112780726182159,9.01460898504325e-05,7.15637860196359e-05,5.64048675017629e-05,4.41209664101697e-05,3.42366362912993e-05,2.63420485088188e-05,2.00860788315769e-05,1.51698106545635e-05,1.13404726987286e-05,8.3858213511445e-06,6.12897098162102e-06,4.42366956555389e-06,3.15001171554925e-06,2.21057673626675e-06,1.52697552800855e-06,1.03678703489816e-06,6.90862423086779e-07,4.50973243343363e-07,2.87778440673981e-07,1.79084181323552e-07,1.0837003468407e-07,6.35550343158543e-08,3.59775085278431e-08,1.95632768065979e-08,1.01578138778291e-08,4.99924837560329e-09,2.31054802949559e-09,9.90908005393128e-10,3.88163598047904e-10,1.35952919388452e-10,4.13196026302143e-11,1.04298949597548e-11,2.04288759792422e-12,2.77077960710165e-13,2.10210233356096e-14,5.52442223095627e-16,1.08999880593246e-18,0
0,0.0100579061510693,0.0183592740438527,0.0251106347323101,0.0304994435764165,0.0346955103050228,0.037852342438466,0.0401084061955579,0.0415883088638208,0.042403906469489,0.0426553404448246,0.0424320068546605,0.041813461611745,0.0408702649813798,0.0396647685499748,0.0382518477094561,0.036679582589906,0.0349898902563589,0.0332191108722755,0.0313985504218313,0.0295549824757506,0.0277111113809413,0.0258859991526153,0.0240954582488591,0.0223524123117156,0.0206672268657186,0.0190480118744279,0.0175008979678256,0.0160302880683984,0.0146390860613148,0.0133289040742628,0.0121002498552151,0.0109526956615791,0.00988503000184048,0.00889539350087966,0.00798140009258301,0.00714024467815511,0.00636879832561814,0.00566369202532116,0.005021389957838,0.00443825317436371,0.00391059453558988,0.00343472570300646,0.00300699692660244,0.00262383032498032,0.00228174730792007,0.00197739074738546,0.00170754246082235,0.00146913653031152,0.00125926894267037,0.00107520399890748,0.000914377906480947,0.00077439993455745,0.000653051480871973,0.000548283368810137,0.000458211664934639,0.000381112280315384,0.000315414593659119,0.000259694310328925,0.000212665748856798,0.000173173725443851,0.000140185187172367,0.000112780726182159,9.01460898504325e-05,7.15637860196359e-05,5.64048675017629e-05,4.41209664101697e-05,3.42366362912993e-05,2.63420485088188e-05,2.00860788315769e-05,1.51698106545635e-05,1.13404726987286e-05,8.3858213511445e-06,6.12897098162102e-06,4.42366956555389e-06,3.15001171554925e-06,2.21057673626675e-06,1.52697552800855e-06,1.03678703489816e-06,6.90862423086779e-07,4.50973243343363e-07,2.87778440673981e-07,1.79084181323552e-07,1.0837003468407e-07,6.35550343158543e-08,3.59775085278431e-08,1.95632768065979e-08,1.01578138778291e-08,4.99924837560329e-09,2.31054802949559e-09,9.90908005393128e-10,3.88163598047904e-10,1.35952919388452e-10,4.13196026302143e-11,1.04298949597548e-11,2.04288759792422e-12,2.77077960710165e-13,2.10210233356096e-14,5.52442223095627e-16,1.08999880593246e-18,0
0,0.00709665113535507,0.0130592525609569,0.0186996261204095,0.0244946827741454,0.0303077636865864,0.0356086964168072,0.0398244707943384,0.042580565209229,0.0437795425882712,0.0435615231801043,0.042212547256748,0.0400711035941967,0.0374587297407071,0.0346410865227613,0.0318147493067446,0.0291108553885443,0.0266070368699374,0.0243413526559247,0.0223246062114838,0.0205496576088212,0.0189978100586911,0.0176430809347211,0.0164553066755493,0.0154027870073927,0.0144547683852817,0.0135837002065183,0.0127670037038902,0.0119881030439404,0.0112366168436442,0.0105077908125857,0.00980138435621655,0.00912027388391732,0.00846901612917851,0.00785255750386829,0.00727520862060783,0.00673994290630675,0.00624803027338896,0.00579898078917634,0.00539074710139773,0.00502011640760704,0.0046832124389832,0.00437602547568086,0.00409489413796254,0.00383687635781137,0.00359996727246311,0.00338314642221086,0.00318626234717688,0.00300978589791416,0.00285448105768976,0.00272105148514115,0.00260982128926028,0.00252050012475368,0.00245206719484952,0.00240278875503813,0.00237036231744786,0.00235216112966693,0.00234553749882603,0.00234813536128096,0.00235816244377363,0.00237458055537018,0.00239718783228794,0.0024265866894696,0.00246405231469873,0.00251133469550841,0.00257043845106679,0.00264342617532555,0.00273228136120553,0.00283884731496172,0.00296483217173214,0.00311184245707219,0.0032813848311723,0.00347476369308005,0.0036928058039933,0.0039353643667175,0.00420059385347117,0.00448404064487449,0.0047776584546907,0.00506892477247167,0.00534029580326406,0.00556927947276955,0.00572941073957065,0.00579235736670135,0.00573124249556177,0.00552502529268201,0.00516343779173651,0.0046515819467509,0.00401295071300702,0.0032895131396119,0.00253778433363831,0.00182062589741339,0.00119586653299211,0.000704388533640047,0.000361455753119679,0.0001549265271594,5.1973171124073e-05,1.22409227267967e-05,1.65159664203766e-06,8.09199023746804e-08,3.36932662252812e-10,0
0,0.00511731885823747,0.00955618330996648,0.0144838141084043,0.0205138221709993,0.0272783744617823,0.033808980070661,0.0391083080460805,0.0425280735158332,0.0438786095082619,0.0433513685432698,0.0413644182178084,0.0384113068359325,0.0349525260813346,0.0313573310115138,0.0278865268804669,0.0247011882182076,0.0218834643263381,0.0194596726160617,0.0174202454030861,0.0157345358891962,0.0143606547045405,0.0132515365369213,0.0123586551712713,0.0116345556265898,0.0110349263520046,0.0105204814677975,0.0100585827299895,0.00962436512749113,0.00920114082327588,0.00877998950565431,0.00835861544651748,0.0079396888063064,0.00752895392328274,0.00713338147902965,0.00675958722780083,0.00641266374241179,0.00609549309987732,0.00580853871169065,0.00555005838915795,0.0053166398127783,0.00510393436340498,0.00490745602774835,0.00472331864603225,0.00454880595043601,0.00438270194567169,0.00422534985556208,0.0040784505009189,0.00394464956563757,0.00382699234071962,0.00372834034998015,0.00365084506108222,0.00359556031367314,0.00356224988079852,0.00354941397566887,0.00355452360162582,0.00357441961003381,0.00360580884693904,0.00364577643890702,0.00369223317731172,0.00374423031295579,0.0038020989710844,0.00386740385772166,0.00394273525143857,0.00403139282408285,0.00413703319562939,0.00426335547040433,0.00441388334545055,0.00459187043729509,0.00480031275276521,0.00504200729987705,0.00531955881164531,0.00563521716509218,0.00599043376875187,0.00638505977582325,0.00681617208578887,0.00727660038925398,0.00775333222663777,0.0082260821343372,0.00866641025567602,0.00903784396879661,0.00929746351673528,0.00939932145989208,0.00929983555341589,0.00896489697237299,0.00837787914621362,0.00754709332136152,0.00651068549939359,0.00533676911351635,0.00411704410289943,0.00295349141571831,0.00193991233771459,0.001142605470835,0.000586305600192742,0.000251292675888037,8.42982735782115e-05,1.98536025071302e-05,2.67864491395168e-06,1.31235939733633e-07,5.46420672271711e-10,0
0,0.0037669888030385,0.00719364821240256,0.0116597447480186,0.0178365799741228,0.0251812787238908,0.0324369516989496,0.0383475714026882,0.0421137520941533,0.0435104624699897,0.0427772592185147,0.0404208734291011,0.0370285987644706,0.0331381555215522,0.0291708871960845,0.0254149045594423,0.022038858453603,0.0191192362307953,0.0166694427400113,0.0146643778840006,0.0130583528971458,0.0117966876779193,0.0108224657689722,0.0100801505489455,0.00951751181252685,0.00908687041338936,0.00874620255748221,0.00846023994876314,0.00820141653739701,0.00795038914449839,0.00769589935856502,0.00743389626836028,0.00716602133564876,0.00689769534171684,0.00663610746641938,0.00638839081699874,0.00616020136366551,0.00595482643110955,0.00577285660842236,0.00561237462028699,0.0054695531699705,0.00533951395742534,0.00521728290131348,0.00509868156054485,0.00498101979520802,0.00486349583885685,0.00474726122798419,0.00463516207435969,0.00453121719410335,0.00443993070783978,0.00436555699727882,0.00431143720727411,0.00427950964331863,0.00427006488718816,0.00428177560997676,0.00431198729946435,0.00435721596473834,0.0044137681934564,0.00447838222934639,0.00454878861254968,0.00462410562686302,0.00470501593864675,0.00479371140131772,0.00489363590507569,0.00500909307987969,0.00514480860135881,0.00530553977729628,0.00549580554568238,0.0057197701407081,0.00598126037023043,0.00628384039525899,0.00663082173234257,0.00702506204342884,0.00746841341684776,0.00796072401649489,0.00849837570409511,0.00907244909803736,0.00966673682860895,0.0102559617137126,0.0108046802760106,0.0112674368677496,0.0115907427647849,0.0117173407767975,0.0115929288154986,0.0111750201174995,0.0104429240752278,0.00940703530128504,0.00811493173604613,0.00665153367903876,0.00513114502900909,0.0036808664950162,0.00241758779049323,0.00142390977991229,0.000730628289032637,0.000313140175782847,0.000105042347340318,2.47384281646166e-05,3.33760728529793e-06,1.63516074195746e-07,6.80804842133409e-10,0
0,0.00280727967810152,0.00553423911328592,0.00969165790089947,0.0159715652582364,0.0236976013272907,0.0314132784591472,0.0376935675596859,0.041648223714241,0.0430392498967328,0.0421456961961114,0.0395362714348523,0.0358596346329543,0.0317012950726467,0.0275125412112203,0.0235949221924634,0.0201180209672864,0.0171513438689264,0.0146974472099166,0.0127195662048534,0.011161544985464,0.0099605426621586,0.00905416922978319,0.00838392748634333,0.00789657836431696,0.00754461558050354,0.00728658009157754,0.00708752460421729,0.0069195956355272,0.00676248691755815,0.00660346867359606,0.00643679663440716,0.00626248448934697,0.006084598956505,0.00590934689992562,0.00574324954178226,0.00559165404468158,0.00545774661572052,0.00534213206022444,0.00524295263940655,0.0051564458642788,0.005077791978145,0.00500207904313233,0.00492521604216208,0.00484464950571575,0.00475978209226284,0.00467204558414787,0.00458463786169516,0.00450198526435837,0.00442903102526942,0.00437047203975372,0.00433006789635292,0.00431012877223308,0.00431125613302975,0.00433236782785353,0.00437099382764355,0.00442378732090336,0.00448716423333327,0.00455796713682694,0.00463404962657318,0.00471469479789067,0.00480081396054142,0.00489491402062337,0.00500086665867655,0.00512355092894544,0.00526846481486476,0.00544140414383873,0.00564828615316034,0.0058951515466613,0.00618831947716654,0.00653460482972176,0.00694144896774124,0.00741677633335991,0.00796838073381928,0.00860267457235295,0.00932270627430337,0.0101254675412987,0.010998672045596,0.0119173858339062,0.0128411136346355,0.0137121651260564,0.0144562870838174,0.0149865672306692,0.0152113847927197,0.015046591940535,0.0144310990920224,0.0133436663353955,0.0118172326616487,0.00994604729239699,0.00788090342291042,0.00580961355325639,0.00392382672089869,0.00237881346352224,0.00125810241871136,0.00055684445185151,0.000193433622284263,4.73690133666867e-05,6.6888175151565e-06,3.47031091082376e-07,1.5726578164692e-09,0
0,0.00210757092901009,0.00433401365014819,0.00826050643760661,0.0145754517559371,0.022505196209673,0.0304640232188348,0.0369260369754435,0.0409535142978819,0.0423091039232883,0.0413016345786824,0.0385392834725223,0.0347063370246673,0.0304135106462539,0.0261256269442139,0.0221479089108096,0.0186467507881582,0.0156846129048618,0.0132555991707857,0.011314826031421,0.00979943119059518,0.00864181802993651,0.00777691305658288,0.00714541611823652,0.00669474787870851,0.00637896559078297,0.00615847383645401,0.00599994704549134,0.00587652816997584,0.00576811417765072,0.00566142959801754,0.00554963382347621,0.00543136059527975,0.00530926955342979,0.00518832769954609,0.00507409678725091,0.00497128285922885,0.00488273112101321,0.00480895307887619,0.00474817775533323,0.00469684034095678,0.00465036772152292,0.00460409362410782,0.00455413601588962,0.00449809279353202,0.00443545353601944,0.00436767816502349,0.00429794959763302,0.00423065858135499,0.00417071765541965,0.00412282256845241,0.00409078138596929,0.00407701488326183,0.00408230025977661,0.00410578927208413,0.00414528810018709,0.00419774624732463,0.00425987140707724,0.00432877099816396,0.00440252151515757,0.00448058416520447,0.00456401704599821,0.00465547538483965,0.00475903497921728,0.00487991160421361,0.00502417254406752,0.00519853901597733,0.00541035669665951,0.00566776660380629,0.00598004536545169,0.0063580112995529,0.00681432201590965,0.00736343264843634,0.00802095331101773,0.00880215138669741,0.00971940021576356,0.0107784926772455,0.0119739281104756,0.0132835522757651,0.0146632784400896,0.016043012693388,0.017325274757169,0.0183882174766546,0.0190946206177115,0.0193077610602484,0.0189136839590737,0.017847322627114,0.0161174430145121,0.013823231338713,0.011154600402026,0.00837020433318511,0.00575255066082233,0.00354807086713612,0.00190910761416294,0.000859874885252956,0.000304133968074105,7.59124881111524e-05,1.09462277198135e-05,5.8199215807922e-07,2.72539756349174e-09,0
0,0.00159340767667098,0.0034566593362726,0.00719990003582405,0.0134939106502841,0.0214969484428523,0.029545827890151,0.0360616666256687,0.0400879912693937,0.0413952818801417,0.04031328837162,0.0374726506070036,0.0335749001059592,0.0292404747828874,0.0249369783058093,0.0209673666028322,0.0174928386657434,0.0145695209599448,0.0121853258749668,0.010290118737318,0.00881714305863891,0.00769640664712755,0.00686189008860546,0.00625461389912991,0.00582330341970614,0.00552394747362058,0.00531910897092164,0.00517745384086009,0.00507362679026957,0.00498834291468328,0.00490842411901635,0.00482651103862659,0.0047402995711562,0.00465132014968346,0.00456342495284715,0.00448122713498621,0.00440873771840014,0.00434838817229228,0.00430053847569722,0.00426347768449898,0.0042338446958292,0.00420734084821199,0.00417957692990139,0.00414689475542199,0.00410702457854421,0.00405947893362979,0.00400563403028328,0.00394850354685328,0.00389225853309189,0.00384158422382591,0.00380098511646708,0.00377415169974862,0.00376348667750099,0.00376985888573748,0.00379261463715438,0.00382983514609623,0.00387879123493945,0.00393651823067967,0.00400041902582115,0.00406880406972431,0.00414129373756545,0.00421903882649598,0.00430475418182403,0.00440260197278382,0.00451799702617158,0.00465742898813996,0.00482839841685757,0.00503954242030742,0.00530097996928184,0.00562484123463342,0.00602586637280729,0.0065218768590811,0.00713384824065532,0.00788526001500406,0.008800381252105,0.00990118790098472,0.0112027219847207,0.0127069194709266,0.0143952746451855,0.0162211802127701,0.0181033533622145,0.0199223365154724,0.021522473387691,0.0227217485924832,0.0233311376668499,0.0231833856095005,0.0221683596221688,0.0202686481940462,0.0175858139254661,0.0143461475121108,0.0108767053910413,0.00754919405560544,0.00470064894820995,0.00255280903010483,0.00116037759165226,0.000414217864796074,0.000104375195519199,1.520351954791e-05,8.17659761333014e-07,3.8858831305936e-09,0
0,0.00121447567102323,0.0028132577639061,0.00641139907450058,0.0126562978542687,0.0206590041810616,0.0287120893307775,0.0352126227352692,0.0392013491377646,0.0404591316403151,0.0393299118057958,0.0364559281286947,0.0325450388698453,0.0282187850990712,0.0239420527986701,0.0200129628998209,0.0165871968120454,0.0137156614182197,0.0113819052937511,0.00953253222055288,0.00809867528003659,0.00700931960018975,0.00619838864468843,0.00560765669604253,0.00518723266829264,0.00489490638942163,0.00469521342391239,0.00455869954252119,0.00446154989965252,0.00438549982559993,0.00431779413321277,0.00425093549692796,0.0041820492663505,0.00411184081424375,0.00404326552844587,0.00398012082962585,0.00392578694388456,0.00388229998787683,0.00384986264742016,0.00382681026932275,0.00380997280600398,0.00379531695012875,0.00377872259701041,0.00375674355055006,0.00372722113504006,0.0036896558536016,0.00364528959658242,0.00359690141643543,0.00354836588259399,0.00350405797510196,0.00346820790174574,0.00344431130812846,0.0034346860115471,0.00344023891738295,0.0034604711363825,0.00349371131451983,0.00353753263251056,0.00358928295942092,0.00364664412897119,0.0037081374218971,0.00377350821937813,0.00384395134286521,0.00392217550342637,0.00401234436041097,0.00411996557626909,0.00425182046581072,0.00441602898231464,0.00462232371123884,0.00488256115718255,0.00521143115499231,0.0056272410938308,0.00615255890905422,0.00681440809762137,0.00764363305172204,0.00867301204019449,0.00993371299955814,0.0114497964253644,0.0132307082533126,0.0152621093427668,0.0174959731262768,0.0198416191823339,0.0221601294307861,0.0242652002814752,0.0259335912288203,0.0269275403429241,0.0270294744332231,0.0260859280118679,0.0240531721666199,0.0210327332212433,0.017282615916196,0.0131919448899329,0.0092147577573139,0.00577276899348637,0.0031535183817649,0.00144169590719713,0.000517598242675239,0.000131191007495079,1.92283387769279e-05,1.04134058419539e-06,4.9931160003271e-09,0
0,0.000933021933788153,0.00233646427077559,0.00581466148694308,0.0119893643721915,0.0199404367424131,0.0279397709734732,0.0343799153948205,0.0383088175014791,0.0395184503743165,0.0383616528972845,0.0354846024330578,0.0315941811543033,0.0273075381443768,0.023083556556618,0.0192142026733554,0.01584975710004,0.0130368904844451,0.0107561538914854,0.00895228565600252,0.00755550950409848,0.00649467596968994,0.00570419013766869,0.00512679282434589,0.00471392927787654,0.00442497701521741,0.00422617075129327,0.00408970094664222,0.00399316783627666,0.0039193423679434,0.00385603787398381,0.00379585439197239,0.00373561932262534,0.00367547526179816,0.00361770019132901,0.00356543726977874,0.00352153912439271,0.00348770041512123,0.00346398415319352,0.00344876643882507,0.00343905049104851,0.00343104608843123,0.00342088015479627,0.00340529870869023,0.00338223696956154,0.00335116802891033,0.00331318456136152,0.00327081519387497,0.00322762012438138,0.00318764325260875,0.00315481629523781,0.00313241243364396,0.00312263387437784,0.00312639238246092,0.00314330901268717,0.00317192430905809,0.0032100785552247,0.00325539796975845,0.00330581060631136,0.00336001712540209,0.00341785666816467,0.0034805348575747,0.00355071552781777,0.00363251444579343,0.00373146521420736,0.00385454766674686,0.00401037112243867,0.0042095843927459,0.00446553947163738,0.00479516724934345,0.0052199350580132,0.0057666538637159,0.00646779717357417,0.00736089848577555,0.00848653048753802,0.00988436786222688,0.0115869381374374,0.0136109215204505,0.0159463194819113,0.0185444989686144,0.0213070060681545,0.0240780072032867,0.0266440058409388,0.0287447079866586,0.0300980869805775,0.0304403810480054,0.029577766523783,0.0274411784207795,0.0241304493711409,0.019930806180991,0.0152865852598721,0.0107261354297079,0.00674840749763728,0.00370167384037338,0.00169910023243965,0.000612450358421489,0.000155865061729616,2.29432176087561e-05,1.24854527139948e-06,6.02382605199631e-09,0
0,0.000722411588314027,0.00197909531071411,0.00535318530151674,0.0114403476803555,0.0193018088894676,0.027206043367586,0.0335547268986925,0.0374094585443291,0.0385731715114816,0.0374034067376209,0.0345447040740527,0.0306978854107269,0.026472037490763,0.0223179697546079,0.0185207827352391,0.015225599284715,0.0124756433566983,0.0102494736179952,0.00849095148920951,0.0071302220299356,0.00609660434453918,0.00532534242074942,0.00476027172624085,0.00435411375463365,0.00406764369732154,0.00386854455535975,0.00373041014019729,0.00363208291481063,0.00355730059648043,0.00349448643718015,0.00343646968206029,0.00337996660558138,0.00332476018974984,0.00327263851369639,0.0032262418413355,0.00318800182830671,0.00315933439294138,0.00314018853455349,0.00312897946708923,0.00312286502371024,0.00311827172552434,0.00311154701200612,0.00309960778422009,0.00308047010975093,0.00305357588559009,0.00301987317145548,0.00298165080032417,0.00294216792148579,0.00290514959604089,0.00287423657692188,0.00285247943325234,0.00284195507849489,0.00284356043416128,0.00285700773008732,0.00288101381852713,0.00291364684744938,0.00295277205770601,0.00299652760408089,0.00304376296614615,0.00309438681434413,0.00314959636863949,0.00321199271542507,0.00328562100233791,0.0033760045777512,0.00349026130563695,0.00363739233475634,0.00382881378522144,0.0040791573937288,0.00440729673469652,0.00483746333005519,0.00540020675678103,0.00613283357776581,0.00707884623519441,0.00828581855884021,0.00980112512104209,0.0116650371518724,0.0139009688774549,0.0165031649509595,0.0194228974097951,0.0225552627547243,0.0257298018935479,0.0287091239036072,0.0312000521359004,0.0328809672346005,0.0334464666975675,0.0326659579479652,0.0304467593980902,0.0268860931138464,0.0222925100273451,0.0171590104901365,0.0120801770876783,0.00762434995691182,0.0041948463798263,0.00193116990897096,0.000698149670381377,0.000178208415335407,2.63155285322745e-05,1.43719295595032e-06,6.96599403481548e-09,0
0,0.000563888040212893,0.00170870328915216,0.0049901436409033,0.0109787254408811,0.0187264821224743,0.0265103305162176,0.0327497930578785,0.0365236824594321,0.0376451053374747,0.0364731098501298,0.0336468166429167,0.0298577877440993,0.0257049220631952,0.0216299192394541,0.0179108372658991,0.0146880218890807,0.0120019138013873,0.00982981815233678,0.00811539842253036,0.00678926490115906,0.00578158259104361,0.00502864221232682,0.004475426841803,0.00407585834797217,0.00379194003277293,0.00359258289793665,0.00345256045217148,0.00335177488647792,0.00327482182326745,0.00321071263524482,0.00315256418792892,0.00309709807644823,0.00304388308255348,0.00299436401348718,0.00295080510700922,0.002915312023023,0.00288908121192472,0.00287197382501821,0.00286244394337215,0.00285778607693686,0.00285461694293869,0.00284947756475276,0.00283943493350766,0.00282257561833486,0.00279831228296102,0.00276746211183347,0.0027320970587189,0.00269520318399539,0.00266021477111705,0.00263050480600193,0.00260891535756696,0.002597400236394,0.00259683075553984,0.00260698751161961,0.00262673150762755,0.00265432127398073,0.00268782293902823,0.00272555046109765,0.00276647512697994,0.002810557041428,0.00285897506719748,0.00291426221014487,0.00298038595896393,0.00306284169032546,0.00316884560739869,0.00330771577363335,0.00349151063510917,0.00373595055814132,0.00406157782732184,0.00449501498140463,0.00507006394219369,0.0058282571119635,0.00681834147877178,0.00809407352467329,0.00970966680039147,0.01171232247984,0.0141315563404227,0.0169655838486093,0.0201658821541665,0.0236221893543824,0.0271514829244603,0.030495588717638,0.0333325129955714,0.0353057328497138,0.0360729209190016,0.0353706288677679,0.0330847292064741,0.0293094295151257,0.0243731863531905,0.0188114580765462,0.0132771069037728,0.00839989541215761,0.00463218635109712,0.00213729651189377,0.000774394681660865,0.000198121896975491,2.93269812675685e-05,1.60604762990187e-06,7.81204178306339e-09,0
0,0.000443929871544711,0.00150213904477625,0.00469941760903096,0.010582724070479,0.0182019488747613,0.0258505183625002,0.0319712469508648,0.0356619591739414,0.0367449269618527,0.03557833833405,0.0327933886176171,0.0290704365321957,0.0249970420823265,0.0210053673728167,0.0173665235225426,0.0142164802794118,0.0115934219283219,0.00947392804474642,0.00780191930345185,0.00650881813557851,0.00552586408947559,0.00479050956912021,0.00424889854639239,0.00385608108975436,0.00357515122584539,0.00337607077966415,0.00323460632159707,0.00313155540135961,0.00305225618196814,0.00298625710704912,0.0029269765958065,0.00287120802260779,0.00281840453244658,0.00276977620841404,0.00272731102778838,0.00269286699914476,0.00266747211668371,0.00265092332143758,0.00264171410436901,0.0026372600016528,0.0026343440495636,0.00262967648115393,0.00262045598402726,0.00260483172983559,0.00258219189785248,0.00255323991490267,0.00251985787571305,0.00248479154343588,0.00245121791857921,0.002422271242058,0.00240060516548959,0.00238805847035235,0.00238547171221127,0.00239267629173603,0.00240865006520276,0.00243180900765989,0.00246038637090046,0.00249284201837688,0.0025282467095046,0.00256659913745561,0.00260905601899794,0.00265808444039587,0.0027175765175142,0.00279299371728001,0.00289162588011281,0.00302305215462001,0.00319987248568642,0.00343873494103549,0.0037616135210737,0.00419719267826603,0.00478209101717063,0.00556151481435862,0.00658878734603788,0.00792308013387529,0.00962462149541982,0.0117467396067053,0.0143243903384327,0.017359404069576,0.0208036119280661,0.0245422581151798,0.0283815181939198,0.0320451871093315,0.0351861353312514,0.0374172665160609,0.0383637749277993,0.0377331580895617,0.0353921158702102,0.0314317790825581,0.0261976481228401,0.0202621235797114,0.0143290859496941,0.0090822984340064,0.00501744477669674,0.00231909041167963,0.000841722401352608,0.000215729879547578,3.199378819913e-05,1.75584982672576e-06,8.56454961807807e-09,0
0,0.000352684060091306,0.00134265961691769,0.00446202646824689,0.0102359787430544,0.0177175328156875,0.0252221336050462,0.0312192673491928,0.0348265739739797,0.0358744946212591,0.0347186295552848,0.0319806015178843,0.0283284080048729,0.0243376854129291,0.0204309475331422,0.0168725591593804,0.0137944719021201,0.0112330134311009,0.00916440681322604,0.00753313051228878,0.00627163747243048,0.00531237828993814,0.00459402877094085,0.00406389001805528,0.00367808090341567,0.00340068227082841,0.00320257263819868,0.00306036591314385,0.00295561936364479,0.0028743087948618,0.00280645999126415,0.00274578282699178,0.00268917605500895,0.002636040952049,0.00258743014847707,0.00254513057945395,0.00251081416968597,0.00248538190909174,0.00246858637418486,0.0024589612290371,0.0024540299526699,0.00245072157265857,0.00244589470165356,0.00243686425323796,0.00242183611301397,0.00240017979195502,0.00237250236547486,0.002340522894071,0.00230677932062479,0.00227422480085736,0.00224578439363595,0.00222394481220555,0.00221044027735004,0.00220607884306179,0.00221072944624638,0.00222346445021754,0.00224282963496411,0.00226719692505264,0.00229514722978614,0.00232583303261915,0.00235928289840198,0.00239663150607064,0.00244028633694068,0.00249407159966684,0.002563416163255,0.00265566942096102,0.00278063127298533,0.0029513643762546,0.00318531389004362,0.00350568879430371,0.00394295791510205,0.00453618446195359,0.00533377177586484,0.00639303557322633,0.00777788343620683,0.00955381846433069,0.0117795597769664,0.0144948739824718,0.0177048266061144,0.0213616490004603,0.0253467541267852,0.0294569636146677,0.0334003711665877,0.0368078856754478,0.0392656276840231,0.0403702658217122,0.0398036953596651,0.0374156106785415,0.0332942158145773,0.0277997432530011,0.021536847050705,0.0152541215372044,0.00968278693278282,0.00535671170150352,0.00247930892924909,0.000901110255601176,0.00023127602600826,3.43508786655481e-05,1.888432083924e-06,9.23184301500512e-09,0
0,0.000282927665208832,0.00121816157893821,0.00426449428618413,0.00992719318271369,0.0172662812269137,0.0246228360494308,0.0304949179157888,0.0340201142736473,0.0350360942857917,0.0338946311323884,0.031206751199496,0.0276274873545959,0.0237203575994867,0.0198983278944048,0.0164192810605387,0.0134114719688269,0.0109096801131824,0.00889003039612853,0.00729775350193004,0.00606646345064996,0.00512989521191596,0.00442797249524608,0.00390913683175581,0.00353052422541583,0.00325712160717632,0.00306062199092717,0.00291837390408342,0.00281258535132644,0.00272977972107426,0.00266040123248007,0.00259842924307239,0.0025408808164115,0.0024871445921733,0.00243816909910672,0.00239559530596721,0.00236095584957806,0.00233505701099054,0.00231762262081404,0.00230722679639823,0.00230148979451836,0.0022974693577701,0.00229215477740773,0.00228296415642039,0.00226815547919317,0.0022470853525783,0.00222028063383367,0.00218932200212703,0.0021565694575392,0.00212478326324617,0.00209670701416828,0.00207468119601724,0.00206034652643833,0.00205447884502587,0.00205697470845196,0.00206698300370812,0.00208315660588452,0.00210398265306887,0.00212814281853592,0.00215485737319693,0.00218417894191511,0.00221722240590672,0.00225634376169286,0.002305309021692,0.00236951951882553,0.00245637669134413,0.00257587178676196,0.0027414683410257,0.00297130272247466,0.00328965638630462,0.00372855028366347,0.00432917761315959,0.00514273183804932,0.00623001826976275,0.00765909010839696,0.00950007444963828,0.0118164241507584,0.0146521400792157,0.018015150109314,0.0218580705039745,0.0260589935650062,0.0304065762455355,0.0345951718159455,0.0382364392856332,0.0408929925198763,0.0421364318515511,0.0416261171654486,0.039196728817593,0.0349338092269563,0.0292104512533866,0.0226595981528387,0.0160691368859012,0.0102120499921583,0.00565586093332845,0.00262064745972873,0.000953527421272374,0.000245005749038303,3.64340738094356e-05,2.00571686742031e-06,9.82295942908955e-09,0
0,0.000229338383226691,0.00111984204025793,0.00409716358471603,0.00964842105782177,0.0168434433426937,0.0240511640965319,0.0297990843603652,0.033244441356444,0.0342312786221509,0.0331066805632365,0.0304705050501755,0.0269646027400879,0.0231404390147288,0.0194016650896843,0.0159999774063122,0.0130602205582219,0.0106158651632413,0.00864311693939131,0.00708807909560154,0.00588559682683731,0.0049707194710463,0.00428461738055122,0.00377684640756059,0.00340551281983216,0.00313644494487495,0.00294207140428612,0.00280038828489552,0.00269416809166842,0.00261040710850059,0.00253991456582116,0.0024769129076315,0.00241853825922832,0.00236418928412536,0.0023147462821081,0.00227174372361106,0.00223660971867398,0.0022100803026941,0.00219186233267774,0.00218057003230259,0.00217391082318089,0.00216905652417014,0.00216311213646457,0.00215358796043527,0.00213879030748462,0.00211806806693207,0.00209188207698099,0.00206169630645668,0.00202971914764739,0.00199854540139765,0.00197076199683552,0.00194858207768787,0.00193356351444778,0.00192645135833134,0.00192716243670148,0.00193490785174975,0.00194842916899381,0.00196630966306389,0.00198731541632683,0.00201072361085733,0.00203660711260645,0.00206606424702935,0.0021014080470381,0.00214635654618804,0.0022062902109357,0.00228865896622973,0.00240362372595532,0.00256500014188458,0.00279152998909586,0.00310843347588235,0.0035490905230029,0.00415656042482223,0.00498448284318393,0.00609672460559302,0.00756497806352719,0.00946343125268376,0.0118596957459329,0.0148014930416334,0.0182992658527799,0.022305966288317,0.0266967618779114,0.0312531208467967,0.035657297820205,0.0395039994904688,0.0423351347825093,0.0437002189657304,0.0432387539345543,0.0407721868683312,0.0363837142087169,0.0304577707988972,0.023652255181158,0.0167897262215769,0.0106800294933768,0.00592040677996439,0.00274566059017885,0.000999901634543336,0.000257156515118729,3.82784625906129e-05,2.10961600091107e-06,1.0347086425016e-08,0
0,0.000187970323746696,0.00104124199214966,0.00395298330880971,0.00939380742672096,0.0164453210561491,0.0235055517036117,0.0291316231751924,0.0324998838297161,0.0334600091513484,0.0323538224100621,0.0297697567925754,0.0263365160370125,0.0225937366289455,0.0189360570009736,0.0156092856297156,0.0127351061411132,0.0103458643348356,0.00841796774601528,0.00689846087886715,0.00572344957854254,0.00482929921889492,0.00415840919401624,0.00366141815272115,0.00329735988518244,0.0030328513860242,0.00284099549056373,0.00270036874574856,0.00259424075294006,0.00251002029551693,0.00243883561087329,0.00237512573840644,0.00231614007295722,0.00226129919885515,0.00221143868608898,0.00216801429857608,0.0021323749996656,0.00210520473591749,0.00208620198744006,0.00207402021986498,0.00206644576029879,0.00206075218033256,0.00205414762302421,0.002044225352535,0.00202933685066789,0.00200882771347016,0.00198310485641833,0.00195353404403362,0.00192219462865344,0.00189153957018718,0.00186402064918748,0.00184174028875479,0.00182618325384002,0.00181806579593261,0.00181731960718799,0.00182320671746063,0.00183454261811034,0.00184999136513296,0.00186839037540239,0.00188906529170134,0.00191210675637019,0.00193860010551781,0.00197082355834498,0.00201245694749285,0.00206886693058718,0.00214755069760055,0.00225882273328161,0.00241681231464196,0.00264079732333667,0.00295682733582091,0.00339948184869095,0.00401346695252911,0.00485458092611042,0.00598939204481143,0.00749280323162866,0.00944258377286369,0.0119100098557174,0.0149460762878591,0.0185634282618786,0.0227152886595731,0.0272742078820163,0.0320152629150123,0.03660997379809,0.0406380221450431,0.0436229793341691,0.0450948141977499,0.0446754695371958,0.0421747159558572,0.0376737295139536,0.0315670579553755,0.0245347739085515,0.0174302117053208,0.0110959180258911,0.00615548228809086,0.00285674258353232,0.00104110862972188,0.000267954210313379,3.99177140107462e-05,2.20198348843908e-06,1.08132704083319e-08,0
0,0.000155880846247603,0.000977595939842296,0.00382678435421659,0.00915904256753613,0.0160690964548637,0.0229846024895558,0.0284920315150044,0.0317861707151145,0.0327216917786304,0.0316348005587492,0.0291024692174804,0.0257404559354922,0.0220768881774759,0.0184977284054476,0.0152431875450836,0.0124320055001266,0.0100955459467936,0.00821049831571916,0.00672488208593203,0.0055760662519501,0.00470171542402101,0.004045429949132,0.00355889641431733,0.00320203636175768,0.00294221107412164,0.00275314867677031,0.00261395383475359,0.00250834050974428,0.00242408166174407,0.00235258603152919,0.00228848480471823,0.00222913182117035,0.00217397477074949,0.00212381947743612,0.00208006229001815,0.00204399130158055,0.00201625160319113,0.00199653935042815,0.00198354595347427,0.00197512948777767,0.00196865486634038,0.00196142279357977,0.00195110169437314,0.00193608548758004,0.00191572009456029,0.00189036858819498,0.00186131404487766,0.00183052578586905,0.00180033492369829,0.00177307642385334,0.00175075631454349,0.00173479489505752,0.00172588181919693,0.00172395968599982,0.00172833258050749,0.00173787812768607,0.00175132885601407,0.00176758308866741,0.00178600834637585,0.00180671146443243,0.00183076826985392,0.00186042953898032,0.0018993457400822,0.00195287643916986,0.00202856608916337,0.00213687054530173,0.00229220203025794,0.00251431830173087,0.00283000866832221,0.00327492068117399,0.00389522526385628,0.00474863951323282,0.00590413151093999,0.00743945402900197,0.00943555178726454,0.0119669449045841,0.015087516925028,0.0188118410595552,0.0230933414539849,0.0278021934233412,0.0327077367797345,0.03747189037023,0.0416609238888831,0.0447820638264116,0.0463478807889638,0.0459647168413609,0.0434320092112506,0.0388292248620985,0.0325600234813587,0.0253243322339788,0.0180029842190933,0.0114677075170332,0.00636557158933101,0.00295599517554008,0.00107792099642471,0.000277599179459374,4.13818678664419e-05,2.28448532874473e-06,1.12297224286161e-08,0
0,0.000130865533399227,0.000925371896706312,0.00371476069749997,0.00894094256189027,0.0157126235410153,0.0224871220107932,0.0278796746349787,0.0311027659044699,0.032015522442431,0.0309483365971483,0.02846683568645,0.0251741422273397,0.0215872520467535,0.0180838040054839,0.0148986898840743,0.0121478969320694,0.00986191892441771,0.00801777859611719,0.00656448028990401,0.00544064078835355,0.00458519512230639,0.0039429097678453,0.00346648231054779,0.00311668432152331,0.00286158268915169,0.00267549060218819,0.00253799914528913,0.00243322496683621,0.00234926657987763,0.0022777814795712,0.00221357144761178,0.00215408498860165,0.0020987980951324,0.00204849611780157,0.00200452923247923,0.00196813768886687,0.00193993722038218,0.00191962574706285,0.00190593100078975,0.00189677654736313,0.00188960978813115,0.00188181502750794,0.00187112919775588,0.00185598621474914,0.00183573518292407,0.00181070360451371,0.00178210472432994,0.00175181367356777,0.00172205646382395,0.00169506669567117,0.00167276619416458,0.00165651831587898,0.00164698832791278,0.00164412684748185,0.00164727304390924,0.00165535726551411,0.00166717064967847,0.00168166409535289,0.00169824183709,0.00171702587234966,0.00173908569092782,0.00176665104877835,0.00180335073507138,0.0018545432203955,0.00192782072566556,0.00203377094215951,0.00218706422280741,0.00240789216755023,0.00272370992626952,0.00317112413802726,0.00379761916970304,0.00466263068353734,0.0058372737879851,0.00740184776468397,0.00944013023822441,0.0120295285862092,0.0152264868597941,0.0190472686596236,0.0234454323815841,0.0282889722099802,0.0333420314309785,0.0382578733539517,0.0425907087824694,0.045833097293731,0.0474820270659795,0.0471299024697685,0.0445669780482959,0.0398712956669793,0.0334548032940105,0.0260353407285504,0.0185184803287761,0.011802155454372,0.00655448059114087,0.00304520900050155,0.00111099953576489,0.00028626348830365,4.26968421948245e-05,2.35856680258829e-06,1.16036201323315e-08,0
0,0.000111266018535129,0.000881937785157561,0.00361408204785266,0.0087371030291672,0.0153741841535153,0.0220119860663299,0.0272937350437242,0.0304488467571506,0.0313404448410923,0.030293030500552,0.0278611060527779,0.0246355356973192,0.0211225912681033,0.0176919424834708,0.0145734255950146,0.0118804441169313,0.00964271109458784,0.00783761363366457,0.00641513472218667,0.00531511194781103,0.00447771442605057,0.00384883594289203,0.00338214716085954,0.0030392336371044,0.00278883327946275,0.00260581031409992,0.00247020827269356,0.00236651311319828,0.00228311791268067,0.00221190293529323,0.00214782208278537,0.0020884089441324,0.00203316679420398,0.00198286604228036,0.00193881970592774,0.00190222941392544,0.00187368827622769,0.00185289861184827,0.00183862265398203,0.00182884396584548,0.00182108487428412,0.00181280565669375,0.00180180604065731,0.00178655772149989,0.00176641517712966,0.00174167705364008,0.00171349733338696,0.0016836700674603,0.00165433009936593,0.00162762259371365,0.00160539546337,0.00158896159404516,0.00157896397091692,0.00157535912692653,0.00157751583327033,0.0015844096461448,0.00159488239716751,0.00160793088524639,0.00162299197235188,0.00164020212534966,0.00166062726413187,0.0016864815767098,0.00172137867989521,0.00177068107824721,0.00184202936846194,0.00194613538561054,0.00209790724345885,0.0023179323507547,0.0026342703932245,0.00308439638810898,0.00371698175170398,0.00459301307721616,0.00578554036756862,0.00737715423532298,0.0094541763380102,0.0120965996262188,0.0153631498649284,0.0192715774457252,0.023775514138844,0.0287409313394387,0.03392722625828,0.0389797993111257,0.0434419403721669,0.0467929570122505,0.0485157898747385,0.0481903156232972,0.045598587091711,0.0408174722002251,0.0342665224530467,0.0266798577113031,0.0189854606656243,0.0121049515138778,0.00672542342345685,0.00312590083202798,0.00114090572430532,0.000294093821897553,4.38848129265013e-05,2.42546993042345e-06,1.19411693765128e-08,0
0,9.58294124182041e-05,0.000845321653593645,0.00352262473082703,0.00854567654281241,0.0150523618565373,0.021558121035282,0.0267332756704624,0.0298234093640142,0.030695256153065,0.0296674347344588,0.0272836105765414,0.0241228059043539,0.0206809884895021,0.0173202073281463,0.0142654911476707,0.0116278101095661,0.00943616830247728,0.00766833395005778,0.00627525177040531,0.00519794587868207,0.00437777872040808,0.0037617304819286,0.003304406802087,0.00296817267147225,0.00272240547343782,0.00254249091720234,0.00240889661737083,0.00230645063452011,0.00222381552183203,0.00215307306355566,0.00208931369141519,0.00203014727587746,0.00197510224970263,0.00192493722649334,0.0018809341725916,0.00184426260221659,0.00181549772671892,0.00179434784887311,0.00177960778891146,0.00176931626890572,0.0017610640454545,0.00175238083925801,0.00174112423324672,0.00172580166193548,0.00170577460473665,0.00168131825976278,0.00165353599490204,0.00162415159056719,0.00159522027417112,0.00156880955427143,0.0015467020794763,0.00153016579221807,0.00151982333662889,0.00151563563406774,0.00151699673316002,0.00152292137853696,0.00153229572325145,0.00154415708803205,0.00155797169266126,0.00157388997831167,0.00159297663381135,0.00161743481793034,0.00165086837153733,0.00169864807858744,0.00176846339829409,0.00187114388931384,0.00202181843282845,0.00224143848033687,0.00255861696886477,0.00301162127913666,0.0036502037737505,0.00453676101866626,0.00574609925729155,0.00736288520966149,0.00947574057150631,0.0121669886451555,0.0154974005624634,0.019486040212765,0.0240865596373749,0.0291630393653446,0.0344705094167165,0.0396471759515712,0.0442263694767259,0.0476753427319243,0.0494642891930278,0.0491617542033229,0.0465424234951317,0.0416822082916145,0.0350076876821385,0.0272678808715804,0.0194112073087193,0.0123808367807757,0.00688108486128858,0.00319934073336311,0.00116811089567579,0.000301213645111828,4.49645010406756e-05,2.48624695184982e-06,1.22476537594753e-08,0
0,8.36054065517703e-05,0.000814038803743049,0.00343878243816787,0.00836522364902136,0.0147459690209441,0.0211245123153718,0.0261973101845846,0.0292253693365636,0.0300787070429277,0.0290701298847056,0.0267327978136431,0.0236343272724836,0.0202608029052326,0.0169669910093124,0.0139733456810053,0.0113885388266527,0.00924092430300221,0.00750865824611965,0.00614362327797678,0.00508799142526868,0.0042842753746205,0.00368049998085779,0.00323216811149505,0.00290239099758233,0.00266115627430919,0.00248434483922936,0.00235282410068235,0.00225174157510875,0.00217000870329361,0.00209989133214768,0.00203660336729744,0.00197782316551657,0.00192310176331839,0.00187318764921718,0.00182933587684511,0.00179268843876558,0.00176380593363567,0.00174240349319083,0.00172730659302861,0.00171660483518627,0.00170795179113694,0.00169894099556189,0.00168748358048432,0.00167212082603553,0.00165222237997325,0.00162804432500735,0.0016006464758846,0.00157169124542737,0.00154316381579509,0.00151706302007418,0.00149511349938924,0.00147854295746491,0.00146795545222268,0.00146331518490543,0.00146403805388238,0.00146917314756984,0.0014776457809833,0.0014885294320372,0.00150131702700981,0.00151617259384119,0.00153416151712707,0.00155747964494443,0.00158972544200769,0.00163628138504431,0.00170488604904078,0.00180648117251299,0.00195640197657929,0.00217593709080477,0.00249420936899333,0.00295021430918161,0.00359469548618712,0.0044913401376728,0.00571655943556192,0.00735691381271898,0.0095031181262514,0.0122396095580906,0.0156290041028064,0.0196915321506571,0.0243808210955398,0.0295591729061036,0.0349775726593448,0.0402676009299904,0.0449534467658915,0.048491326593517,0.0503397932731055,0.0500570791245889,0.0474112132853168,0.0424773351614694,0.0356885605833042,0.0278076312729945,0.0198017208440662,0.0126337259437352,0.00702368615148118,0.00326658161117526,0.00119300660798344,0.000307725752985208,4.5951531730238e-05,2.54177868685997e-06,1.25275142429316e-08,0
0,7.387049702579e-05,0.000786965661829212,0.00336132847794266,0.00819460229065297,0.0144539859417645,0.0207101940747494,0.0256848281338177,0.0286536004760519,0.0294895336531108,0.0284997359989117,0.02620721864478,0.0231686352766491,0.0198606020969211,0.0166309279096357,0.0136957107837826,0.0111614467394643,0.00905588824128766,0.00735757924301445,0.00601931213391225,0.00498436590264982,0.00419635946098014,0.00360432064100302,0.00316461252366802,0.00284106068915591,0.00260423566129303,0.00243048967854388,0.00230106865741227,0.0022014203074091,0.00212068778370586,0.00205130652819481,0.00198860300353293,0.00193031729972638,0.00187602045993165,0.00182645164218249,0.00178284181333283,0.00174630870589457,0.00171740057726634,0.0016958397284002,0.00168048039839599,0.00166945927369424,0.00166048785758113,0.00165121861238272,0.00163961243787725,0.00162424269400134,0.00160448799437392,0.00158058876501959,0.00155356703274135,0.0015250311822598,0.0014969042895244,0.00147112400243939,0.00144936304824144,0.00143281289229011,0.0014220605734988,0.00141707276862093,0.00141728449181095,0.00142177525172633,0.00142950531950623,0.00143958075736233,0.0014515190166588,0.00146549737714032,0.00148258347201691,0.00150496884475873,0.0015362501182609,0.00158182413121165,0.00164947855477529,0.00175026237598776,0.00189970469716842,0.00211940831463029,0.00243896898998569,0.00289805552999592,0.00354832619470734,0.00445465715838426,0.00569493549538707,0.00735745984593423,0.00953486191524739,0.0123135084061352,0.0157576896612539,0.0198886780209189,0.0246600391784881,0.0299323941169119,0.0354529601940065,0.0408471803701331,0.0456308032167551,0.0492498810624179,0.0511522730846842,0.0508867691905611,0.0482153481848632,0.0432125330695442,0.036317552581965,0.0283058593705574,0.0201619366268048,0.0128668439615862,0.00715506012047692,0.00332849366986866,0.00121591702242777,0.000313715400817248,4.68588902609825e-05,2.59279891252949e-06,1.27844629602125e-08,0
0,6.60718285302869e-05,0.000763247381067622,0.00328931605451591,0.00803288882692047,0.0141755181979345,0.0203142428325999,0.0251948132910111,0.0281069621752572,0.028926479922927,0.0279549203208391,0.0257055151144783,0.0227243962949115,0.0194791154890596,0.0163108351914788,0.0134315027061275,0.0109455498245945,0.00888016889342925,0.0072142868663285,0.00590157524937381,0.00488637807384935,0.0041133764831787,0.00353256022018172,0.00310111656147658,0.00278355482348467,0.00255100262181777,0.0023802615919613,0.00225293713271625,0.00215476041811826,0.00207509173795585,0.00200652399859727,0.00194448706406457,0.00188677697952111,0.00183298235985073,0.00178383333585955,0.00174053875190617,0.00170419442619436,0.00167533784153817,0.00165369847580032,0.00163815751851534,0.00162689536445143,0.00161767717690845,0.00160821007597039,0.00159650138618663,0.00158115489671836,0.00156155869445732,0.0015379403043767,0.00151128867982417,0.00148316424336302,0.00145543456897898,0.00142998238431367,0.00140843363195981,0.00139194694412476,0.00138109373005539,0.00137584255809042,0.00137564536096878,0.0013796088661781,0.00138672484488546,0.00139612899028914,0.00140736145662887,0.00142061246096613,0.00143695311091138,0.00145857304654431,0.00148906984903218,0.00153385674496495,0.00160077021199521,0.00170096199216172,0.00185014413871662,0.00207021365403964,0.00239120725444727,0.00285341983782836,0.00350935849796492,0.00442500087015911,0.00567959906773063,0.00736305643229173,0.00956977031336687,0.0123878790897153,0.0158832018755202,0.0200779473479756,0.0249255896092989,0.0302851550059555,0.0359003343915878,0.0413908557466909,0.0462646328666603,0.0499583064102653,0.0519098575393025,0.0516593822600034,0.0489633282931425,0.0438957316531321,0.0369015633466121,0.0287681096128351,0.0204959134288434,0.0130828463237283,0.00727671785111017,0.00338579527837168,0.0012371101007993,0.000319253165863872,4.76973438935515e-05,2.63991727554067e-06,1.30215926861963e-08,0
0,5.97854213402476e-05,0.000742230000404889,0.00322200632612431,0.00787932276013309,0.0139097691678052,0.0199357771721348,0.0247262617854721,0.0275843243106604,0.0283883189286029,0.0274344082337396,0.0252264179044598,0.0223003915467928,0.0191152065689692,0.0160056759540958,0.0131797891856837,0.01074001641129,0.00871302530316015,0.00707811782264942,0.00578981267193516,0.00479347695642089,0.00403481070836683,0.00346472551932584,0.00304119801068048,0.00272939188158431,0.00250096740994088,0.0023331552161128,0.00220790289448379,0.00211121027610579,0.00203264218201792,0.0019649386713581,0.00190362528003292,0.00184654909286885,0.00179331411799568,0.00174464151144727,0.00170171940320349,0.00166562341945069,0.00163688135245658,0.00161522965525835,0.00159957475688521,0.00158813774858283,0.00157873369412795,0.00156912061494312,0.00155734928557745,0.00154205237953727,0.00152262774015385,0.00149929218537401,0.0014730054624421,0.00144528506544493,0.00141794858398638,0.00139282908788534,0.00137151006953213,0.00135512023464301,0.00134421658976708,0.00133876917033048,0.00133824504612773,0.0013417755286123,0.00134838102297756,0.00135722438613262,0.00136786692936012,0.00138051149533334,0.00139623361305844,0.00141722291538462,0.00144708012936687,0.00149123635264383,0.00155757633401286,0.00165735039930274,0.00180644382365883,0.00202703028741383,0.0023495595691181,0.00281491156668888,0.00347638500554071,0.00440098309866236,0.00566922694592535,0.00737250907856786,0.00960686188955503,0.0124620594247863,0.016005324639636,0.020259712775891,0.0251785827522851,0.0306194439370008,0.0363226729180636,0.0419026522613103,0.0468599889136031,0.0506225661676104,0.0526191949532055,0.0523819251435193,0.0496621203234371,0.0445334365023084,0.037446258896631,0.0291989393983333,0.0208069905812117,0.0132839198758288,0.00738990494464723,0.00343907918646564,0.0012568071810809,0.000324397412636774,4.84758084097765e-05,2.68363940129082e-06,1.3241474349692e-08,0
0,5.46849794848704e-05,0.000723410372573167,0.00315881592094691,0.00773326682905304,0.0136560202014621,0.0195739569092762,0.0242781935043126,0.0270845824070024,0.0278738646243963,0.0269369870525676,0.0247687403802395,0.0218955016786923,0.0187678495273478,0.0157145299328103,0.0129397561755279,0.0105441315806035,0.0085538300487302,0.00694851848041428,0.00568353043404649,0.00470521468254202,0.00396024786007873,0.00340042458765097,0.00298447724827107,0.0026781958094107,0.00245375001137303,0.00228878032366621,0.0021655606253051,0.00207034607830821,0.001992894950057,0.00192608555616187,0.00186553251825448,0.00180912978247874,0.00175649485720225,0.00170833987065334,0.0016658332941739,0.00163003186411287,0.00160145444084433,0.00157984412768253,0.00156413099635553,0.00155257413930516,0.0015430351924011,0.00153331975183482,0.00152151937872362,0.00150629418402517,0.00148705188003057,0.00146400032544863,0.0014380732480649,0.00141074941275784,0.00138380105993874,0.00135901604614196,0.0013379390951322,0.00132167147742723,0.00131075687913051,0.00130516649337388,0.00130438106810255,0.00130755430932341,0.00131373285591351,0.00132210464403255,0.00133225081067353,0.00134438650659067,0.00135959239605741,0.00138005958447613,0.00140939362815112,0.00145304452940349,0.00151894456180293,0.00161843871077115,0.00176757670256455,0.00198879332518079,0.00231292681050637,0.00278140593637562,0.00344827089560458,0.00438148405147008,0.00566275154733118,0.00738485433645657,0.00964534617413669,0.0125355187431351,0.0161238909683512,0.0204342880599947,0.0254199355616939,0.0309368966584411,0.0367224224031666,0.0423858761843145,0.0474210223182472,0.0512475604567152,0.0532857502880781,0.0530601601792825,0.0503174565817278,0.0451310034306147,0.0379563065285537,0.0296021050511043,0.0210979221516133,0.0134718693562439,0.00749565005867685,0.00348883526110176,0.00127519132777043,0.000329196455574508,4.9201671821349e-05,2.7243848010903e-06,1.34462449087143e-08,0
0,5.05185056811013e-05,0.000706399038558346,0.00309927841574285,0.00759417791345811,0.0134136160091136,0.0192279817568526,0.0238496588998475,0.026606666482071,0.0273819777455725,0.0264615060132131,0.0243313716482318,0.0215086932968745,0.0184361104719145,0.0154365708694245,0.0127106827676557,0.0103572707714524,0.00840204232865686,0.00682501790973826,0.0055823137464159,0.00462121983183707,0.00388934842388309,0.00333933973725881,0.00293064965387804,0.00262966751042641,0.00240905044039301,0.00224683072567313,0.00212559374045758,0.00203183781896334,0.00195550477117578,0.00188960337890103,0.00182983167532327,0.00177412690559143,0.00172211846375549,0.00167450937533545,0.00163244929007512,0.00159697707623619,0.00156860320539409,0.00154707704215425,0.00153135082228518,0.00151971921958829,0.00151008747823688,0.00150030580447679,0.00148850414758752,0.00147336870039898,0.00145431702892173,0.00143154942718697,0.0014059762441356,0.00137904104092768,0.0013524746280487,0.00132802342659066,0.00130719653774316,0.00129106994309619,0.00128017496359792,0.00127448372372881,0.00127348944193809,0.00127636638080805,0.00128218538145191,0.00129015767795837,0.0012998830699252,0.00131158868973265,0.00132636085878508,0.00134639329499901,0.0013752976564853,0.00141854351735465,0.00148410975629649,0.00158343229276677,0.00173271731083997,0.00195464672894341,0.00228042530094621,0.00275199862581706,0.00342410395975155,0.00436560414090767,0.00565931635528634,0.0073993213331925,0.00968459444175155,0.0126078417948414,0.0162387845083614,0.0206019520878554,0.0256504230535472,0.0312388796587564,0.0371016168945228,0.0428432695971224,0.0479511712110458,0.0518373450314261,0.0539140451866473,0.0536988544191122,0.0509340793579182,0.0456928638098342,0.0384355687263146,0.029980715996516,0.0213709886420719,0.0136481897257563,0.00759480563925738,0.00353546964382128,0.00129241439747287,0.00033369039726095,4.98810709135759e-05,2.76250226452406e-06,1.36376835471233e-08,0
0,4.70907056532606e-05,0.000690892607872339,0.00304301600785693,0.0074615858955576,0.0131819541804409,0.0188970903684194,0.0234397436786636,0.0261495469457961,0.0269115694109161,0.0260068755691749,0.0239132709372034,0.0211390088117214,0.0181191336389644,0.0151710501521803,0.0124919232407283,0.0101788810129657,0.00825718891570092,0.0067072088677829,0.00548580813366302,0.00454117868899521,0.00382182889349938,0.00328120857632445,0.00287946619313623,0.00258356473646354,0.00236662771833283,0.00220706216813742,0.00208775110701034,0.00199542482439607,0.00192019970240314,0.00185520806952553,0.00179622642306439,0.00174123225230947,0.00168986547587092,0.00164281996443512,0.00160122725052276,0.00156610917036783,0.00153796820986196,0.00151655958107904,0.00150085632169744,0.00148918650680876,0.00147949633474698,0.00146967796333407,0.00145789755857092,0.00144286612474395,0.00142401097238102,0.00140152594651371,0.00137630022005677,0.00134974513175327,0.00132355340031009,0.0012994332455541,0.00127886085285922,0.00126288877492778,0.00125203681262029,0.00124627785522473,0.00124511658056009,0.00124774624825624,0.00125326016385381,0.00126089131960387,0.0012702571480806,0.00128159642794539,0.00129600150339486,0.00131566956973309,0.00134421932765867,0.00138714029529241,0.00145245690013289,0.00155169243777728,0.00170120219874599,0.00192390256605477,0.0022513450876647,0.00272596346882812,0.00340315237152226,0.00435262282632105,0.00565823726653307,0.00741529756631734,0.00972411246589935,0.0126787115612516,0.0163499360383757,0.0207629630652915,0.0258707142552498,0.0315265515984533,0.037461967558137,0.0432771295535601,0.0484533084576953,0.0523953034321306,0.0545078479508095,0.0543019779965777,0.0515159364506535,0.0462227056471132,0.0388872596115546,0.0303373596157637,0.0216280877618552,0.0138141251466626,0.00768808124531889,0.00357932047654261,0.00130860285883238,0.000337912648117479,5.05191208027051e-05,2.79828269909177e-06,1.38172756711216e-08,0
0,4.42497035177628e-05,0.000676653132637129,0.00298971857520342,0.00733507815046551,0.0129604774452502,0.0185805593360703,0.0230475716022677,0.0257122379921707,0.0264616026604356,0.0255720657506092,0.0235134624568102,0.0207855581522295,0.0178161306597903,0.0149172844091386,0.0122828936739417,0.0100084670947442,0.00811885024317995,0.00659473399856061,0.00539370581131506,0.0044648217597472,0.00375744831516967,0.00322581042430227,0.00283071952093692,0.00253968769069887,0.00232628480164441,0.00216927644338063,0.00205183024700678,0.00196089801911339,0.00188676249445162,0.001822673321588,0.00176448109507518,0.00171020090782553,0.00165948206304281,0.00161300926793697,0.0015718965636327,0.0015371494681107,0.00150926279593047,0.00148799719313089,0.00147234524849532,0.00146066646717213,0.00145094561164731,0.00144111439340544,0.00142937321922361,0.00141445671376643,0.00139580175523387,0.00137359663549995,0.00134871120301578,0.00132252711527363,0.00129670186487933,0.00127290826051499,0.00125259191767287,0.00123678358268716,0.00122599228634972,0.00122019155927314,0.00121889668200589,0.0012213185734737,0.00122657150091169,0.00123390886884526,0.00124296482045951,0.00125398943814525,0.00126808132882513,0.00128744180890322,0.00131569729649834,0.00135835739162971,0.00142349091097792,0.00152270511624179,0.00167249759240078,0.00189600761403157,0.00222511562670947,0.00270271750413989,0.00338482959760126,0.00434196415623496,0.00565896987961987,0.0074322994668727,0.00976351635095806,0.0127478928337777,0.016457317717819,0.0209175666813215,0.026081397627598,0.0318009090754699,0.0378049311566561,0.0436894003847917,0.0489298571086236,0.0529242826727166,0.0550703241543713,0.0548728621545575,0.0520663375786296,0.0467236189720634,0.0393140709769332,0.030674202137109,0.0218708079926922,0.0139707169158674,0.00777607070682475,0.00362067075313672,0.00132386256237447,0.000341891175690671,5.11201042866084e-05,2.83196976396718e-06,1.39862662118655e-08,0
0,4.18769782716221e-05,0.000663492643763348,0.00293912810561783,0.00721428802868558,0.0127486677571773,0.0182777019634214,0.0226723057396108,0.0252937990237403,0.0260310923719406,0.0251561037306741,0.0231310304850156,0.02044751170495,0.0175263718920114,0.0146746458009585,0.012083061692076,0.00984558113087263,0.00798665002391438,0.00648727562641185,0.00530573567967037,0.0043919139207623,0.00369599849998127,0.00317295646126771,0.00278423392514159,0.00249786861885481,0.00228785768225247,0.00213330988290537,0.00201766514052897,0.00192808700084628,0.00185501694843559,0.00179181628412709,0.0017344057992903,0.00168083588677049,0.00163076428211593,0.00158486657043804,0.00154423988178723,0.00150987404918772,0.00148225647556856,0.00146115284308736,0.00144557414487268,0.00143390952698792,0.00142418015241632,0.00141435511133599,0.00140266724470699,0.0013878736802782,0.00136942063971895,0.00134749158442106,0.00132293860761919,0.0012971158698617,0.00127164811814966,0.00124817517645025,0.00122811413919722,0.00121247537146225,0.0012017578023438,0.00119593551127465,0.00119453364710111,0.00119677962802022,0.00120180736967784,0.00120888949987371,0.00121767603742336,0.00122842802111249,0.00124225046030758,0.00126134925948726,0.00128935901728827,0.00133180936958084,0.00139681228843618,0.00149605572671603,0.00164617321296508,0.00187051626252466,0.00220127786044424,0.00268179243890687,0.00336866562229438,0.0043331683470343,0.00566108229735014,0.0074499476279379,0.00980251176671931,0.0128152174304855,0.0165609366309912,0.0210660006016019,0.026282999225863,0.0320628209913637,0.0381317626058469,0.0440817454425173,0.0493828808943836,0.0534267002653461,0.0556041560259168,0.0554143250148807,0.052588079297922,0.0471982123073916,0.0397182735342748,0.0309930698960715,0.0221004879849915,0.0141188422572101,0.0078592741549544,0.00365975876870787,0.00133828262806467,0.000345649525461044,5.16876270055111e-05,2.86376861332105e-06,1.41457036602799e-08,0
0,3.98797154852086e-05,0.000651261514918231,0.00289102706386015,0.00709888623786515,0.012546041702786,0.017987866924454,0.0223131487200674,0.0248933348484865,0.0256191042575559,0.0247580710995789,0.0227651149023918,0.0201240943984622,0.0172491794698826,0.0144425544519455,0.011891938621936,0.00968981468981769,0.00786024750524744,0.00638454820475882,0.00522165596959323,0.00432224721780534,0.0036372968965359,0.00312248257601817,0.00273985803948511,0.00245796427322919,0.00225120749441066,0.00209902501308395,0.00198511735956274,0.00189685061282278,0.00182481792149267,0.00176248702858623,0.00170584539974709,0.0016529766976381,0.00160354629424518,0.00155822074259987,0.00151808081586197,0.00148410124200721,0.00145676223962991,0.00143583415343951,0.00142034532988273,0.00140871292580293,0.00139899253592339,0.00138918864598088,0.0013775648720421,0.0013628997961377,0.00134464872732808,0.00132299088278699,0.0012987619422607,0.00127329046332635,0.0012481706127002,0.00122501135709378,0.00120520307320768,0.0011897370054336,0.00117910257954597,0.00117327435357494,0.00117178670758556,0.00117388254244618,0.00117871426275167,0.00118557265867004,0.00119412286187624,0.00120463651805287,0.00121822509959891,0.00123709942558444,0.00126490257078305,0.00130718401836509,0.00137209761258002,0.00147140884918551,0.00162188124996802,0.00184706870834789,0.00217946169693728,0.00266281156691508,0.00335428358820812,0.00432586860230541,0.00566423280068813,0.00746794627513351,0.00984087646142956,0.0128805713189434,0.0166608283901115,0.0212084966539913,0.0264759956617537,0.0323130543554535,0.0384435552622225,0.0444556027359115,0.0498141549435384,0.0539046283226417,0.0561116366714069,0.0559287711971908,0.0530835442483388,0.0476487054536804,0.0401017977690506,0.0312955143741993,0.0223182641983322,0.0142592454997331,0.00793811576388391,0.00369678655180517,0.00135193858895167,0.00034920764813245,5.22247434960455e-05,2.8938530202372e-06,1.4296476091822e-08,0
0,3.81849761069716e-05,0.000639839674783341,0.00284522965545553,0.00698857433211125,0.0123521468624557,0.0177104368444549,0.0219693422988845,0.0245099950582064,0.0252247532885757,0.0243771010302191,0.0224149071473663,0.0198145806986471,0.0169839216596293,0.0142204724680365,0.0117090734138765,0.00954079278502076,0.00773933162291394,0.00628629266815572,0.00514124878230789,0.00425563555031673,0.00358118135535579,0.00307424413151662,0.00269745952384539,0.00241985041965998,0.00221621476378571,0.00206630447133394,0.00195406959214709,0.00186707003839155,0.00179604397941246,0.00173456077164987,0.00167867134193786,0.00162649081531969,0.00157769153282327,0.00153293114865661,0.00149327461781034,0.00145968210691636,0.00143262685924048,0.00141188353689361,0.00139649687572156,0.00138491055232659,0.00137521279304529,0.0013654416620431,0.00135389002060736,0.00133935691971781,0.00132130647957494,0.00129991415186041,0.00127600036054182,0.00125086971696635,0.00122608771381666,0.00120323434111902,0.0011836748574313,0.00116838250943316,0.00115783775792056,0.0011520155853266,0.00115045904402071,0.00115242561758429,0.00115708516601981,0.00116374568654661,0.0011720867214603,0.00118239017418506,0.00119577397886969,0.00121445408466384,0.00124208220649313,0.0012842273775005,0.00134908400199836,0.0014484920911685,0.00159933956282759,0.00182537350753053,0.00215936795475565,0.00264547121988618,0.00334138096920458,0.00431977235872983,0.0056681516931425,0.00748606644720009,0.00987844575986305,0.0129438836723441,0.0167570512369299,0.0213452816555615,0.0266608234184903,0.0325522937598282,0.038741271903171,0.0448122281541694,0.0502252210874993,0.0543598596470318,0.0565947443942869,0.0564182706373359,0.0535547798833919,0.0480770032639596,0.0404662983636827,0.03158286412123,0.0225251090038324,0.0143925630577908,0.0080129579902351,0.00373192664387161,0.00136489492317747,0.000352582567233956,5.27340591292695e-05,2.92237115228947e-06,1.44393404756288e-08,0
0,3.67352367796975e-05,0.000629129945485087,0.0028015752272857,0.00688307973393951,0.0121665588476192,0.0174448268123955,0.0216401664274948,0.0241429728353565,0.0248472017410485,0.0240123754048755,0.0220796465125042,0.019518290290768,0.0167300081756157,0.0140078991082978,0.0115340478358639,0.00939816919938614,0.00762361651066555,0.00619227213932363,0.00506431597479438,0.00419191069440409,0.00352750623451076,0.0030281120895981,0.00265692114008183,0.00238341779565831,0.00218277518164573,0.00203504653666985,0.00192442088055377,0.0018386437132678,0.00176859196741546,0.00170793210736164,0.00165277556466698,0.00160126730143899,0.00155308606504293,0.00150888078028443,0.00146970111254003,0.00143649318521491,0.00140972346559823,0.00138917061770298,0.00137389488150093,0.00136236508433488,0.00135270043066602,0.0013429708904383,0.00133149715401401,0.00131709781473006,0.00129924551626165,0.00127811233862819,0.00125450445823035,0.0012297040020876,0.00120524948101107,0.00118269358394132,0.00116337788093707,0.00114825862830707,0.00113780780868137,0.00113200078623965,0.00113038879004631,0.00113224308210119,0.00113675004826431,0.00114323402540744,0.00115138831567506,0.00116150473365745,0.00117470762611031,0.00119321820046623,0.00122069687313148,0.00126273184834631,0.00132755676615605,0.0014270832420528,0.0015783183079884,0.00180519366728706,0.00214075394827421,0.00262952593050126,0.00332971447512885,0.00431464620395268,0.00567262664135941,0.00750413233782126,0.00991510067973682,0.0130051177424055,0.0168496808541455,0.0214765775029534,0.0268378856330019,0.0327811562016241,0.0390257686852524,0.045152729179543,0.0506174312367615,0.0547939597730736,0.0570552014018623,0.0568846210068539,0.0540035609569082,0.0484847543112456,0.0408132055192579,0.0318562661859186,0.0227218611349574,0.0145193434248275,0.00808411298708858,0.00376532754162458,0.00137720708975461,0.000355788916765615,5.32178123556424e-05,2.94945024156327e-06,1.45749464456749e-08,0
0,3.54849685888463e-05,0.000619052973835809,0.00275992325227935,0.00678215188204943,0.0119888788347772,0.0171904828579158,0.0213249379974155,0.0237915033977136,0.0244856570326883,0.0236631219856874,0.0217586167578529,0.0192345843215175,0.0164868862444581,0.013804366832684,0.0113664726194755,0.00926162279706137,0.00751283800558416,0.00610226862542933,0.00499067602306309,0.00413091929499058,0.00347613947376378,0.00298397011529792,0.00261813783250646,0.0023485691129215,0.00215079647740738,0.00200516182491263,0.00189608309942438,0.00181148355755834,0.00174237298000813,0.0016825107123303,0.00162806595011085,0.00157721201721142,0.00152963358942756,0.00148597106036778,0.00144725932626771,0.0014144309661656,0.00138794586607327,0.00136758640548807,0.00135242751387119,0.00134096190759023,0.00133133824391466,0.00132165685238827,0.00131026493696213,0.00129599976105772,0.00127834219922849,0.00125746128650115,0.00123414983782928,0.00120966879684034,0.00118553120664349,0.00116326395949551,0.00114418622400946,0.00112923817580359,0.00111888376180234,0.00111309869359372,0.00111144193308091,0.00111319779555615,0.00111756834987118,0.00112389347911907,0.0011318796388809,0.00114182821281991,0.00115486987459607,0.00117323114991663,0.00120058113851056,0.00124252677711796,0.00130733961830806,0.00140700008344057,0.0015586293214191,0.00178633559165743,0.0021234220157694,0.00261477660594517,0.00331908799637771,0.00431030380257049,0.0056774909024031,0.00752201027844495,0.00995075827994244,0.0130642633502048,0.0169388059376688,0.0216026008943774,0.0270075570981091,0.0330002024495331,0.0392978137637128,0.0454780912734067,0.0509919814847749,0.0552083080199341,0.0574945202341511,0.0573293971837599,0.0544314391380493,0.0488733975473204,0.0411437658330166,0.0321167191614538,0.0229092500074463,0.0146400631622328,0.00815185174331288,0.00379711806044737,0.00138892316291508,0.000358839373443023,5.36779409317471e-05,2.97520035230886e-06,1.47038555298648e-08,0
0,3.43980044755658e-05,0.000609543359959565,0.00272014949391076,0.00668555921280886,0.0118187314727089,0.0169468804232888,0.0210230093830726,0.0234548622313737,0.0241393694700397,0.0233286116823104,0.0214511430173222,0.0189628621035897,0.0162540372591111,0.0136094380234451,0.0112059843256648,0.00913085457303435,0.00740675089105615,0.00601608044237701,0.00492016160131364,0.00407252056452164,0.00342696037252127,0.00294171239133561,0.00258101453548889,0.00231521681521604,0.00212019608578959,0.00197657082752407,0.00186897833411125,0.00178551216902519,0.00171730935394814,0.00165821813320874,0.00160446290976606,0.00155424401859365,0.00150725165448087,0.00146411789987869,0.00142586339454194,0.00139340765633688,0.00136720418268955,0.00134703880962254,0.00133200040468978,0.00132060440624964,0.00131102751168445,0.00130139897530318,0.00129009128869625,0.00127595956330974,0.00125849261178505,0.0012378566975524,0.00121483205992804,0.00119065962622628,0.00116682833705229,0.00114484064844335,0.00112599449421581,0.00111121479600949,0.00110095786920283,0.00109519974446647,0.00109350671541863,0.00109517549165875,0.00109942305512233,0.00110560410458063,0.00111343768136499,0.00112323440215691,0.00113613115432029,0.00115435978888298,0.00118159800979048,0.0012234710053423,0.00128828692901606,0.00138809231891915,0.00154011770322062,0.00176864031207286,0.00210721040912065,0.00260106112415959,0.00330934300338613,0.00430659626256004,0.00568261390764037,0.00753959989702547,0.00998536387575555,0.0131213307735341,0.0170245245020135,0.0217235629042794,0.0271701880101233,0.0332099458345908,0.0395581018446887,0.0457891986126078,0.051349939005555,0.0556041299540092,0.0579140405537712,0.0577539905204546,0.0548397824527664,0.0492441994440306,0.0414590748779215,0.032365099553492,0.0230879151466561,0.0147551396855553,0.00821641140017617,0.00382741083141221,0.00140008514345561,0.000361745003942383,5.41161351971476e-05,2.99971741691003e-06,1.48265566809062e-08,0
0,3.34455074246058e-05,0.000600546689017053,0.00268214305294199,0.00659308676285355,0.0116557630736997,0.0167135228508426,0.0207337668688149,0.0231323632112249,0.0238076299788505,0.0230081559406527,0.0211565889659851,0.0187025581988249,0.016030973897162,0.0134227022243622,0.011052242755255,0.00900558525492194,0.00730512668721627,0.00593352017592124,0.00485261768628844,0.0040165844979396,0.0033798578804249,0.00290124194865769,0.00254546450864025,0.00228328138393228,0.00209089939018443,0.00194920206288519,0.00184303691388994,0.00176066071770588,0.00169333241052766,0.00163498537030646,0.00158189681000333,0.00153229282976198,0.00148586878916967,0.00144324869522905,0.00140543943539321,0.00137334793577717,0.0013474214970639,0.00132744917812618,0.00131253308974096,0.00130121030907068,0.00129168426039616,0.0012821117865396,0.00127088952082062,0.00125688964706922,0.0012396086264372,0.00121921018175447,0.00119646267954306,0.00117258808577316,0.00114905247816293,0.00112733511511503,0.00110871375992725,0.00109409883604065,0.00108393939823649,0.00107821177230645,0.00107648921811271,0.00107808023637558,0.00108221601421845,0.00108826538957646,0.00109595945605258,0.00110561773455846,0.00111838319269373,0.00113649297308689,0.00116363325860659,0.00120544697957944,0.00127027759844163,0.00137023518700944,0.00152265515339319,0.00175197653782386,0.00209198606811536,0.00258824686804337,0.00330035091566906,0.00430340446718439,0.00568789375446582,0.00755682705163561,0.0100188847955822,0.0131763458154274,0.0171069408540122,0.0218396685410818,0.0273261068331443,0.0334108591191818,0.039807265638216,0.0460868504722794,0.0516922633581938,0.0559825231500861,0.0583149583858872,0.0581596400940073,0.0552298067085894,0.049598283616733,0.0417601032133828,0.032602182851547,0.0232584217266232,0.0148649415008238,0.00827800111413519,0.00385630510603214,0.0014107300115092,0.000364515543967258,5.45338809414591e-05,3.02308568215375e-06,1.49434788158165e-08,0
0,3.26043976553447e-05,0.000592017246361932,0.00264580407692409,0.00650453423832124,0.0114996400258381,0.0164899399023658,0.0204566290221074,0.0228233566790191,0.0234897678673229,0.022701104266185,0.0208743542213954,0.01845313981621,0.0158172376103477,0.0132437737840972,0.0109049287774591,0.0088855533233249,0.00720775185249244,0.00585441304291457,0.00478790005078264,0.00396299046837578,0.00333472926454096,0.00286246937495889,0.00251140805757898,0.00225269004337871,0.00206283838642509,0.00192299067463617,0.00181819592391622,0.00173686735450089,0.00167038074874888,0.00161275104879403,0.00156030602000393,0.00151129637070135,0.00146542231569534,0.00142330003266521,0.00138592315139342,0.00135418646276314,0.00132853126196721,0.00130874961993881,0.00129395624631915,0.00128270884843019,0.00127323635257702,0.00126372194161356,0.00125258531657301,0.00123871500096052,0.00122161482047201,0.0012014461544515,0.00117896613034557,0.00115537871313667,0.00113212825060378,0.00111067193812614,0.00109226834509331,0.00107781409147906,0.00106775131348372,0.00106205661124636,0.0010603098754662,0.00106183084234049,0.001065864249515,0.0010717924444674,0.00107935807013274,0.00108888923106459,0.00110153482710199,0.00111953722767954,0.00114659093482275,0.00118835609357145,0.00125321020912529,0.00135332440679825,0.00150613469566735,0.00173623515101966,0.00207763889302935,0.00257622480339997,0.00329200704367851,0.00430063298144552,0.00569325123289724,0.00757363820064018,0.0100513053974348,0.0132293458557409,0.0171861631525554,0.021951116357256,0.0274756225377253,0.0336033799244848,0.0400458849411822,0.0463717742458195,0.0520198234435463,0.056344477719498,0.0586983494420495,0.0585474576560437,0.0556026006046176,0.049936654513355,0.0420477172008403,0.0328286604040127,0.023421273023441,0.0149697964140751,0.00833680676222984,0.00388388900902362,0.0014208905728054,0.000367159622770373,5.4932493927278e-05,3.04537968173552e-06,1.50550009445159e-08,0
0,3.18561315251707e-05,0.000583916251644833,0.00261104197000969,0.00641971443800509,0.0113500473816422,0.0162756863234387,0.0201910450577265,0.0225272275283446,0.023185148655601,0.0224068418884218,0.0206038719562925,0.0182141044758928,0.015612396415915,0.0130722898199722,0.0107637424839775,0.00877051335382443,0.0071144262977567,0.00577859555427662,0.00472587404859778,0.00391162610637039,0.00329147905572379,0.00282531180237058,0.00247877153867714,0.00222337575991077,0.00203595065525313,0.00189787735827033,0.00179439806901748,0.00171407599817957,0.00164839894520055,0.00159146002517724,0.00153963542254036,0.0014911993732911,0.001445856674036,0.00140421592532535,0.001367257983204,0.00133586594723988,0.00131047529754602,0.0012908809267941,0.00127620954429949,0.0012650385454402,0.00125562121253005,0.00124616589854085,0.00123511436308333,0.00122137077636559,0.00120444605191282,0.00118449939549544,0.00116227727116047,0.00113896652277438,0.00111599080980422,0.00109478630983316,0.0010765932993165,0.00106229523658652,0.0010523276559447,0.00104666741345367,0.00104490072086765,0.00104635803512664,0.00105029703587066,0.00105611299159854,0.00106355961915922,0.00107297329503738,0.001085508693322,0.00110341332207542,0.00113038981750736,0.00117211500271461,0.00123699918969064,0.00133727217654724,0.00149046649911111,0.00172132484524999,0.00206407720511979,0.00256490478289304,0.0032842257823362,0.00429820521488132,0.00569862508110931,0.00758999592871553,0.0100826231066867,0.0132803767109665,0.0172623014685667,0.0220580981434118,0.0276190263926114,0.0337879150697465,0.0402744939000452,0.0466446358594231,0.0523334110737327,0.0566908927455528,0.0590651878031518,0.0589184476282071,0.0559591458654256,0.0502602164185818,0.0423226957112768,0.03304515296982,0.0235769204213515,0.0150699981311648,0.00839299472698963,0.00391024135145848,0.00143059614022788,0.0003696849441072,5.53131477369133e-05,3.06666582893773e-06,1.51614603601098e-08,0
0,3.11857507116513e-05,0.000576210488294426,0.00257777398230137,0.00633845194748587,0.0112066875903134,0.016070340461538,0.01993649322381,0.022243393329283,0.022893171991706,0.0221247875669137,0.0203446067018805,0.0179849778998093,0.0154160429361449,0.012907908438805,0.0106284015995857,0.0086602346088407,0.00702496214062456,0.00570591440765512,0.00466641361970639,0.00386238639199272,0.003250018203532,0.00278969210282075,0.00244748657436028,0.00219527645839234,0.00201017856276983,0.00187380753002119,0.00177159079729409,0.00169223540221385,0.00162733655535347,0.00157106231732251,0.00151983527001517,0.00147195216319468,0.00142712213127322,0.00138594645242565,0.00134939368113521,0.0013183356569737,0.00129320223402893,0.00127379095454432,0.00125923996877374,0.00124814547769838,0.0012387840443819,0.00122938809269734,0.00121842049050782,0.00120480039856885,0.00118804554984438,0.00116831312448667,0.00114633944967946,0.00112329505901568,0.00110058388646799,0.00107962205960745,0.00106163239717961,0.00104748579152884,0.00103761146943644,0.00103198652621878,0.00103020320697703,0.00103160221020419,0.00103545358937392,0.00104116498184167,0.00104850072795894,0.00105780517376932,0.001070238603194,0.00108805355744829,0.0011149606040527,0.0011566527046995,0.00122157177559449,0.00132200400307031,0.00147557456655448,0.00170716866820377,0.00205122414711248,0.00255421182151266,0.00327693679814111,0.00429605958382871,0.00570396822143339,0.00760587539869097,0.0101128452768453,0.0133294901525569,0.017335466264086,0.0221607987164524,0.0277565934343828,0.033964844085286,0.0404935868700899,0.0469060481623504,0.0526337518974925,0.0570225895132854,0.0594163609579472,0.0592735231987342,0.0563003334519912,0.0505697887587817,0.0425857435842549,0.0332522216386113,0.0237257714785904,0.0151658115798064,0.00844671494978454,0.00393543309411062,0.00143987308415052,0.000372098432431336,5.56768962849549e-05,3.08700370528974e-06,1.52631592738467e-08,0
0,3.05811396880367e-05,0.000568871235249517,0.00254592408860021,0.0062605820428656,0.0110692793493665,0.0158735029435889,0.019692479230569,0.0219713025140025,0.0226132696653354,0.0218543915354249,0.0200960523230738,0.0177653120971584,0.0152277926444007,0.0127503071666354,0.0104986400973884,0.00855449982600339,0.00693918264641008,0.0056362255568753,0.00460940046352153,0.00381517290836427,0.00321026338833406,0.00275553823916491,0.00241748942572468,0.00216833440055508,0.00198546863037094,0.00185073067567351,0.00174972561663241,0.00167129842956581,0.00160714733924754,0.00155151227595466,0.00150086029896877,0.00145350971655387,0.00140917378105289,0.00136844670280389,0.00133228519426446,0.00130155025361774,0.00127666629600976,0.00125743335710384,0.00124300050566946,0.00123198191954106,0.00122267643107695,0.00121333949976788,0.00120245420494117,0.00118895407589677,0.00117236340562395,0.00115283747878131,0.00113110297026922,0.00110831485455272,0.00108585823436607,0.00106513008742887,0.00104733655241586,0.00103333651075739,0.00102355315634863,0.00101796380842111,0.00101616647692675,0.00101751165389449,0.00102128123410824,0.00102689470405457,0.00103412660006036,0.00104332894497643,0.00105566746449667,0.00107339961502376,0.00110024368035363,0.00114190822352355,0.00120686559787487,0.00130745618605856,0.00146139410685228,0.00169370127801216,0.00203901482659697,0.00254408314076887,0.00327008200360225,0.00429414646711111,0.00570924477651524,0.00762126154242061,0.0101419867104438,0.0133767419579018,0.0174057672174288,0.022259395799449,0.0278885837021237,0.0341345220936803,0.0407036231874492,0.0471565777389747,0.0529215142558156,0.057340322222863,0.0597526819745682,0.0596135193463859,0.0566269766762547,0.050866118483175,0.0428375025163074,0.0334503766661182,0.0238681964543779,0.0152574772170971,0.00849810340272914,0.00395952853247737,0.00144874527825029,0.000374406351370781,5.60246920713058e-05,3.10644710607145e-06,1.53603702033528e-08,0
0,3.00324441767355e-05,0.000561873430542882,0.00251542208903435,0.00618594975842677,0.0109375565574056,0.0156847954162707,0.0194585347353201,0.0217104326365504,0.0223449037251203,0.021595133578971,0.0198577301493532,0.0175546836190888,0.0150472822852588,0.0125991815505712,0.0103742069796871,0.00845310416319813,0.00685692131606755,0.00556939341915316,0.0045547233419948,0.00376989321888082,0.00317213645309652,0.00272278273426427,0.00238872048372845,0.00214249568494016,0.00196177103161821,0.00182859983390013,0.00172875755535087,0.00165122148288977,0.0015877886550791,0.00153276793719586,0.0014826690388798,0.00143583092388867,0.0013919707625401,0.00135167594951104,0.00131589180145452,0.00128546888092872,0.00126082634862901,0.00124176659156498,0.00122744910728273,0.00121650527027546,0.00120725522855069,0.00119797650002352,0.00118717152762987,0.00117378761893569,0.00115735537686222,0.00113802830612117,0.00111652387777621,0.00109398220625655,0.00107177039719291,0.00105126711911137,0.00103366255744618,0.00101980410187547,0.00101010917046478,0.00100455529205389,0.00100274598983551,0.00100404112893965,0.00100773394466467,0.00101325528207572,0.00102038946701734,0.00102949591615262,0.0010417456274108,0.00105940084570774,0.00108618734840654,0.00112782876865558,0.00119282676664656,0.00129357381863498,0.00144786944645944,0.00168086676285985,0.00202739404620137,0.00253446582065247,0.00326361315487844,0.00429242579067484,0.0057144277050492,0.00763614684002563,0.0101700677073955,0.0134221903895861,0.0174733123307409,0.0223540599843411,0.0280152432979017,0.0342972822038475,0.0409050310941913,0.0473967504851921,0.0531973164119918,0.0576447867221518,0.0600748994111876,0.0599392034378034,0.056939821867271,0.0511498901304683,0.0430785599122025,0.0336400846558113,0.0240045336140964,0.0153452145308077,0.00854728409808781,0.00398258626020753,0.00145723446202183,0.000376614400090949,5.63574010321548e-05,3.12504489133706e-06,1.54533403617511e-08,0
0,2.95316143625805e-05,0.000555195013351049,0.00248620288077916,0.00611440908397601,0.0108112673540313,0.0155038593504795,0.0192342158922136,0.0214602887143489,0.0220875647008623,0.0213465212371413,0.0196291872467145,0.0173526919615665,0.0148741684430733,0.0124542439042962,0.010254865194671,0.00835585427021455,0.00677802109140509,0.00550529019101875,0.00450227748418491,0.00372646034031043,0.00313556392726485,0.00269136223025777,0.00236112385058032,0.00211770983892975,0.00193903918493584,0.00180737118091421,0.00170864473125229,0.00163196405158736,0.00156922097910754,0.00151479051150953,0.00146522326766788,0.00141887801086184,0.00137547564603159,0.00133559700037918,0.00130017642719256,0.00127005444623147,0.00124564514506669,0.00122675313233407,0.00121254787412578,0.00120167720548577,0.00119248168904311,0.00118325997696075,0.00117253307282149,0.00115926150169074,0.00114298193576699,0.00112384620335533,0.00110256298874192,0.00108025819965499,0.00105828172562846,0.00103799471390489,0.00102057207835793,0.00100685020407997,0.00099724097462783,0.000991722114962429,0.000989902424887284,0.000991150746807683,0.000994771184209111,0.00100020547660745,0.00100724735240646,0.00101626334886257,0.00102842956679265,0.00104601290720934,0.00107274641415663,0.00111436826852087,0.00117940834448579,0.00128030919489058,0.00143495236638744,0.00166861690512315,0.00201631449715751,0.00252531493193945,0.00325748994242756,0.00429086511034185,0.00571949692889704,0.00765052956662981,0.0101971125335437,0.0134658950173159,0.0175382072657318,0.0224449547657523,0.0281368053156409,0.0344534375262559,0.041098210999707,0.0476270562129487,0.0534617325000705,0.0579366276749397,0.0603837054387671,0.0602512839036953,0.0572395570969499,0.0514217340594892,0.0433094561188894,0.0338217744265538,0.0241350935628955,0.0154292248990654,0.00859437072933426,0.00400465995590665,0.00146536053684306,0.000378727792001498,5.66758146718343e-05,3.14284168130756e-06,1.5542295245853e-08,0
0,2.90720450655575e-05,0.00054881640389957,0.00245820586250588,0.00604582226600759,0.0106901732358777,0.0153303549099156,0.0190191019712207,0.0212204016548423,0.0218407699295217,0.021108088126478,0.0194099948177817,0.0171589580989719,0.0147081262384371,0.0123152221749571,0.0101403906659593,0.00826256746406536,0.00670233365510795,0.00544379525113585,0.00445196407112295,0.00368479229108539,0.00310047662230394,0.00266121711753466,0.00233464699042059,0.00209392948117351,0.00191722941926491,0.0017870036920279,0.00168934800280137,0.00161348834730103,0.0015514075211661,0.00149754397597389,0.0014484875785066,0.00140261607832285,0.00135965394561674,0.00132017568311123,0.00128510509911278,0.00125527305044372,0.00123108872921521,0.00121235884680484,0.00119826240435049,0.00118746300153164,0.00117832076266985,0.00116915459858772,0.00115850331188808,0.00114534011186457,0.0011292075087336,0.00111025574796645,0.00108918511663392,0.00106710792856032,0.00104535759089203,0.00102527847040475,0.00100803085069424,0.000994440570744101,0.000984914206759958,0.000979429667006842,0.000977600804672436,0.000978805065737138,0.000982356975274395,0.000987708727212732,0.000994663083682204,0.00100359343901688,0.00101568082903543,0.00103319667500619,0.00105988105929349,0.00110148619909353,0.00116656912727934,0.00126762053846623,0.00142260077484858,0.00165690979646166,0.00200573531890436,0.00251659204815704,0.003251678471605,0.00428943808887846,0.00572443784957951,0.00766441240999195,0.0102231482231341,0.0135079158128594,0.0176005548621984,0.0225322366335516,0.0282534906683618,0.0346032828905901,0.0412835382185913,0.0478479524864472,0.0537152974586414,0.0582164444891891,0.0606797425452689,0.0605504173894919,0.0575268193638168,0.0516822332197897,0.0435306903724474,0.0339958418339542,0.0242601628051631,0.0155096939384891,0.00863946801834294,0.00402579902893731,0.00147314180895437,0.000380751319346635,5.69806600187699e-05,3.15987842708938e-06,1.5627441581755e-08,0
0,2.86482914756885e-05,0.000542720090235597,0.00243137444245825,0.00598005919299652,0.0105740482399615,0.0151639598827158,0.0188127940482375,0.020990326767955,0.0216040619819613,0.0208793923744749,0.019199746718583,0.0169731231338182,0.0145488481359313,0.0121818589138061,0.0100305714171092,0.00817307099033144,0.00662971880844627,0.0053847946335107,0.00440368978504725,0.003644811699309,0.00306680928366806,0.00263229121818329,0.00230924043380428,0.00207111003836657,0.00189630069578445,0.00176745886209373,0.0016708306830118,0.00159575900682661,0.00153431391300764,0.00148099474529789,0.00143242903155053,0.00138701273349703,0.001344473729124,0.00130538043362278,0.00127064651453959,0.00124109353270139,0.00121712595835485,0.00119855249624484,0.00118456127335248,0.00117383099486469,0.00116474053801146,0.00115562824138933,0.00114504998317784,0.00113199114928342,0.00111599986591991,0.00109722488095255,0.00107635844951131,0.00105449986813189,0.00103296675287942,0.00101308738855105,0.000996008033369472,0.000982544412803988,0.000973098010051698,0.000967646904428687,0.000965809791367225,0.000966972366755731,0.000970459154059595,0.00097573238366952,0.000982603499519682,0.000991452499065411,0.001003465187662,0.00102091736936856,0.0010475559371117,0.00108914664539932,0.0011542726677861,0.00125547098462993,0.0014107776450333,0.00164570873019319,0.00199562094800468,0.00250826405776164,0.00324615005175878,0.0042881232851816,0.00572924017315136,0.00767780138207488,0.0102482036461086,0.0135483124616862,0.0176604548018166,0.0226160552123253,0.0283655088350071,0.0347470963273055,0.041461365292652,0.0480598678475394,0.0539585111574298,0.0584847962583153,0.0609636091101518,0.0608372146904442,0.0578022005474987,0.0519319287577295,0.0437427257180307,0.0341626537563785,0.0243800066856481,0.0155867934435137,0.00868267282760943,0.00404604915241316,0.00148059518994285,0.000382689406488053,5.72726078372263e-05,3.17619288136245e-06,1.57089697541748e-08,0
0,2.82558439363972e-05,0.000536890298148287,0.00240565562798549,0.00591699684970539,0.0104626781871398,0.0150043686743202,0.0186149137662785,0.0207696423631326,0.0213770071863563,0.02066001515782,0.0189980580817333,0.0167948470502418,0.0143960428495703,0.0120539103364908,0.00992520677700489,0.00808720135681183,0.00656004391348207,0.00532818055848213,0.00435736641092509,0.00360644545879957,0.00303450028776351,0.00260453151252778,0.0022848575244351,0.00204920950444243,0.00187621437315247,0.00174870047145056,0.00165305830163102,0.00157874284682786,0.00151790795253861,0.00146511140323533,0.00141701687082373,0.00137203779119681,0.001329905302928,0.00129118196399087,0.00125677169126506,0.00122748710372506,0.00120372811895791,0.00118530533406088,0.00117141561482089,0.00116075214660047,0.00115171179142266,0.00114265152604654,0.00113214361616575,0.00111918514066013,0.00110332962872453,0.00108472440879711,0.00106405404772002,0.00104240536883471,0.00102108085016621,0.00100139335473665,0.000984475687344088,0.000971133869054527,0.000961764492746644,0.000956345797023302,0.000954501119399212,0.000955624070257751,0.000959048769673275,0.000964247086902961,0.000971038811589768,0.00097981029971506,0.000991751963836564,0.00100914385310656,0.00103573944543769,0.00107731754709591,0.00114248649104975,0.00124382776276211,0.00139945016253725,0.00163498131297577,0.0019859401959404,0.00250030221388019,0.00324088022950748,0.00428690319057186,0.00573389697926741,0.00769070496337207,0.0102723087850464,0.0135871438460012,0.0177180033864839,0.0226965534370629,0.028473058542,0.0348851403597383,0.0416320239800167,0.0482632045525491,0.0541918418784103,0.0587422059132181,0.0612358640753656,0.0611122457143796,0.0580662523796531,0.0521713246905587,0.0439459931076211,0.0343225514119969,0.0244948718352166,0.0156606829980941,0.00872407508409076,0.00406545270571618,0.00148773636312751,0.000384546154109774,5.75522794378623e-05,3.19181998864778e-06,1.57870558202656e-08,0
0,2.78909489974729e-05,0.000531312726024434,0.00238099967956156,0.00585651882879483,0.010355859979672,0.0148512913592587,0.0184251021664282,0.0205579484284852,0.0211591942435386,0.02044955933773,0.0188045640368526,0.0166238075607278,0.0142494343346907,0.0119311454615665,0.00982410665490552,0.00800480372868702,0.00649318338951464,0.00527385101176799,0.00431291048100904,0.00356962442428467,0.00300349137524649,0.00257788790016917,0.00226145419947549,0.00202818823324225,0.00185693400688984,0.00173069438738886,0.00163599840486947,0.00156240865869496,0.00150215939127434,0.00144986448065773,0.00140222229143729,0.0013576630291451,0.00131592095467183,0.00127755299208191,0.00124345368370464,0.001214427048192,0.00119086861504831,0.00117259078007387,0.0011587987811144,0.00114819968953438,0.00113920762163085,0.00113019744094874,0.00111975714550896,0.0011068950459656,0.00109116987019592,0.00107272759938148,0.00105224543633851,0.00103079824588744,0.00100967398631243,0.000990170724235256,0.000973408352954513,0.000960183576824007,0.000950888290448714,0.000945500880389034,0.000943649136113047,0.000944734263814017,0.000948099598086811,0.000953226268301045,0.000959942088564498,0.000968639537912324,0.000980513477415893,0.00099784806445589,0.00102440313972268,0.00106597008977816,0.00113118146170194,0.00123266153752051,0.00138858903880321,0.00162469875017176,0.00197666550819078,0.00249268137222953,0.00323584801544584,0.00428576346081584,0.00573840398361821,0.00770313343143955,0.0102954941778128,0.0136244676628761,0.0177732934062717,0.0227738677557573,0.028576328390479,0.0350176631424603,0.0417958269755848,0.0484583409157264,0.0544157292778115,0.0589891637399621,0.0614970308903855,0.0613760436632866,0.0583194906247307,0.0524008918317067,0.044140894837134,0.0344758531382162,0.0246049882184307,0.0157315113240024,0.0087637585515498,0.00408404914423013,0.0014945799225041,0.000386325376114714,5.7820252359721e-05,3.20679221076143e-06,1.58618631882356e-08,0
0,2.75504668225266e-05,0.000525974330611276,0.00235735981624013,0.00579851489058108,0.0102534009477999,0.0147044527892299,0.0182430185863552,0.0203548653887621,0.0209502329292362,0.0202476481855513,0.0186189185200058,0.0164596990369985,0.0141087608568694,0.011813345317865,0.00972709087610504,0.00792573137661173,0.0064290182556927,0.00522170936398879,0.00427024295527492,0.00353428313892229,0.00297372741404687,0.00255231298901112,0.00223898879686995,0.00200800875792074,0.00183842517585514,0.00171340839363774,0.001619620384607,0.00154672703480065,0.00148703975550392,0.00143522626995225,0.00138801824595456,0.00134386198538584,0.00130249474105858,0.00126446801922644,0.00123066735004841,0.00120188848101427,0.00117852271333139,0.00116038415436204,0.00114668606590252,0.0011361488399666,0.00112720315147343,0.00111824103490255,0.00110786559604305,0.00109509593715764,0.00107949578890679,0.00106120985221665,0.0010409082726286,0.00101965444433826,0.000998722392469105,0.000979395980763145,0.000962782705453508,0.000949670322240104,0.000940446209731133,0.000935088891511484,0.000933230428095168,0.000934279318207729,0.00093758774707388,0.000942645742930872,0.000949288837074469,0.000957915404977544,0.0009697246015417,0.000987004557151921,0.00101352125731133,0.00105507821186825,0.00112033127174184,0.00122194587586849,0.00137816795624667,0.00161483526897768,0.00196777236710079,0.00248537937828089,0.00323103526422743,0.0042846923032897,0.00574275895352718,0.00771509833514555,0.0103177904909866,0.0136603401484902,0.0178264140768689,0.0228481283510494,0.028675497437232,0.0351448994733677,0.0419530694128166,0.0486456333337579,0.0546305869280765,0.0592261303847773,0.0617476008709592,0.0616291085843136,0.05856239862307,0.0526210711118881,0.0443278074505019,0.0346228567373575,0.0247105708598562,0.0157994174165766,0.00880180148063602,0.00410187531032415,0.00150113948953567,0.000388030630619172,5.80770651404819e-05,3.22113979988234e-06,1.59335440248427e-08,0
0,2.72317572375149e-05,0.000520863152847256,0.00233469196245894,0.00574288056370935,0.010155118240972,0.0145635917546662,0.0180683396236478,0.0201600329384282,0.0207497528780745,0.0200539241921884,0.0184407931647854,0.0163022315171977,0.0139737741299053,0.0117003022129593,0.0096339885708254,0.00784984517082913,0.00636743571337185,0.00517166402469798,0.00422928893215429,0.00350035958885826,0.00294515618702673,0.00252776190727489,0.00221742188467765,0.00198863563196911,0.00182065533046957,0.00169681204220875,0.00160389533098922,0.0015316702195571,0.0014725221939874,0.00142117066793769,0.00137437928144182,0.00133060978865873,0.00128960231094108,0.00125190314554205,0.00121838915940554,0.00118984814593951,0.00116666733295078,0.00114866245799323,0.00113505447588406,0.00112457656067453,0.0011156752826851,0.00110675916457758,0.00109644582395115,0.00108376473425458,0.00106828444109548,0.00105014842765736,0.00103002007304432,0.00100895176421939,0.000988204150618669,0.00096904745735088,0.000952577272727652,0.000939572753778365,0.000930416936392579,0.00092508847061424,0.000923223515613733,0.000924237573626293,0.000927491333499268,0.000932483377419253,0.000939056659753579,0.000947615234366615,0.000959362399551137,0.000976590125716665,0.00100307033008819,0.00104461820338376,0.00110991202407627,0.00121165681413938,0.0013681631180349,0.00160536765102844,0.00195923880899078,0.00247837657296616,0.00322642617641513,0.00428367998722001,0.0057469612449092,0.00772661208415299,0.0103392281963403,0.0136948158853946,0.0178774510303772,0.0229194593744007,0.0287707357353205,0.0352670717008387,0.0421040301859595,0.0488254180497503,0.0548368045177132,0.0594535394422409,0.0619880360817431,0.0618719104090842,0.0587954303168458,0.0528322764104044,0.0445070842117563,0.0347638414708463,0.0248118213100565,0.0158645315082554,0.00883827715990483,0.00411896569673289,0.00150742781199026,0.000389665246163811,5.8323221347606e-05,3.23489102913927e-06,1.60022404429091e-08,0
0,2.69325884039674e-05,0.000515968175358883,0.00231295452835811,0.00568951678097431,0.0100608382599012,0.0144284601969073,0.0179007581609046,0.0199731089458778,0.020557402444264,0.0198680479553304,0.0182698762683995,0.0161511297824933,0.0138442385160666,0.0115918190562137,0.00954463761025263,0.00777701311568133,0.00630832876304837,0.0051236281261623,0.00418997738515039,0.00346779498067634,0.00291772820031355,0.00250419213464208,0.00219671610856577,0.00197003528793539,0.00180359365861786,0.0016808765232863,0.0015887959037909,0.00151721198026844,0.00145858134674067,0.00140767304137179,0.00136128140077063,0.00131788301478956,0.00127722075624977,0.00123983591494515,0.00120659703049834,0.00117828424756215,0.00115528087050671,0.00113740419084316,0.00112388254136315,0.0011134613644251,0.0011046024927757,0.00109573028542188,0.00108547630258145,0.00107287998702335,0.00105751451918591,0.00103952222308985,0.00101955998769395,0.000998669633585659,0.000978098965154781,0.00095910510610199,0.000942772202598473,0.000929871146278572,0.000920780795270183,0.000915479915856922,0.00091360860137804,0.000914589081796873,0.000917790218296424,0.000922718817363305,0.000929224974740297,0.00093771821290842,0.000949405827501281,0.00096658349866003,0.000993028867552955,0.00103456837791525,0.00109990189235343,0.00120177250478893,0.00135855288121725,0.00159627485217171,0.00195104503220168,0.00247165539269629,0.00322200689713977,0.00428271845166553,0.00575101143544114,0.00773768762949983,0.0103598373283938,0.0137279476744574,0.0179264863465787,0.0229879791874982,0.0288622048389712,0.0353843905426632,0.0422489731234719,0.0489980127027485,0.0550347497705679,0.0596717997024166,0.0622187718300007,0.0621048915754834,0.0590190128543694,0.0530348969873291,0.0446790572252512,0.0348990697672173,0.0249089288996929,0.0159269758919581,0.00887325438622513,0.00413535267120186,0.00151345684817074,0.000391232344032292,5.85591930080153e-05,3.24807238862174e-06,1.60680855097264e-08,0
0,2.66510634120395e-05,0.000511279205090033,0.00229210821749251,0.00563832954563724,0.00997039612610118,0.014298822468104,0.0177399824493626,0.0197937684247517,0.0203728476340503,0.0196896971388625,0.0181058718267773,0.0160061324970523,0.0137199302827416,0.0114877087309105,0.0094588840846326,0.00770710991988123,0.00625159585166019,0.00507751923305844,0.00415224092181557,0.0034365335384601,0.00289139650919633,0.00248156334951101,0.00217683605447714,0.0019521759108154,0.00178721096609195,0.00166557454986132,0.00157429621901186,0.00150332749395842,0.00144519323075405,0.00139471011052737,0.00134870194325764,0.00130565956377972,0.00126532848504051,0.0012282451837373,0.00119527019540455,0.00116717630986605,0.00114434305308952,0.00112658919889865,0.00111315015774303,0.00110278314976961,0.00109396466545264,0.00108513427724814,0.00107493694390058,0.00106242169309752,0.00104716616736734,0.00102931158667154,0.00100950861275055,0.000988788919856241,0.000968387973135729,0.000949550307067242,0.000933349069798062,0.00092054720534251,0.000911519551303123,0.00090624498031297,0.000904367362751218,0.000905315392869611,0.000908465787582996,0.000913333262345546,0.000919774784317477,0.000928205142788085,0.00093983548914111,0.00095696508595867,0.000983377096173748,0.00102490880309295,0.00109028084173741,0.00119227292678528,0.00134931745639922,0.00158753769180892,0.00194317307767495,0.00246520004455516,0.00321776519184499,0.00428180099121003,0.00575491103405089,0.00774833821617361,0.0103796473056281,0.0137597864569419,0.0179735986144461,0.023053800606656,0.0289500582763152,0.035497055829938,0.0423881480369884,0.0491637176992813,0.0552247701333192,0.0598812971170752,0.0624402188395647,0.0623284693066922,0.0592335488486288,0.0532292995886782,0.0448440392677756,0.0350287886959028,0.0250020718202737,0.01598686562984,0.00890679786927722,0.00415106666946879,0.00151923783920502,0.00039273485738885,5.87854235462395e-05,3.26070875313387e-06,1.61312041090634e-08,0
0,2.63855611046129e-05,0.000506786775966278,0.00227211585713066,0.00558922962445118,0.00988363518592349,0.0141744546360286,0.0175857352477936,0.0196217025683577,0.0201957711052147,0.0195185654992555,0.0179484986332803,0.0158669914060358,0.0136006369103996,0.0113877935107328,0.0093765818191362,0.00764001659868307,0.00619714054678664,0.00503325907496031,0.00411601556224621,0.00340652231784054,0.0028661165591135,0.00245983728998973,0.00215774812413194,0.00193502732375571,0.0017714795691475,0.00165088025455615,0.00156037174798326,0.00148999324723642,0.00143233513945572,0.00138225984736606,0.00133661948086888,0.00129391855350918,0.00125390511226016,0.00121711100805012,0.00118438908332286,0.00115650505597109,0.00113383481370487,0.00111619854513481,0.00110283845175084,0.00109252306267577,0.00108374294790657,0.00107495229760102,0.00106480894851726,0.00105237114531617,0.00103722082691267,0.00101949816121416,0.000999847833331696,0.000979291771915301,0.000959053585597121,0.000940365708533557,0.000924290714806778,0.000911583904158662,0.000902616243717042,0.000897366702889686,0.00089548277884179,0.000896399378212695,0.000899500770797582,0.000904309279140161,0.000910688482966764,0.000919058244226232,0.000930633432935629,0.00094771677004507,0.000974096743843614,0.00101562107791742,0.0010810303984972,0.00118313964695666,0.00134043866068031,0.00157913859789134,0.00193560656752298,0.00245899624153787,0.00321369018352015,0.0042809220035202,0.00575866225098254,0.00775857719255995,0.0103986868015761,0.0137903812752068,0.0180188630158026,0.0231170311468847,0.0290344419928553,0.0356052571864494,0.0425217916652198,0.0493228174360009,0.0554071942700512,0.0600823965328911,0.0626527651602052,0.0625430376070751,0.059439418350569,0.0534158302820613,0.0450023253834067,0.0351532312482698,0.0250914180623261,0.016044309167813,0.00893896858188512,0.00416613636223126,0.00152478137153007,0.000394175547803753,5.90023303190148e-05,3.27282352675216e-06,1.61917136830005e-08,0
0,2.61346882329122e-05,0.000502482067604164,0.0022529422473417,0.00554213226427454,0.00980040654642782,0.0140551438310579,0.0174377530134413,0.0194566178433038,0.0200258712291579,0.0193543619741197,0.0177974894361179,0.0157334705868542,0.0134861564474013,0.0112919045165312,0.00929759192383575,0.0075756201046963,0.00614487123485609,0.00499077329903839,0.00408124053477119,0.00337771103490275,0.0028418460397478,0.00243897762673132,0.00213942042151107,0.00191856088421282,0.00175637319727156,0.00163676909665211,0.00154699922687073,0.00147718694692822,0.00141998555345547,0.00137030138562999,0.00132501372707532,0.00128264022689585,0.0012429313648252,0.00120641454649591,0.00117393522046299,0.00114625230494196,0.00112373818471081,0.00110621439935404,0.00109292966755815,0.00108266337895135,0.00107391962972184,0.00106516665749694,0.00105507467872241,0.00104271080261149,0.00102766110546937,0.001010064752371,0.000990560690949573,0.000970161487018053,0.000950079353911845,0.000931535092644917,0.000915581108380463,0.000902965346467399,0.000894055046903101,0.000888829266599086,0.000886938985694469,0.000887825082132279,0.000890879088647993,0.000895630645665726,0.000901949697146831,0.000910260990905386,0.00092178298291973,0.000938821731789806,0.000965170860600912,0.00100668814775727,0.00107213345881656,0.00117435562226473,0.00133189971334704,0.0015710613965611,0.00192833049007686,0.00245303098585533,0.00320977213907183,0.00428007678622191,0.00576226781597383,0.00776841786479567,0.0104169836548863,0.0138197792629315,0.0180623514247651,0.0231777732630546,0.0291154947680422,0.0357091746520184,0.0426501285283447,0.0494755813966928,0.0555823333950112,0.0602754432299332,0.0628567778565121,0.0627489690225965,0.0596369805855151,0.0535948160688216,0.0451541942817991,0.0352726174591011,0.0251771262356207,0.0160994088721593,0.00896982406559135,0.00418058880062866,0.00153009743127953,0.000395557019622887,5.92103068169205e-05,3.28443876824976e-06,1.62497248746626e-08,0
0,2.58972406586944e-05,0.000498356836931556,0.00223455402585017,0.00549695692967792,0.00972056864068673,0.0139406876327088,0.0172957851418552,0.0192982351386094,0.0198628612113631,0.019196809828474,0.0176525901500199,0.0156053457494261,0.0133762969077239,0.0111998812098241,0.00922178237464253,0.0075138129845704,0.00609470084092508,0.00494999124081937,0.00404785808691338,0.00335005190820984,0.00281854475061651,0.00241894984608504,0.00212182264883917,0.00190274938909382,0.00174186690465859,0.00162321777775669,0.00153415657492002,0.00146488743969784,0.0014081240606507,0.00135881494076825,0.00131386545609702,0.00127180587005963,0.00123238899836708,0.00119613797518143,0.00116389114302203,0.0011364008824272,0.00111403620584287,0.00109661994337568,0.00108340706900508,0.00107318740349644,0.0010644780392923,0.00105576071527744,0.00104571755016789,0.00103342417996943,0.00101847066576948,0.00100099521651369,0.000981631270866475,0.000961382397791912,0.00094144985643887,0.000923043261539251,0.000907205236878678,0.000894676650687011,0.000885821152900475,0.000880617878956849,0.000878721154207935,0.000879577596980283,0.000882585725157332,0.000887282219784216,0.000893543150700161,0.000901797971843594,0.000913268596864908,0.000930264304726512,0.000956583668607318,0.000998094149724738,0.0010635741292202,0.00116590503505083,0.00132368506599092,0.00156329113770942,0.0019213310222848,0.00244729239080891,0.00320600229504411,0.00427926137315057,0.00576573083467033,0.00777787338655008,0.0104345648097373,0.013848025657695,0.0181041325179811,0.0232361245862046,0.0291933486069753,0.0358089792567097,0.0427733717054618,0.0496222651424109,0.0557504824685716,0.0604607642962515,0.0630526045117346,0.062946616204066,0.0598265754916102,0.0537665663096101,0.0452999095725922,0.0353871553951762,0.0252593462912398,0.016152261501354,0.0089994186990328,0.00419444954387675,0.0015351954519495,0.000396881732548298,5.94097245898325e-05,3.29557530065662e-06,1.63053420888195e-08,0
0,2.56721717978359e-05,0.000494403360249192,0.00221691954624149,0.00545362705936244,0.00964398682035397,0.0138308934932353,0.0171595932526014,0.0191462889667373,0.0197064682662991,0.0190456458546339,0.0175135591181213,0.0154824035816223,0.0132708757081094,0.011111570919918,0.00914902762246866,0.00745449305916585,0.0060465465679535,0.00491084571119079,0.00401581331001863,0.00332349951250092,0.00279617447683285,0.00239972114231932,0.00210492601086863,0.00188756698769355,0.00172793698919532,0.00161020416486935,0.00152182282013808,0.00145307463926444,0.00139673128418993,0.00134778173806805,0.00130315643076724,0.00126139773957482,0.00122226072357576,0.00118626441286187,0.00115424032086853,0.00112693454259457,0.00110471284414006,0.00108739928873813,0.00107425485494378,0.00106407938326169,0.00105540245449189,0.00104671878521206,0.00103672193872238,0.00102449575392138,0.00100963413015249,0.000992274364641077,0.000973044605656936,0.000952939775596095,0.000933150601684653,0.000914875940178357,0.00089914900451262,0.000886703851246205,0.000877900671438874,0.000872718670361164,0.000870815386512342,0.000871642957251912,0.000874606619269223,0.00087924982825959,0.000885454551046708,0.000893654774711129,0.000905075746582538,0.000922029852157824,0.000948320435818766,0.000989824282639358,0.00105533759257685,0.00115777315493957,0.00131578026043563,0.00155581394952019,0.00191459538221343,0.00244176953369552,0.00320237271491662,0.00427847240208512,0.00576905467544622,0.00778695667672895,0.010451456279788,0.0138751638302609,0.0181442718917737,0.0232921781535562,0.0292681291089796,0.035904833551579,0.0428917235453364,0.0497631112099414,0.0559119212766381,0.0606386698634452,0.0632405745751846,0.0631363133041082,0.0600085250916211,0.0539313739931853,0.0454397208622852,0.0354970420324452,0.0253382201614381,0.0162029586236715,0.00902780393521218,0.00420774277198908,0.00154008435645108,0.000398152012725599,5.96009349420014e-05,3.30625280759435e-06,1.63586639840586e-08,0
0,2.5458566875597e-05,0.000490614383779993,0.00220000876757063,0.00541206983953755,0.00957053297352472,0.0137255781959276,0.0170289505179721,0.0190005267131878,0.0195564328430881,0.0189006196219367,0.0173801664203733,0.0153644411364483,0.0131697191415198,0.011026828401891,0.00907920822821576,0.00739756312514102,0.00600032965379038,0.00487327279810247,0.00398505397619493,0.00329801064285379,0.00277469887393815,0.00238126031789114,0.00208870312648422,0.00187298910146622,0.00171456091798673,0.00159770721985089,0.00150997803136726,0.00144172946010643,0.00138578881710377,0.00133718394770451,0.00129286933762383,0.00125139899730438,0.00121253014051565,0.00117677785448693,0.00114496709006329,0.00111783789936828,0.00109575292365348,0.00107853740467362,0.00106545808534331,0.00105532443144238,0.00104667802502638,0.00103802605818456,0.00102807309975845,0.00101591088075496,0.00100113699803595,0.000983887879413349,0.000964786592034771,0.000944819747266792,0.000925167944971909,0.000907019692827678,0.000891399149422578,0.000879033813974456,0.000870280544321383,0.000865118607148175,0.000863208627408463,0.000864008049170507,0.00086692857239807,0.000871520172143975,0.000877670492309223,0.0008858178866059,0.000897190816242462,0.000914104662873692,0.000940367368919432,0.000981864696971337,0.00104740999487178,0.00114994622237278,0.00130817180920824,0.00154861691648374,0.00190811170588608,0.00243645233374641,0.00319887617180224,0.00427770700769673,0.00577224288041729,0.00779568035915543,0.0104676831302821,0.0139012353261383,0.0181828321831874,0.0233460226312038,0.0293399558146062,0.0359968921006772,0.0430053763188411,0.049898349931006,0.0560669154099726,0.0608094542234197,0.0634210005764123,0.0633183772329032,0.0601831347235074,0.0540895168725621,0.0455738647349094,0.0356024640391875,0.0254138823302055,0.0162515869891315,0.00905502851259591,0.00422049138595907,0.00154477259444656,0.000399370062577705,5.97842704338336e-05,3.31648991852208e-06,1.64097839076285e-08,0
0,2.52556218583898e-05,0.000486983081155543,0.00218379315379384,0.00537221599267129,0.00950008516609088,0.0136245673458965,0.0169036410319683,0.0188607079314964,0.0194125078985152,0.0187614927728221,0.0172521932251191,0.015251265257852,0.0130726618841042,0.0109455154229911,0.00901221052147431,0.00734293067614247,0.00595597514431945,0.00483721168163152,0.00395553038640283,0.00327354418828785,0.00275408336088038,0.00236353769090718,0.00207312794681714,0.0018589923498416,0.00170171725863427,0.00158570693449048,0.00149860325591326,0.00143083375676484,0.0013752791626539,0.00132700462568692,0.00128298772812383,0.00124179365162295,0.00120318167962765,0.00116766311175696,0.00113605659273658,0.0011090963653889,0.00108714206326009,0.00107002005458033,0.00105700261628545,0.00104690846094686,0.00103829070442075,0.0010296685323414,0.00101975709768476,0.00100765572520381,0.000992965574050265,0.000975822242992713,0.000956843918598078,0.00093700922287531,0.000917489016216724,0.000899461850756286,0.0008839431711175,0.000871654163035911,0.000862948471576471,0.000857805416686179,0.000855888588154978,0.000856660532963145,0.000859539169038641,0.000864080745611906,0.000870178372292594,0.000878274609107055,0.000889601015417434,0.000906475862075331,0.000932711521983635,0.000974202401087197,0.00103977834891363,0.00114241134976396,0.00130084709435546,0.00154168797648265,0.0019018689438616,0.00243133145032154,0.00319550605162524,0.00427696273472577,0.00577529909571008,0.00780405671951581,0.0104832694740587,0.013926279915944,0.0182198731926227,0.0233977425287796,0.02940894253245,0.036085301938279,0.0431145128200374,0.0500282001823979,0.056215717156915,0.0609733968428453,0.063594179225081,0.0634931087930997,0.0603506941504287,0.0542412584881358,0.0457025656338426,0.0357035984792961,0.0254864603450233,0.016298228862738,0.00908113864404474,0.00423271709733124,0.00154926817569783,0.00040053796957939,5.99600462204933e-05,3.32630428462895e-06,1.64587902819742e-08,0
0,2.50626261585065e-05,0.000483503016604305,0.00216824558173179,0.00533399958024068,0.00943252730494875,0.0135276948912569,0.0167834592169892,0.0187266036806722,0.0192744582142005,0.0186280383620593,0.0171294311807581,0.0151426920423272,0.0129795465331584,0.0108675003752545,0.00894792628105373,0.00729050764199958,0.00591341168140666,0.00480260446125182,0.00392719522869671,0.00325006101393018,0.0027342950203537,0.00234652500905632,0.00205817567919041,0.00184555448142974,0.00168938561561569,0.00157418427051017,0.00148768046204338,0.00142037026802759,0.00136518567963565,0.00131722765988145,0.00127349596509819,0.00123256650407715,0.00119420054839312,0.00115890575958908,0.00112749472314459,0.00110069609744031,0.0010788666212465,0.00106183373957817,0.00104887504236065,0.00103881812557538,0.00103022719000959,0.00102163295200873,0.00101176074397657,0.000999717197825108,0.000985106905010585,0.000968064673835365,0.00094920400261338,0.000929495832599381,0.000910101656892724,0.000892190449211012,0.00087676926730028,0.000864553217392932,0.000855892847319791,0.000850767522395902,0.000848843680430812,0.00084958877558749,0.000852426708124399,0.000856919765857141,0.000862966320853399,0.000871012985060994,0.000882294304220758,0.000899131334778654,0.00092534071803725,0.000966825180856089,0.00103243045190782,0.00113515643706682,0.0012937942812479,0.00153501583343492,0.00189585677388215,0.00242639819754513,0.00319225627285582,0.00427623746741417,0.00577822701706255,0.00781209767583528,0.0104982384781179,0.0139503356518565,0.0182554520063026,0.023447418405651,0.0294751976470528,0.0361702029947001,0.043219306921695,0.0501528700754937,0.0563585663206149,0.0611307632888785,0.0637603924120652,0.0636607937106129,0.0605114785671064,0.054386849093825,0.0458260366589388,0.035800613447234,0.0255560752783754,0.0163429623246835,0.00910617818684556,0.00424444050873478,0.00155357870002135,0.000401657714131316,6.01285612518875e-05,3.33571264678837e-06,1.65057669503183e-08,0
0,2.48789483908626e-05,0.000480168112853477,0.00215334025650047,0.00529735781828568,0.00936774882155388,0.0134348026727623,0.0166682092658169,0.0185979959023127,0.0191420597549777,0.0185000402361604,0.0170116818446817,0.0150385463337413,0.0128902231737983,0.0107926579123729,0.00888625243566205,0.00724021014450293,0.00587257130445082,0.00476939599429167,0.00390000344574646,0.00322752385098672,0.00271530250582525,0.00233019536939986,0.00204382271632179,0.00183265431006373,0.00167754657122443,0.00156312110396049,0.00147719248579353,0.00141032256540737,0.00135549253201254,0.00130783772044698,0.00126437917373532,0.00122370310071836,0.00118557268283808,0.00115049208761234,0.00111926807896279,0.00109262394733859,0.00107091364559476,0.00105396564801682,0.00104106264527078,0.00103104076765611,0.00102247486962238,0.00101390675351968,0.00100407154230298,0.000992082899627342,0.000977548724258985,0.000960603070944314,0.000941854934329341,0.000922267871180954,0.000902994364638212,0.000885194172100712,0.000869866278490362,0.000857719935180838,0.000849102703670955,0.000843993986999349,0.000842062958726709,0.000842781792111042,0.000845580143278835,0.00085002611213644,0.000856023137681507,0.00086402173505608,0.000875259328424083,0.00089205965950953,0.000918243481249301,0.000959721530257065,0.00102535481443653,0.00112817009918712,0.00128700224468182,0.00152858988267885,0.00189006552665037,0.00242164447233068,0.00318912121966572,0.0042755293720241,0.0057810303476328,0.00781981475952236,0.0105126123781037,0.0139734389280528,0.0182896231172488,0.0234951270684139,0.0295388244090585,0.0362517284935905,0.0433199240901253,0.0502725575921748,0.0564956909699887,0.0612818060773667,0.0639199081245772,0.0638217035750692,0.0606657495164538,0.0545265264994212,0.0459444802906094,0.0358936686441389,0.0256228421460426,0.0163858615421722,0.00913018879652315,0.00425568118666824,0.00155771138433641,0.000402731176663414,6.02900993541427e-05,3.34473089673294e-06,1.65507934873127e-08,0
0,2.47040246050973e-05,0.000476972622951031,0.0021390526335273,0.00526223090471561,0.00930564437444064,0.013345740000064,0.0165577046166385,0.0184746768348109,0.0190150990657441,0.0183772924502514,0.0168987561468981,0.0149386612490359,0.0128045489722772,0.0107208686090276,0.0088270907832249,0.00719195826849661,0.00583338926447189,0.00473753374468188,0.00387391211087497,0.00320589719385724,0.00269707595466516,0.0023145231434915,0.00203004657029435,0.0018202716552133,0.00166618163061172,0.00155250017355,0.00146712298161689,0.00140067500542818,0.00134618464237261,0.00129882021414215,0.0012556231965144,0.00121518968748835,0.00117728470321373,0.00114240905598131,0.0011113639170569,0.00108486741747399,0.00106327082911027,0.00104640361002558,0.00103355334767823,0.00102356437113002,0.00101502177390995,0.00100647801685787,0.000996677639621591,0.000984741072789271,0.000970279402194042,0.000953425964381169,0.000934785427602508,0.00091531424873902,0.000896156244260763,0.000878462303129085,0.000863223639162592,0.000851143864688638,0.000842567661390937,0.000837474462628757,0.000835536069758857,0.000836229194293043,0.000838989030464569,0.000843389272417108,0.000849338237900462,0.000857290201940354,0.000868485362854155,0.000885250050529986,0.000911408977927657,0.000952880591089032,0.00101854059886697,0.00112144160317114,0.00128046050511647,0.00152240014683832,0.00188448612237682,0.00241706269334912,0.00318609568599448,0.00427483684991069,0.00578371276552757,0.00782721910463409,0.0105264124986274,0.0139956245434961,0.0183224385437887,0.0235409417596001,0.0295999212087,0.0363300053232025,0.0434165218634617,0.05038745117307,0.0566273081321027,0.0614267654528669,0.0640729812859541,0.0639760967013032,0.0608137557279888,0.0546605168400412,0.0460580890504661,0.0359829159028952,0.0256868702879676,0.016426997016693,0.00915321006663855,0.00426645772759662,0.00156167308720727,0.000403760144074519,6.04449302091154e-05,3.35337413240271e-06,1.65939454797081e-08,0
0,2.4537348530662e-05,0.000473911105368156,0.00212535934641419,0.00522856185743731,0.00924611356943435,0.0132603632528958,0.0164517674589948,0.0183564484622524,0.0188933727042374,0.01825959871988,0.0167904738859688,0.0148428777326531,0.0127223877940623,0.0106520186410738,0.00877034772747942,0.00714567584714283,0.00579580384978396,0.00470696764119513,0.00384888031193477,0.00318514720381231,0.00267958690686949,0.00229948390736843,0.00201682581087153,0.00180838728636893,0.00165527317054257,0.00154230503252217,0.00145745637648208,0.00139141268531593,0.00133724764878333,0.00129016124205678,0.00124721455161379,0.00120701316915106,0.0011693238733123,0.00113464425493055,0.00110377011311594,0.00107741462035062,0.00105592646869631,0.0010391360563684,0.00102633567152431,0.00101637751926847,0.00100785653345975,0.000999335422231506,0.000989567782326271,0.000977680556531892,0.000963287902030063,0.000946522471063513,0.00092798477584899,0.000908624446940111,0.000889576964130591,0.000871984682354526,0.000856831334365101,0.000844815100889293,0.00083627788616027,0.000831199146688422,0.000829253207766278,0.00082992114519667,0.000832643481821265,0.000836999296380921,0.000842901604199067,0.000850808302052672,0.000861962261694478,0.000878692307173532,0.000904826964844722,0.000946292100251538,0.00101197756559181,0.00111496081350442,0.00127415917330475,0.00151643722034748,0.00187911001619943,0.00241264574897395,0.00318317482851242,0.0042741584991222,0.0057862778990666,0.00783432144350053,0.0105396592778034,0.0140169257658184,0.0183539479448872,0.0235849323376404,0.0296585818336239,0.0364051543838135,0.0435092502969262,0.0504977302631211,0.0567536244324558,0.0615658701083023,0.0642198545289866,0.0641242189214126,0.0609557338876078,0.0547890352817399,0.0461670461065028,0.0360684996686576,0.0257482637164954,0.0164664358099207,0.00917527965640033,0.00427678781823877,0.00156547033121052,0.000404746315596599,6.05933102456042e-05,3.3616567082537e-06,1.66352947811323e-08,0
0,2.43784634632643e-05,0.000470978401864056,0.0021122381400256,0.00519629636247673,0.00918906069638334,0.0131785355055933,0.016350228268685,0.0182431219957601,0.0187766867073844,0.018146771905433,0.0166866632550745,0.0147510441377161,0.0126436098449482,0.0105859994851041,0.00871593403060584,0.00710129026032795,0.00575975622239565,0.00467764994446156,0.00382486904242136,0.00316524161871668,0.00266280822892612,0.00228505437601154,0.00200414000778869,0.00179698287104984,0.00164480439153134,0.00153252000374948,0.00144817782708811,0.0013825214017518,0.00132866786469057,0.00128184756039554,0.00123914039440115,0.00119916107135307,0.001161678062974,0.00112718586759698,0.0010964751246441,0.00107025424158919,0.00104886942820792,0.00103215198100439,0.0010193987001846,0.00100946935635971,0.00100096834000637,0.000992468210858063,0.000982731276704584,0.000970890747380162,0.000956563740006795,0.000939882255056046,0.000921442812519929,0.00090218847971528,0.000883246717142412,0.000865751667346411,0.000850679860973122,0.000838724246660929,0.00083022404962077,0.000825158742570116,0.000823205074767775,0.000823848318879877,0.00082653412471137,0.000830846753772495,0.000836703744449992,0.000844566482089284,0.000855680414578232,0.000872376769137578,0.00089848774369924,0.000939946343356222,0.00100565602581054,0.00110871814417308,0.00126808890190912,0.00151069222116415,0.00187392915094409,0.00240838695261976,0.00318035412686162,0.00427349308290338,0.00578872930819944,0.00784113210723319,0.0105523722947196,0.0140373743953401,0.0183841987318048,0.0236271654482149,0.029714895711991,0.0364772909132253,0.0435982523781267,0.0506035658187371,0.0568748366886491,0.0616993378508506,0.0643607589102548,0.0642663043153453,0.061091909346747,0.0549122866708561,0.0462715258294778,0.0361505574402373,0.0258071214359865,0.0165042417508864,0.00919643340760926,0.00428668829077561,0.00156910932340308,0.000405691308156988,6.07354834536149e-05,3.36959228118019e-06,1.6674909744366e-08,0
0,2.42269554932447e-05,0.000468169617691688,0.00209966780827277,0.00516538263135106,0.00913439448132814,0.0131001261734697,0.0162529253697876,0.018134517385204,0.0186648560890356,0.0180386335270103,0.0165871603961936,0.0146630158321534,0.0125680913336276,0.0105227076360478,0.00866376458077065,0.00705873224527433,0.00572519026436301,0.00464953512211621,0.00380184109928267,0.00314614966833898,0.00264671404242407,0.00227121234191989,0.00199196967669721,0.00178604092613333,0.00163475927306633,0.00152313013775968,0.0014392731799107,0.00137398761239801,0.00132043224156181,0.00127386654400096,0.00123138848167611,0.00119162150546521,0.00115433571341698,0.00112002263571995,0.00108946795689722,0.00106337550595385,0.00104208910442045,0.0010254409068625,0.00101273204394384,0.00100282955282129,0.000994346911170404,0.000985866149370375,0.000976157953096698,0.000964361563190473,0.000950096949412716,0.000933495491708297,0.000915149875445264,0.000895996857860751,0.000877156185575748,0.000859754098259562,0.000844760192890483,0.000832862377998384,0.000824397294465103,0.000819344424488783,0.000817382845025041,0.00081800186438941,0.000820652065174544,0.000824922697268079,0.000830735653965359,0.000838555680728667,0.000849630707566535,0.000866294276796225,0.000892382120743838,0.000933834113661415,0.000999566799803097,0.00110270451639418,0.0012622408429608,0.00150515674848072,0.00186893591598719,0.00240428000419507,0.00317762934987037,0.00427283950379773,0.0057910704708098,0.00784766102994845,0.0105645702988483,0.0140570008285018,0.0184132361757514,0.0236677046871906,0.0297689481417331,0.0365465247920411,0.0436836644150348,0.0507051207802011,0.0569911324621239,0.0618273762196682,0.0644959145717951,0.0644025758867535,0.0612224967776897,0.0550304661334629,0.046371694306096,0.0362292201768912,0.0258635377371611,0.0165404756266359,0.00921670545220882,0.00429617517358976,0.00157259597412111,0.000406596661299962,6.08716821311537e-05,3.37719385259546e-06,1.67128554339439e-08,0
0,2.40824478340622e-05,0.000465480103800154,0.00208762813614205,0.00513577126702271,0.00908202785310672,0.0130250106796671,0.0161597045220839,0.0180304628593367,0.0185577043670564,0.0179350133077647,0.016491808980536,0.0145786548280994,0.0124957141542728,0.0104620443415745,0.00861375817355248,0.00701793571850606,0.00569205243339166,0.00462257973149589,0.00377976098693763,0.00312784199483477,0.00263127965704927,0.00225793661748358,0.00198029622847509,0.0017755447722388,0.00162512253166957,0.00151412117344637,0.00143072893383334,0.00136579839994614,0.0013125283340173,0.00126620615235012,0.00122394713838823,0.00118438313591361,0.00114728580508268,0.00111314382789375,0.00108273813142035,0.0010567681460395,0.00103557539572846,0.00101899285442515,0.00100632580836375,0.000996448273291216,0.000987982458258865,0.000979519497359973,0.000969838133256068,0.000958083410431098,0.000943878047898585,0.000927352835107282,0.000909096774507449,0.000890040556978128,0.000871296509303778,0.000853983266270472,0.000839063749634381,0.000827221012640793,0.000818789202987869,0.000813747805837947,0.000811778133095186,0.000812373373423458,0.000814988855137138,0.000819218629191029,0.000824988781694623,0.000832767294298004,0.000843804488272305,0.000860436135768849,0.000886501370786645,0.000927946675508381,0.000993701179841253,0.00109691132112444,0.00125660661023357,0.0014998228454645,0.00186412311121543,0.00240031895663392,0.00317499652668792,0.00427219678229983,0.00579330477289661,0.00785391775578117,0.010576271240622,0.0140758341201691,0.0184411035113315,0.0237066107553939,0.0298208205067892,0.0366129608302428,0.0437656163989588,0.0508025505125002,0.0571026905719893,0.0619501830602415,0.0646255313554842,0.0645332461898379,0.0613477007807543,0.055143759630317,0.0464677098137213,0.036304612674348,0.0259176024690018,0.0165751953582396,0.00923612831151292,0.00430526373805084,0.00157593591430329,0.000407463841719159,6.10021275715045e-05,3.38447380712834e-06,1.67491938214508e-08,0
0,2.39445960551105e-05,0.000462905440751013,0.00207609984557683,0.00510741513782967,0.00903187772346866,0.0129530701411982,0.0160704185322854,0.017930794492548,0.0184550631178914,0.0178357487438613,0.0164004598135131,0.0144978294330352,0.0124263655877926,0.0104039153521726,0.0085658373063083,0.00697883760839016,0.00566029162704684,0.00459674230935572,0.00375859482706269,0.00311029057802977,0.00261648150764553,0.00224520698087207,0.00196910192164838,0.00176547849093012,0.00161587958156714,0.00150547950124605,0.00142253220514747,0.00135794143847127,0.0013049442672281,0.0012588548977974,0.00121680522659342,0.0011774351497531,0.00114051782773729,0.00110653921010002,0.00107627565689883,0.00105042237331663,0.0010293186732557,0.00101279831278429,0.00100017056519045,0.000990316147327558,0.000981865656741107,0.000973418977657,0.000963762600498636,0.000952047154291814,0.000937898007648976,0.000921445388406096,0.000903274762200792,0.000884310988305189,0.000865659256897231,0.000848430884916609,0.000833582367838414,0.000821792081642281,0.000813391768615597,0.000808360910570774,0.000806382964965595,0.000806954851141439,0.000809536462839791,0.000813726471520784,0.000819454999794582,0.000827193145893443,0.000838193534523162,0.000854794085117888,0.000880837204918593,0.00092227573158678,0.000988050897038881,0.00109133038561976,0.0012511782457737,0.00149468296623819,0.00185948391526436,0.00239649818666497,0.00317245192198696,0.00427156403921259,0.00579543550182295,0.0078599114479569,0.0105874923025763,0.0140939020444142,0.0184678420356756,0.0237439416054998,0.029870590481095,0.0366766990364322,0.0438442323445526,0.0508960032173427,0.0572096815744205,0.0620679470594894,0.0647498093747617,0.0646585179120773,0.0614677164482582,0.0552523444719032,0.0465597232606466,0.0363768539133283,0.0259694012906167,0.0166084561637391,0.00925473298801806,0.0043139685417809,0.00157913451150212,0.000408294247444347,6.11270306977012e-05,3.39144394832098e-06,1.67839839655073e-08,0
0,2.38130840599913e-05,0.000460441424115264,0.00206506454487418,0.00508026925884179,0.00898386477983906,0.012884191072978,0.0159849268875744,0.0178353557965616,0.0183567715568525,0.0177406846993469,0.0163129704626547,0.0144204139212491,0.0123599380205367,0.0103482306858627,0.00851992798461452,0.00694137769753956,0.00562985905498511,0.00457198326812242,0.00373831027374481,0.00309346866516552,0.00260229709505054,0.00223300412518332,0.00195836981769453,0.00175582688452498,0.00160701649777051,0.00149719212858904,0.00141467069473225,0.00135040496190231,0.00129766870638899,0.00125180181586616,0.0012099521164456,0.00117076722827153,0.00113402175260877,0.00110019901828901,0.00107007100208064,0.00104432885127898,0.00102330975410824,0.00100684821288872,0.000994257325506127,0.000984424242407841,0.000975987619078652,0.000967555749013387,0.000957922572296959,0.00094624409127051,0.000932148228052676,0.000915764676663977,0.000897675506707659,0.000878799972064895,0.000860236399247357,0.000843089063958786,0.000828308275288843,0.000816567903494428,0.000808197370016512,0.000803176147198444,0.000801189751852191,0.000801738689690371,0.000804287246040074,0.00080843853873908,0.000814126576101548,0.000821825457469804,0.00083279002606394,0.000849360268660211,0.000875381741433131,0.00091681339347669,0.000982608091567169,0.00108595394344837,0.00124594818996456,0.00148972994645466,0.00185501185736783,0.00239281236913327,0.00316999201454202,0.00427094048102748,0.00579746584198571,0.0078656508993458,0.0105982499306003,0.0141112311534948,0.0184934912032266,0.0237797525813426,0.0299183322210538,0.0367378348709719,0.0439196306086703,0.0509856203187841,0.0573122682106605,0.0621808482451956,0.0648689395476835,0.0647785844170616,0.0615827298894629,0.0553563897975152,0.0466478785953678,0.0364460573833443,0.0260190159051128,0.0166403107093784,0.00927254905057306,0.00432230346877031,0.0015821968847224,0.000409089211719533,6.12465926498965e-05,3.39811553165465e-06,1.68172821781368e-08,0
0,2.36876206810015e-05,0.000458084051157541,0.00205450468129946,0.00505429068014081,0.00893791328993439,0.0128182651087304,0.0159030954100687,0.0177439973355062,0.0182626761425043,0.0176496730243416,0.0162292049070002,0.014346288224303,0.0122963286793115,0.0102949044065869,0.00847595953998592,0.00690549847442214,0.00560070811867001,0.0045482647982422,0.00371887643363453,0.00307735070479907,0.00258870493044319,0.0022213096106231,0.00194808373902088,0.00174657543832146,0.00159851998139038,0.0014892466474524,0.00140713265724564,0.00134317773444107,0.00129069082809733,0.0012450364374179,0.00120337765904739,0.00116436952044313,0.00112778800637037,0.00109411393281263,0.00106411507056404,0.00103847867047837,0.00101753987654474,0.00100113390274542,0.000988577514876891,0.000978764038969039,0.000970339869639289,0.00096192138091011,0.00095230967503172,0.000940665923942277,0.000926620510571914,0.000910302621893459,0.000892291067183829,0.000873499713022045,0.000855020285394654,0.000837950285450087,0.000823234067173608,0.000811541160474969,0.000803198747458345,0.000798186285066636,0.000796191266313396,0.000796717644090641,0.000799233927622836,0.000803347513135372,0.000808996149116445,0.000816656824498889,0.000827586518885668,0.00084412720896579,0.000870127479497842,0.000911552155011062,0.000977365285761446,0.00108077460746576,0.00124090925461479,0.00148495697693563,0.00185070079227064,0.00238925645431483,0.00316761347862096,0.0042703253877763,0.00579939887238771,0.00787114454404403,0.0106085598649452,0.0141278468348359,0.0185180887162091,0.0238140965499658,0.0299641165471695,0.0367964594841442,0.0439919241896801,0.0510715368246043,0.0574106058262829,0.0622890584528894,0.0649831040947763,0.0648936302510833,0.0616929187201363,0.0554560570217753,0.0467323131878317,0.0365123313841738,0.0260665242772428,0.016670809250278,0.00928960471356908,0.0043302817666611,0.00158512791820587,0.000409850006604003,6.13610053304929e-05,3.40449929518274e-06,1.68491421789536e-08,0
0,2.35679367844485e-05,0.000455829508646231,0.00204440349665764,0.0050294383815642,0.00889395091748924,0.012755188737725,0.0158247959309156,0.0176565763629077,0.0181726302036341,0.0175625721950798,0.0161490332065974,0.0142753376392896,0.0122354393816571,0.0102438544153883,0.0084338644581375,0.00687114499357181,0.00557279429807703,0.00452555077621741,0.00370026379076327,0.00306191228457547,0.00257568448296199,0.00221010581950473,0.00193822822943097,0.00173771028507005,0.00159037732702206,0.00148163120386104,0.00139990687217661,0.00133624902278137,0.0012840002934889,0.00123854876254765,0.00119707216100539,0.00115823261807214,0.00112180744680702,0.00108827505453962,0.0010583991772739,0.00103286332526243,0.00101200067687143,0.000995647124373849,0.000983122950286762,0.000973327407269184,0.000964914321467961,0.000956507830253248,0.000946915920658566,0.000935304737663278,0.000921307035558211,0.000905051520058976,0.000887113870994696,0.00086840277798712,0.000850003620300738,0.000833007381746288,0.000818352684275914,0.000806704876950595,0.000798388981137004,0.000793384432626947,0.000791380620389656,0.000791884810183374,0.000794369573312188,0.000798446422256667,0.000804056705178984,0.000811680192863038,0.000822575921837714,0.000839087783689737,0.000865067275212443,0.000906484868080408,0.000972315359727619,0.0010757853453445,0.00123605459864748,0.00148035757993684,0.00184654487775419,0.00238582564776539,0.0031653131677303,0.00426971810290786,0.00580123756569745,0.00787640046962579,0.0106184371707275,0.0141437733658917,0.0185416706108503,0.0238470240267328,0.0300080111154854,0.036852659940348,0.0440612210086855,0.051153881665335,0.057504842764062,0.0623927417629162,0.0650924770047285,0.0650038316166741,0.0617984525198986,0.0555515002515461,0.0468131581852325,0.0365757793070836,0.0261120008363462,0.016699999761554,0.00930592691072158,0.00433791608147075,0.00158793227426462,0.000410577846323473,6.14704519112168e-05,3.41060548800992e-06,1.68796152384061e-08,0
0,2.34537828006548e-05,0.000453674161654307,0.00203474498558956,0.00500567317349038,0.00885190854840457,0.0126948630563731,0.0157499059828045,0.0175729564792414,0.0180864935873988,0.0174792469744283,0.0160723311908414,0.0142074525537513,0.0121771763004131,0.0101950022535604,0.00839357821710969,0.00683826474384403,0.00554607504493218,0.0045038066779584,0.0036824441357165,0.00304713007261477,0.00256321613037453,0.00219937591387781,0.00192878851690785,0.00172921817153548,0.00158257639205672,0.00147433446919784,0.00139298261662353,0.00132960856999523,0.00127758722299787,0.00123232923607188,0.00119102636055447,0.00115234753248825,0.00111607134002194,0.00108267388250581,0.0010529150264744,0.00102747469205707,0.00100668416789688,0.000990379992341476,0.000977885818678587,0.000968106585884259,0.000959703254721173,0.000951307419759253,0.000941733685085138,0.000930152978999681,0.000916200340801556,0.000900004019810922,0.00088213669268429,0.000863502075047573,0.000845179444342029,0.000828253515234556,0.000813657392886749,0.000802052399404991,0.000793761471243266,0.000788764017465531,0.000786751245525227,0.000787233604389829,0.000789687571228782,0.00079372861823832,0.000799301557560034,0.000806888837705348,0.000817751475236374,0.000834235203942314,0.000860194319748406,0.00090160472056471,0.000967451529122027,0.00107097945732089,0.00123137770604022,0.00147592558767769,0.00184253855440314,0.00238251539232578,0.00316308810033901,0.00426911802482729,0.00580298478846413,0.00788142642978774,0.0106278962677347,0.0141590339668176,0.0185642713394539,0.0238785832938251,0.0300500805794297,0.0369065194292693,0.0441276241739588,0.0512327780126365,0.0575951207325332,0.0624920549101168,0.0651972244705905,0.0651093568158875,0.061899493260122,0.0556428666758173,0.046890538844603,0.0366364998976087,0.0261555166659111,0.0167279280607481,0.00932154136394024,0.00434521848999325,0.00159061440525184,0.000411273890394849,6.15751073057475e-05,3.41644389682423e-06,1.69087503111397e-08,0
0,2.334492660807e-05,0.00045161454323691,0.00202551385638674,0.00498295760327623,0.00881172012667564,0.0126371935337746,0.0156783085097724,0.0174930073087814,0.0180041323273374,0.0173995680916087,0.015998980164474,0.0141425281862129,0.0121214497416698,0.0101482729170075,0.00835503913462792,0.00680680752420011,0.00552050968206291,0.00448299949710611,0.00366539049887851,0.00303298176227614,0.00255128111259613,0.00218910379561051,0.00191975047855859,0.00172108642700612,0.00157510556778634,0.00146734561319712,0.00138634963967686,0.0013232465709662,0.00127144217262198,0.00122636872448968,0.00118523140513043,0.00114670567267101,0.00111057133905832,0.00107730229297057,0.00104765469118536,0.00102230500905623,0.00100158271880419,0.000985324973732256,0.000972858656948108,0.000963094161680677,0.00095469929659962,0.000946312817858957,0.000936755688083349,0.000925203435703025,0.000911293301631387,0.000895153102771492,0.000877352634491869,0.000858790834340116,0.000840541114337576,0.000823682159591336,0.000809141766245368,0.000797577377998683,0.000789309919570802,0.000784318767888373,0.00078229687406703,0.000782757745072532,0.000785181613076608,0.000789187758794176,0.000794724327244495,0.00080227634400253,0.000813106731229266,0.000829562994449199,0.000855502119314839,0.000896905216128886,0.000962767324832038,0.0010663505558761,0.00122687236572383,0.00147165512283425,0.00183867652730506,0.00237932135197272,0.00316093544727228,0.00426852459980321,0.00580464330222194,0.00788622985716875,0.0106369509593918,0.0141736508509228,0.0185859238484488,0.023908820512447,0.0300903867426359,0.0369581174648797,0.0441912322297684,0.0513083435785468,0.0576815751521,0.0625871476682684,0.065297505298849,0.0652103666657962,0.0619961957048242,0.0557302969308361,0.0469645748441727,0.0366945875014703,0.0261971396809162,0.0167546379223314,0.00933647264771993,0.00435220053008399,0.00159317856474725,0.000411939246545069,6.16751386110421e-05,3.42202387066127e-06,1.69365941603992e-08,0
0,2.32411517135212e-05,0.000449647344889081,0.00201669549413938,0.00496125586698775,0.00877332249950168,0.012582089790369,0.0156098915932475,0.0174166041945645,0.0179254183300273,0.017323411939936,0.015928866630148,0.0140804643413554,0.0120681739352679,0.0101035946811108,0.00831818822411347,0.00677672532654281,0.00549605930847196,0.00446309766800693,0.00364907708748653,0.0030194460200802,0.00253986148787171,0.00217927406876428,0.00191110060757691,0.00171330293362107,0.00156795375218122,0.00146065427850646,0.00137999813829529,0.00131715364926164,0.0012655561115857,0.00122065849431012,0.00117967883028331,0.00114129882469453,0.00110529946382513,0.00107215251976651,0.00104261059388597,0.00101734685719915,0.000996689036316664,0.000980474869419969,0.000968034333258161,0.00095828305112561,0.000949895402636704,0.0009415170199738,0.000931974974586742,0.00092044921807886,0.000906579112413946,0.000890492065215211,0.000872755108257805,0.000854262590204802,0.000836082285950992,0.000819287082408334,0.000804799667345203,0.000793273749496157,0.000785028312498485,0.000780042695892935,0.000778011522166613,0.000778451235319993,0.000780845676776607,0.000784817789678601,0.000790318925212259,0.000797836588662809,0.00080863553571248,0.000825064975293203,0.000850984476735603,0.000892380155660004,0.000958256574328272,0.00106189254711505,0.00122253265319549,0.00146754058074415,0.00183495374942639,0.00237623939725653,0.00315885252052182,0.004267937316003,0.00580621576527086,0.00789081787617808,0.010645614460792,0.0141876452729068,0.0186066596525521,0.0239377798290521,0.0301289887032698,0.0370075300730529,0.0442521393906763,0.0513806908969796,0.0577643354803554,0.0626781632112055,0.0653934712934826,0.0653070148883978,0.0620887077867201,0.0558139254424885,0.0470353805752314,0.0367501322950273,0.026236934793972,0.0167801711849461,0.00935074424943287,0.00435887322900925,0.00159562881802508,0.000412574973441896,6.17707055200977e-05,3.42735434405692e-06,1.6963191474276e-08,0
0,2.31422556808724e-05,0.000447769407701266,0.00200827592605072,0.00494053372609151,0.00873665527101946,0.012529465388898,0.0155445481933481,0.0173436279103664,0.0178502290792449,0.0172506602914675,0.0158618820265346,0.0140211651789248,0.0120172668370653,0.0100608989354455,0.00828296905880413,0.00674797222516003,0.00547268670977293,0.0044440709930449,0.00363347922625167,0.00300650243658749,0.00252894009144965,0.00216987200411241,0.00190282598209208,0.0017058560983954,0.00156111032422939,0.00145425055671232,0.00137391873457468,0.00131132083534552,0.00125992040130415,0.00121519019164904,0.00117436053983463,0.00113611913239472,0.00110024808222846,0.00106721713584168,0.00103777548840322,0.00101259314232982,0.000991996147048463,0.000975822796534264,0.000963406029557191,0.000953666482815527,0.000945284839219577,0.000936913331037503,0.00092738489724319,0.000915883741616543,0.000902051269312056,0.000886014501008929,0.000868337818582683,0.000849911164584196,0.000831796897329172,0.000815062329048533,0.000800625232966064,0.000789135721419596,0.000780910905204225,0.000775930081380872,0.000773889473936867,0.000774308347003249,0.000776674010391635,0.000780612928460983,0.00078607953605371,0.000793563723981084,0.000804332011628263,0.000820735245060477,0.000846635474455596,0.000888023620158694,0.000953913384494998,0.00105759961364341,0.00121835291364046,0.00146357661311246,0.00183136540645019,0.00237326559211146,0.00315683676326324,0.00426735569846026,0.00580770473496393,0.00789519731570385,0.0106538994257272,0.0142010375749057,0.0186265089051953,0.0239655034758979,0.0301659429903622,0.037054829968527,0.0443104357622852,0.0514499275887165,0.0578435255181207,0.0627652384523467,0.065485267616883,0.0653994484768873,0.0621771709603557,0.0558938807477149,0.0471030654160432,0.0368032205014998,0.0262749640711658,0.0168045678519787,0.00936437862585774,0.00436524713002032,0.00159796905186397,0.000413182083252445,6.18619607085671e-05,3.43244385872618e-06,1.6988584974503e-08,0
0,2.30480487686991e-05,0.000445977714142006,0.0020002417887667,0.00492075842879884,0.00870166066414019,0.0124792376369396,0.0154821759045177,0.0172739643886628,0.0177784473565672,0.0171812000275317,0.0157979224810228,0.013964538995532,0.0119686499422487,0.0100201200277384,0.0082493276434815,0.0067205042723653,0.00545035627365254,0.00442589057405784,0.00361857330132174,0.00299413148004583,0.00251850049658884,0.00216088350566547,0.00189491423578316,0.00169873482683368,0.00155456511973609,0.00144812496573301,0.00136810245431711,0.00130573954604158,0.00125452677555956,0.00120995582300791,0.00116926878719122,0.00113115907917167,0.00109540989241993,0.00106248903590503,0.001033142442894,0.00100803707844541,0.000987497380944623,0.000971362172020984,0.000958967225200613,0.000949237981118325,0.000940861167235101,0.00093249534915278,0.000922979100110152,0.000911500710765458,0.00089770355419118,0.000881714285694167,0.000864094747121871,0.000845730651549483,0.000827679153859287,0.000811002207613206,0.000796612858812779,0.000785157757308188,0.00077695220698767,0.000771975457487085,0.000769925266736293,0.0007703236059742,0.000772661117209678,0.00077656764947637,0.000782000602780091,0.000789452162308127,0.000800190543496347,0.000816568165240427,0.000842449458821288,0.000883829954925344,0.000949732125774522,0.00105346619877361,0.00121432774638849,0.00145975811304063,0.00182790690289563,0.00237039618185899,0.00315488574090694,0.00426677930481456,0.00580911267036505,0.0078993747216052,0.0106618179726799,0.0142138472303916,0.0186455004653663,0.0239920318662239,0.0302013036926195,0.0371000867218853,0.0443662075493348,0.0515161566110274,0.0579192636975604,0.0628485043641823,0.0655730331293355,0.0654878080400525,0.0622617205340477,0.0559702857965532,0.047167733989188,0.0368539345940631,0.0263112868784127,0.016827866185986,0.00937739725624378,0.00437133231729358,0.00160020298375186,0.000413761544043366,6.19490501973568e-05,3.43730058388918e-06,1.70128155184189e-08,0
0,2.29583527443828e-05,0.000444269380406882,0.00199258029758338,0.00490189863577667,0.00866828339000367,0.0124313274003224,0.0154226767246367,0.0172075044636121,0.0177099609774215,0.0171149228841734,0.015736888576124,0.0139104980185571,0.0119222481090113,0.00998119511650198,0.00821721229333665,0.00669427939995219,0.00542903391004792,0.00440852874758349,0.00360433670737753,0.00298231445263301,0.00250852697775227,0.00215229507907656,0.00188735353014605,0.00169192849803039,0.00154830840848956,0.00144226842849078,0.00136254070681548,0.00130040156516484,0.00124936732180931,0.00120494773715478,0.00116439615773617,0.00112641147084759,0.00109077790608256,0.00105796142009449,0.00102870482383919,0.00100367217195062,0.000983186355725479,0.000967086697209673,0.000954711681585496,0.000944991350837058,0.000936618226746225,0.000928256950286357,0.00091875150339381,0.000907294103757476,0.000893530019570461,0.000877585561609793,0.000860020137913134,0.000841715402850844,0.000823723513941152,0.000807101274916705,0.000792757185656494,0.000781334562978308,0.000773146967595792,0.000768173596917423,0.000766113677471093,0.000766491778293708,0.000768801741870766,0.000772676669835011,0.000778076812708668,0.000785496561810892,0.00079620576305296,0.000812558345750209,0.000838421025502937,0.000879793754904836,0.000945707417485424,0.00104948699191576,0.00121045199055734,0.0014560802012278,0.00182457384936714,0.00236762758225386,0.00315299713303843,0.00426620772169228,0.00581044193516941,0.00790335636891634,0.0106693817097585,0.0142260928859836,0.018663661961026,0.0240174036843393,0.0302351225801508,0.0371433669171796,0.0444195372519736,0.0515794764929544,0.0579916633536097,0.0629280862791313,0.0656569007085912,0.0655722281263735,0.0623424859821808,0.0560432582362424,0.0472294864035667,0.0369023534868009,0.0263459600190325,0.0168501027974443,0.00938982069217568,0.00437713843936295,0.00160233417053288,0.000414314282035081,6.20321136931048e-05,3.44193233535227e-06,1.70359221946504e-08,0
0,2.28729998475908e-05,0.000442641649280932,0.00198527921740701,0.004883924349959,0.00863647052459513,0.0123856589267729,0.015365956836807,0.0171441436281611,0.0176446625416557,0.0170517252116178,0.0156786851287534,0.013858958211426,0.0118779893919688,0.00994406403181258,0.00818657351953803,0.00666925732610651,0.0054086869757494,0.00439195902369949,0.0035907477976685,0.00297103344913388,0.00249900447585079,0.00214409380180891,0.0018801325283097,0.00168542694116324,0.00154233087270626,0.00143667225278118,0.00135722526577541,0.00129529902524552,0.00124443446355168,0.00120015860803428,0.00115973555222461,0.00112186941950856,0.00108634543268203,0.00105362777859538,0.00102445628097671,0.000999492206843694,0.000979056962259816,0.000962990343310808,0.000950633427719174,0.00094092066281382,0.000932550122615383,0.000924192273917051,0.000914696289145267,0.000903258158387597,0.000889524974529834,0.000873622723965606,0.000856108483647612,0.00083786001440232,0.000819924675685138,0.000803354323379001,0.000789053086388201,0.000777661073693462,0.000769490164459204,0.000764519499201549,0.000762449709819947,0.000762807857392406,0.000765090857438424,0.000768934936389403,0.000774303084319005,0.000781691813217821,0.000792372535888908,0.000808700631472511,0.000834545005944399,0.000875909851072775,0.00094183411419447,0.00104565691503019,0.00120672071175696,0.0014525382132162,0.0018213620508044,0.00236495636944614,0.00315116872612766,0.00426564056162098,0.00581169480080055,0.00790714827371036,0.0106766017585728,0.0142377924012338,0.0186810198492555,0.0240416559708919,0.0302674492195286,0.0371847343007752,0.0444705038509638,0.051639981557206,0.058060832979843,0.0630041041730479,0.0657369975509182,0.0656528375292598,0.0624195912392617,0.0561129106786748,0.0472884184821814,0.0369485527144043,0.026379037863197,0.0168713127282423,0.00940166860447776,0.00438267473115761,0.00160436601653823,0.000414841183721161,6.21112849082278e-05,3.44634659343988e-06,1.70579424130034e-08,0
0,2.27918318806574e-05,0.000441091883468469,0.00197832683535164,0.00486680685021134,0.00860617139209986,0.0123421596791886,0.0153119264030579,0.0170837818044343,0.0175824491977629,0.0169915077469132,0.0156232209816143,0.0138098390895733,0.0118358048847253,0.0099086691437429,0.00815736392109505,0.00664539946744438,0.00538928420315872,0.00437615602823742,0.00357778583680783,0.0029602713179018,0.00248991856541061,0.00213626729495663,0.00187324037030512,0.00167922041329256,0.00153662358667548,0.00143132811226436,0.00135214825130246,0.00129042439027573,0.00123972094368107,0.00119558141863992,0.00115528017111823,0.00111752632826408,0.00108210606461765,0.00104948187714334,0.00102039073310724,0.00099549123076718,0.000975103350798729,0.000959067337773435,0.00094672674665094,0.000937020240401292,0.000928651211000772,0.000920295709561291,0.00091080788783696,0.000899387358674967,0.000885682971494754,0.000869820407788016,0.00085235451280522,0.00083415931362224,0.0008162775644567,0.000799756368756999,0.000785495653905272,0.000774132442164253,0.000765976990758675,0.000761008378779328,0.000758928582298469,0.000759267052079633,0.000761523653329344,0.000765337613570687,0.000770674554990233,0.000778033027457041,0.000788685948992556,0.000804990089710314,0.000830816454741904,0.000872173297762081,0.000938107293038523,0.00104197111003537,0.00120312918974613,0.0014491276875708,0.00181826749562342,0.00236237927075196,0.00314939840690671,0.00426507746038889,0.00581287344961599,0.00791075620458619,0.0106834887770592,0.0142489628864631,0.0186975994732898,0.0240648242035806,0.0302983310825713,0.0372242499219553,0.0445191829825249,0.0516977621295346,0.0581268764698141,0.0630766729325474,0.0658134454548949,0.0657297595747255,0.0624931549770001,0.0561793509523682,0.0473446219766962,0.0369926046014172,0.0264105724698305,0.0168915295302949,0.0094129598273721,0.00438795003474685,0.00160630178123908,0.000415343097862801,6.21866918620551e-05,3.45055051986339e-06,1.70789119889997e-08,0
0,2.27146994071255e-05,0.000439617559349912,0.00197171193486896,0.00485051862861706,0.00857733745459788,0.0123007601779705,0.0152604993692693,0.0170263231266185,0.0175232224199475,0.0169341753989686,0.0155704088059647,0.0137630635464531,0.0117956285710401,0.00987495523798711,0.00812953808263806,0.00662266885586642,0.00537079563295113,0.00436109544816609,0.00356543095615871,0.00295001162396531,0.00248125542354657,0.00212880369661702,0.00186666664969768,0.0016732995783859,0.00153117799752888,0.00142622802850836,0.00134730211288772,0.00128577043941444,0.00123521980876993,0.00119120944578691,0.00115102349979755,0.00111337587686442,0.00107805366321335,0.00104551774335207,0.00101650235471279,0.00099166354186298,0.000971319918008961,0.000955312151440896,0.000942986162703272,0.000933284646737108,0.000924916086659377,0.00091656188410874,0.000907080965750907,0.000895676422335149,0.000881998793828936,0.000866173475667994,0.000848753177584626,0.000830608347559431,0.000812777321197874,0.000796302638644988,0.000782080189761213,0.000770744027308231,0.000762602844251083,0.000757635653849096,0.000755545717090584,0.000755864775326428,0.00075809552402576,0.000761880072017312,0.000767186569540651,0.000774515524107108,0.00078514129911561,0.000801421998474698,0.00082723063786596,0.00086857936084214,0.000934522241906573,0.00103842492707936,0.00119967290694788,0.00144584435489877,0.00181528634565468,0.00235989315614191,0.003147684156331,0.00426451807477664,0.00581397997816801,0.00791418569375453,0.0106900529812735,0.0142596207387202,0.0187134251165904,0.0240869423735602,0.030327813649213,0.0372619722657872,0.0445656471034619,0.0517529047363976,0.0581898933448168,0.063145902607221,0.0658863610891015,0.065803112392689,0.0625632908655736,0.0562426823400185,0.0473981847696943,0.037034578421756,0.0264406137014918,0.0169107853396229,0.00942371240008467,0.00439297281888377,0.00160814458645542,0.000415820837367351,6.22584571644186e-05,3.45455097360427e-06,1.70988652234537e-08,0
0,2.26414610427808e-05,0.000438216261130032,0.00196542377131316,0.00483503333117018,0.00854992220772643,0.0122613938518846,0.0152115932806526,0.0169716757356081,0.017466887797277,0.0168796370452505,0.0155201649150881,0.0137185576889987,0.0117573971840828,0.00984286939824935,0.00810305247776039,0.00660103005993939,0.00535319255040669,0.00434675397995305,0.00355366411165537,0.00294023861414978,0.00247300180063178,0.00212169163672005,0.00186040139149944,0.00166765548749295,0.0015259859070657,0.00142136435401949,0.00134267961333026,0.00128133025159113,0.00123092439421933,0.00118703624572861,0.0011469592945962,0.00110941200812033,0.0010741823454937,0.00104172965381125,0.00101278556333326,0.000988003676376663,0.000967701294750149,0.000951719486448352,0.000939406429445343,0.000929708672762711,0.000921339570997341,0.000912985649907646,0.00090351041311763,0.000892120289001885,0.000878467444173008,0.00086267700624906,0.000845299642565624,0.000827202371743205,0.000809419291463886,0.000792988561682495,0.000778802193516861,0.00076749138370758,0.000759363316792266,0.000754396935914557,0.000752296729582654,0.000752596633757325,0.000754802058504047,0.000758557877928209,0.000763834669500513,0.000771134820589786,0.000781734081889777,0.000797991835532274,0.000823783021651372,0.000865123506673824,0.000931074448403534,0.00103501391359492,0.0011963475377427,0.00144268412762703,0.00181241492679756,0.0023574950303692,0.00314602404405281,0.004263962080601,0.00581501640047743,0.00791744204770811,0.0106963041661753,0.0142697816759441,0.0187285200541043,0.024108043057775,0.0303559405048056,0.0372979573787151,0.0446099656471828,0.0518054922916435,0.0582499789689369,0.0632118986477217,0.0659558562447661,0.0658730091729829,0.0626301078201333,0.0563030038026048,0.0474491910654618,0.0370745405491648,0.0264692093327174,0.0169291109462094,0.00943394360607601,0.00439775119743137,0.00160989742315209,0.000416275181059044,6.23266982829327e-05,3.45835452588148e-06,1.71178349774444e-08,0
0,2.25719828260525e-05,0.000436885675346062,0.00195945204885103,0.00482032570167315,0.00852388108196139,0.0122239968969516,0.0151651291071713,0.0169197515847192,0.017413354834206,0.0168278053394537,0.015472409087839,0.0136762506819743,0.0117210500732975,0.00981236089499399,0.00807786537759166,0.00658044911053505,0.00533644742519148,0.00433310928072616,0.00354246704391283,0.00293093718409319,0.00246514499256127,0.00211492021322706,0.00185443503128402,0.00166227956000078,0.00152103945456958,0.00141672975619955,0.00133827381353868,0.00127709719095264,0.00122682831022441,0.00118305564056407,0.00114308156960539,0.00110562891507431,0.00107048647169466,0.00103811212190441,0.00100923500765115,0.000984506396960974,0.000964242334545522,0.000948284264810996,0.00093598251835695,0.000926287325934016,0.000917916700814144,0.000909562073545605,0.000900091332950795,0.000888714109142957,0.000875084133473434,0.000859326283399644,0.000841989274048344,0.00082393683970176,0.000806199015119734,0.00078980975741451,0.00077565735273801,0.000764370251709468,0.000756254184501252,0.000751288019974221,0.000749177418543514,0.000749458417793197,0.000751639030320795,0.000755366783080618,0.000760614583057042,0.000767886622042701,0.000778459981630907,0.000794695268147585,0.000820469262489433,0.000861801391773087,0.00092775958952714,0.00103173380406828,0.00119314893846856,0.00143964309046699,0.00180964972032102,0.00235518202567073,0.00314441622334628,0.00426340917102096,0.00581598465128789,0.00792053035746921,0.0107022517254343,0.0142794607694073,0.0187429066008547,0.0241281574874461,0.0303827534321752,0.0373322589873173,0.0446522051711619,0.0518556042729084,0.0583072247521997,0.0632747621306262,0.0660220380743381,0.0659395584070694,0.0626937102335167,0.0563604101909322,0.0474977215700601,0.0371125545992111,0.026496405152264,0.0169465358599176,0.00944367001005668,0.00440229294674679,0.00161156315784989,0.000416706875349313,6.23915277950904e-05,3.46196747426658e-06,1.71358527430031e-08,0
0,2.25061376567472e-05,0.00043562358570758,0.00195378689863428,0.00480637152865137,0.00849917134919076,0.0121885081429014,0.015121031078324,0.0168704662558291,0.0173625367618093,0.016778596529502,0.0154270644016691,0.0136360746006928,0.0116865290784277,0.00978338108018194,0.00805393676429287,0.00656089343047428,0.00532053385438405,0.00432013992206849,0.00353182224048891,0.00292209284704277,0.00245767281451419,0.00210847896961634,0.00184875839543182,0.00165716356590449,0.00151633110055692,0.00141231720217373,0.00133407805815857,0.00127306489310198,0.00122292542850465,0.00117926170538795,0.00113938458420077,0.0011020210288763,0.00106696063346244,0.00103465988630096,0.00100584555623853,0.000981166681632638,0.000960938102699925,0.000945001617656432,0.000932709608135775,0.000923015819576085,0.00091464271769211,0.000906286425276625,0.000896819030527951,0.000885453233620185,0.000871844270651608,0.000856116786019718,0.000838817630019365,0.000820807393099296,0.000803112216647283,0.000786762026754853,0.000772641533590294,0.000761376548119821,0.000753271398516327,0.000748304875303387,0.000746183756899796,0.000746446092393784,0.000748602388304108,0.000752302715459415,0.000757522215617534,0.000764766811816763,0.000775314861774525,0.00079152814346335,0.000817285197164043,0.000858608853123767,0.000924573521997505,0.00102858051046026,0.00119007313806578,0.00143671749150441,0.00180698735474987,0.00235295139498354,0.00314285892643244,0.00426285905506479,0.00581688658927542,0.00792345550841326,0.0107079046702897,0.0142886724745184,0.018756606157999,0.0241473156129254,0.0304082924987364,0.0373649286106338,0.0446924294963709,0.0519033168883571,0.0583617183425587,0.0633345899709072,0.0660850093168848,0.0660028641163781,0.0627541981960584,0.0564149924454276,0.0475438536613858,0.0371486815633748,0.0265222450596515,0.0169630883727292,0.00945290749293471,0.00440660552209312,0.00161314453867767,0.000417116635813413,6.24530536261972e-05,3.46539585600439e-06,1.71529487098114e-08,0
0,2.24438047938251e-05,0.000434427868243034,0.001948418858157,0.00479314759510825,0.0084757520342739,0.0121548689267518,0.0150792265267448,0.016823738785333,0.0173143503591004,0.0167319302852759,0.0153840570745823,0.0135979642916127,0.0116537784102816,0.00975588328764173,0.00803122824918392,0.00654233176794034,0.00530542650855552,0.00430782534629105,0.00352171290017112,0.00291369170432682,0.00245057357612572,0.00210235787357922,0.00184336268243795,0.00165229960903243,0.00151185361140107,0.00140811994443691,0.00133008596197603,0.00126922725208108,0.00121920986975276,0.00117564875613738,0.00113586283124745,0.0010985830073202,0.00106359964269778,0.00103136790007967,0.00100261228692405,0.000977979713340365,0.000957783866022934,0.000941866875058678,0.000929583074604953,0.000919889562838294,0.000911513057987166,0.000903154169049915,0.000893689003472399,0.000882333203848348,0.000868743452867813,0.000853044178436496,0.000835780450699715,0.000817809852447079,0.000800154796018394,0.000783841343008388,0.000769750771987167,0.000758506357446286,0.000750411076298534,0.000745443636783893,0.000743311883061257,0.000743555788353976,0.000745688247803517,0.000749361770450545,0.000754553640942355,0.000761771442549318,0.00077229475589283,0.000788486479467733,0.000814226833780049,0.000855541899086983,0.000921512273185816,0.00102555011322539,0.00118711632931216,0.00143390373385997,0.00180442459828349,0.00235080050562661,0.00314135046016038,0.004262311456344,0.00581772400019439,0.00792622218967179,0.0107132716474992,0.0142974306600623,0.0187696392564896,0.0241655461651194,0.0304325961389484,0.0373960156664437,0.0447306998391594,0.0519487032343598,0.0584135438074118,0.063391475122788,0.0661448685111382,0.0660630260681105,0.062811667703318,0.0564668377849392,0.0475876615498586,0.0371829799357411,0.0265467711563752,0.0169787956175429,0.00946167128482935,0.00441069607314228,0.0016146442010889,0.000417505148679543,6.25113792740801e-05,3.46864546059189e-06,1.71691518281749e-08,0
0,2.23848694043649e-05,0.00043329648673033,0.00194333885172677,0.00478063163095585,0.00845358383129886,0.0121230229731017,0.0150396457401139,0.0167794914993522,0.0172687157838494,0.016687729535504,0.0153433163154979,0.0135618572403537,0.0116227445378451,0.00972982273874606,0.00800970299523248,0.00652473413344057,0.00529110108072426,0.00429614582503775,0.0035121228991693,0.00290572041740318,0.00244383605798525,0.00209654729685493,0.00183823944522011,0.00164768011116939,0.0015076000447803,0.00140413150726956,0.001326291397051,0.001265578408053,0.00121567599175879,0.0011722113380939,0.00113251102594186,0.00109530972400092,0.00106039852100564,0.0010282313204444,0.000999530476741057,0.000974940870105259,0.000954775083118251,0.000938875556434773,0.00092659848118162,0.000916904151210215,0.000908523343380647,0.000900160953099785,0.000890696932395274,0.000879349742511945,0.000865777456338936,0.000850104301348175,0.000832873649633944,0.000814940208347954,0.000797322820093847,0.000781043843412103,0.00076698126525111,0.00075575592365057,0.000747669493442635,0.000742700596741382,0.000740558092755428,0.000740783794112646,0.000742892882456659,0.000746540202556039,0.000751705092804625,0.000758896727769129,0.000769395859248565,0.000785566456503302,0.00081129034323771,0.000852596700860245,0.000918572032594577,0.0010226388528809,0.00118427486059983,0.00143119836787255,0.00180195835170047,0.00234872683340471,0.00313988920200647,0.00426176611192549,0.00581849859994538,0.00792883490312144,0.0107183609564118,0.0143057486359528,0.0187820255984621,0.0241828767136715,0.0304557012323829,0.0374255675718493,0.0447670749360371,0.0519918334446507,0.058462781805287,0.0634455067696943,0.0662017101969559,0.0661201399792925,0.0628662108524816,0.0565160298852301,0.0476292164303302,0.0372155058327643,0.0265700238321251,0.0169936836237526,0.00946997599627508,0.00441457145862726,0.00161606467326427,0.000417873072236103,6.25666040214293e-05,3.47172184166377e-06,1.71844898685181e-08,0
0,2.23292221570677e-05,0.000432227488391107,0.00193853817198273,0.00476880226796643,0.00843262902426823,0.0120929162807545,0.0150022218208991,0.0167376498576591,0.0172255564123551,0.0166459203132873,0.0153047741825372,0.0135276934467016,0.0115933760813749,0.00970515645308586,0.00798932564365075,0.00650807174010988,0.00527753423801747,0.00428508242008627,0.00350303675910232,0.00289816618139167,0.00243744948938309,0.00209103799613733,0.00183338057436748,0.00164329779702482,0.00150356373590075,0.00140034567387785,0.00132268848053697,0.00126211273564206,0.00121231837816933,0.00116894421500101,0.00112932409525228,0.00109219625805435,0.00105735248971354,0.00102524549899584,0.000996595592420895,0.000972045715697845,0.000951907395203611,0.00093602336146809,0.000923751569870289,0.000914055357561752,0.000905669371955324,0.000897302601059541,0.000887838672060486,0.000876498744802316,0.000862942227672476,0.000847293163278407,0.00083009330528321,0.000812194613237498,0.000794612514511562,0.000778365821158806,0.000764329364252008,0.000753121642374088,0.000745043075959386,0.000740072197253717,0.000737918831334875,0.000738126548036875,0.000740212716435067,0.000743834417592423,0.000748972957137796,0.000756139033993768,0.000766614520845704,0.000782764409277011,0.000808472051211975,0.000849769584444372,0.000915749143846922,0.00101984312208276,0.00118154522821083,0.00142859808376262,0.00179958564170806,0.00234672795709609,0.00313847359635929,0.00426122277133823,0.00581921203755495,0.0079312979719684,0.0107231805652026,0.0143136391795706,0.0187937840964735,0.0241993337220857,0.0304776431776531,0.037453629838499,0.0448016111617784,0.0520327748314809,0.0585095097482904,0.0634967705039675,0.0662556251059078,0.0661742977097985,0.0629179160281372,0.0565626490478056,0.0476685866257598,0.0372463131065371,0.0265920418463269,0.0170077773698064,0.00947783564772985,0.00441823826019762,0.0016174083812203,0.000418221038162303,6.26188231365627e-05,3.47463032822908e-06,1.71989894776241e-08,0
0,2.22767588546492e-05,0.00043121899983025,0.00193400846239862,0.00475763899710014,0.00841285141196031,0.0120644970153074,0.0149668905534817,0.0166981423058209,0.0171847986876543,0.0166064316097615,0.0152683654487748,0.0134954153062003,0.011565623711125,0.0096818431638529,0.00797006224436213,0.00649231694716233,0.00526470357588254,0.00427461694621738,0.00349443961667479,0.00289101670000434,0.00243140352723289,0.0020858210949909,0.0018287782822755,0.00163914567999659,0.00149973828444907,0.00139675647421516,0.00131927156314681,0.00125882483289295,0.00120913182784419,0.00116584235876106,0.00112629716792226,0.00108923788444536,0.00105445696042433,0.00102240597252532,0.000993803281397929,0.000969289990818599,0.000949176617428181,0.000933306161525291,0.000921038252747797,0.00091133912367402,0.000902947109761871,0.000894575103565316,0.000885110243038298,0.000873776270140837,0.000860233875682617,0.000844606932507429,0.000827435653088537,0.000809569373588283,0.000792020256030899,0.000775803717870463,0.000761791565989874,0.000750600053604228,0.000742528392996364,0.000737555022897584,0.000735390686523838,0.000735580631147951,0.000737644317134992,0.000741240965337942,0.000746353764636056,0.000753494873283857,0.000763947235940891,0.000780076819334597,0.000805768430599448,0.000847057023080524,0.000913040097146848,0.00101715945817012,0.00117892406905307,0.00142609970473793,0.00179730361470004,0.00234480155329082,0.00313710215106195,0.00426068119569458,0.00581986589805988,0.00793361554893934,0.0107277381263054,0.0143211145607598,0.0188049329107052,0.0242149425999612,0.0304984559624411,0.0374802461627598,0.0448343626412416,0.0520715920192401,0.0585538019558702,0.063545348496956,0.0663067003416456,0.0662255874450167,0.0629668680780721,0.0566067723596676,0.0477058377231636,0.0372754534519638,0.0266128624052921,0.0170211008329353,0.00948526369749298,0.00442170279552784,0.00161867765364227,0.00041854965278692,6.266812806334e-05,3.47737603529991e-06,1.72126762318255e-08,0
0,2.22273801003058e-05,0.000430269223203849,0.00192974170071293,0.00474712212807282,0.0083942162367279,0.0120377154073691,0.014933590278244,0.0166609001350917,0.0171463719756881,0.0165691952354296,0.0152340274750297,0.0134649674979521,0.0115394400513846,0.00965984323766022,0.00795188019011527,0.00647744320630937,0.0052525875747012,0.00426473193603308,0.00348631719494572,0.00288426016179237,0.00242568823610151,0.00208088806671738,0.00182442508811518,0.0016352170486839,0.00149611754223209,0.00139335817344548,0.00131603521822693,0.00125570951081269,0.00120611134477545,0.00116290093967716,0.00112342556500369,0.00108643006477125,0.00105170752607137,0.00101970845429949,0.000991149363295407,0.000966669604751282,0.000946578730656866,0.000930719991536304,0.000918454603909106,0.000908751552230048,0.000900352682844659,0.000891974610318558,0.00088250782381613,0.000871178534356751,0.000857648663656972,0.000842041929448636,0.000824897077973287,0.000807060942546603,0.000789542565302649,0.000773354116491078,0.000759364506592027,0.000748187834751372,0.000740122149967495,0.000735145793903323,0.000732970381574014,0.000733142760258605,0.000735184388282375,0.00073875653259729,0.000743844183775805,0.000750960896221955,0.000761390638982963,0.000777500307966282,0.000803176094399477,0.000844455630123407,0.000910441522176035,0.00101458453614379,0.00117640815382206,0.00142370018050753,0.0017951095308907,0.0023429453915501,0.0031357734341872,0.00426014115690959,0.00582046170529121,0.0079357916240914,0.0107320409910802,0.0143281865655487,0.0188154894842404,0.0242297277524979,0.0305181722298465,0.0375054585111337,0.0448653813552717,0.0521083470709917,0.058595729800412,0.0635913196600581,0.0663550195506679,0.0662740938687816,0.0630131484796972,0.0566484738445451,0.0477410327023062,0.037302976508211,0.0266325212352467,0.0170336770362232,0.00949227306813019,0.00442497113072434,0.00161987472645851,0.000418859498279649,6.27146066008983e-05,3.47996387394985e-06,1.72255746873375e-08,0
0,2.2180990994142e-05,0.000429376432600326,0.00192573018323201,0.00473723275103639,0.00837669011701133,0.0120125236560855,0.0149022617722246,0.0166258573496135,0.0171102084289713,0.0165341456887301,0.0152017000892926,0.0134362968782711,0.0115147795895229,0.00963911859854647,0.00793474815403636,0.00646342501097469,0.00524116555866837,0.00425541060661172,0.00347865577609772,0.00287788521763386,0.00242029406928261,0.0020762307181182,0.00182031380358859,0.0016315054541061,0.00149269560146378,0.00139014526101124,0.00131297423140428,0.00125276178346146,0.00120325212853612,0.0011601153172083,0.00112070479088848,0.0010837684385504,0.0010490999524464,0.00101714882580649,0.000988629821863342,0.000964180627460578,0.000944109873693171,0.00092826104230903,0.000915996851845559,0.000906288899236788,0.00089788236969816,0.000889497422578306,0.000880027743337634,0.000868701902290662,0.000855183002045161,0.000839594619441943,0.000822474107256446,0.000804665912973525,0.000787176100036932,0.000771013734571562,0.000757044954697369,0.000745881794109459,0.000737821182064029,0.000732841359690606,0.000730654768801953,0.000730809781493666,0.000732829763423786,0.000736377936655344,0.000741441014229331,0.00074853388528683,0.000758941496950938,0.00077503162951378,0.000800691788998971,0.000841962152319856,0.000907950181396201,0.00101211516204745,0.00117399438055739,0.00142139658117376,0.00179300075879585,0.00234115732986047,0.003134486071024,0.00425960243700429,0.00582100092455545,0.00793783003225461,0.0107360962237504,0.0143348665186625,0.0188254705765209,0.0242437126274268,0.0305368233412635,0.0375293072011884,0.0448947172410282,0.052143099608336,0.0586353618451465,0.0636347597972541,0.0664006630840523,0.0663198983271511,0.0630568354976556,0.0566878246061109,0.0477742320575721,0.0373289299547782,0.0266510526514862,0.0170455280931803,0.00949887617149635,0.00442804909207391,0.00162100174717174,0.000419151133779151,6.27583430738328e-05,3.48239856083722e-06,1.7237708427909e-08,0
0,2.21375008560345e-05,0.000428538970620706,0.00192196650995564,0.00472795270025209,0.00836024098335609,0.0119888758376741,0.014872848135969,0.0165929505405108,0.0170762428573402,0.0165012200314274,0.0151713254724133,0.0134093523798599,0.011491598589756,0.00961963265592584,0.00791863603042383,0.00645023784814604,0.00523041765680649,0.00424663682789494,0.00347144217562081,0.00287188095939146,0.00241521185085397,0.00207184117410125,0.00181643751942536,0.00162800469758674,0.00148946678366216,0.00138711244027094,0.00131008359077335,0.00124997685856053,0.00120054956522776,0.001157481031208,0.0011181305248098,0.00108124881496756,0.00104663017017249,0.00101472312893663,0.000986240797341602,0.00096181928210751,0.000941766335914285,0.000925925653252454,0.000913661372229274,0.000903947566851992,0.000895532594127421,0.000887139986056607,0.00087766647394334,0.000866342880797038,0.000852833441542639,0.000837261605937527,0.000820163403950575,0.000802381010864446,0.000784917648543418,0.000768779417921301,0.000754829805202637,0.000743678864675066,0.000735622448121988,0.000730638692759937,0.000728440823482841,0.000728578664168691,0.000730577399777646,0.000734102119093867,0.00073914118064434,0.000746210748596456,0.000756596703063445,0.000772667665051247,0.000798312387833301,0.000839573463464888,0.000905562963728814,0.00100974826672331,0.00117167976856588,0.00141918609147478,0.00179097477003505,0.00233943531035962,0.00313323874125673,0.00425906482748125,0.0058214849652116,0.00793973446012068,0.0107399106146461,0.0143411653048899,0.0188348922950807,0.0242569197595075,0.0305544394359847,0.0375518309782617,0.0449224182870623,0.0521759069249889,0.0586727639748188,0.0636757417496241,0.0664437081506856,0.0663630789835708,0.06309800433314,0.0567248929636621,0.0478054939134196,0.0373533596025108,0.0266684896238887,0.0170566752499678,0.00950508493243974,0.004430942277173,0.00162206077896206,0.000419425096461607,6.27994184933973e-05,3.48468462722549e-06,1.72491001099538e-08,0
0,2.20968229719028e-05,0.000427755245145205,0.00191844357047779,0.00471926451964409,0.00834483801773789,0.0119667278186849,0.0148452946862276,0.0165621187664924,0.017044412605378,0.0164703577704422,0.0151428480496941,0.0133840849161931,0.0114698550113687,0.00960135023625997,0.00790351487860141,0.00643785815271434,0.00522032476599387,0.00423839509270797,0.0034646637178303,0.00286623689967305,0.00241043275866244,0.00206771186308373,0.00181278959257792,0.00162470881926475,0.00148642562912136,0.00138425461867363,0.00130735847759194,0.00124735012858771,0.00119799921889823,0.00115499379361836,0.00111569861278569,0.00107886716504957,0.00104429426709597,0.00101242755857192,0.000983978579223218,0.000959581937957958,0.000939544550293861,0.000923710305483774,0.000911444681079221,0.000901724096591435,0.000893299918488003,0.000884898884192383,0.000875420624688151,0.000864098112121018,0.00085059666654521,0.000835039624045601,0.000817961760420326,0.0008002030891233,0.000782764123620348,0.000766648134603124,0.00075271607334758,0.000741576098302077,0.000733523024823168,0.000728534882916977,0.000726325638077574,0.000726446495003273,0.000728424372422164,0.000731926139947371,0.000736941726765221,0.000743988513995319,0.000754353270834934,0.000770405416415251,0.000796034885398046,0.000837286558409715,0.000903276878586501,0.00100748089991662,0.00116946145268594,0.00141706600535282,0.00178902913443153,0.00233777735531297,0.00313203017632037,0.00425852812876247,0.00582191518314399,0.00794150845299244,0.0107434906927859,0.0143470933893637,0.0188437701256514,0.0242693708127271,0.0305710494877143,0.0375730670881792,0.0449485306234432,0.0522068240944395,0.0587079995195387,0.0637143355323199,0.0664842289624885,0.0664037109659288,0.063136727265404,0.0567597445807056,0.0478348741337995,0.0373763094798522,0.0266848638390016,0.0170671389254149,0.00951091081126622,0.00443365606547458,0.00162305380457526,0.00041968190255334,6.28379107102625e-05,3.48682642753096e-06,1.72597715053151e-08,0
0,2.20588743607755e-05,0.00042702372627431,0.00191515453061821,0.00471115143012783,0.00833045159600973,0.0119460371737233,0.0148195488541724,0.0165333034405924,0.0170146574361452,0.0164415007457572,0.0151162143880566,0.0133604472908174,0.0114495084311402,0.0095842375182419,0.00788935686965701,0.0064262632641595,0.00521086851589332,0.0042306704883209,0.00345830821264312,0.00286094295263309,0.00240594830818402,0.00206383550314598,0.00180936363407563,0.00162161208719718,0.00148356688692583,0.00138156689843998,0.00130479425745687,0.00124487716233223,0.00119559682340283,0.00115264948059367,0.00111340505997967,0.00107661961424642,0.00104208848107326,0.00101025845556082,0.000981839599394578,0.000957465103661235,0.000937441086789677,0.000921611615296763,0.000909343428286262,0.000899615162893739,0.000891181037282547,0.000882770831780873,0.0008732869350128,0.000861964367626694,0.000848469488951511,0.000832925534429691,0.000815866092379229,0.000798129121669435,0.000780712556770623,0.000764616969250211,0.000750700889117746,0.000739570660170754,0.000731520101208576,0.00072652713180855,0.000724306416771842,0.000724410472647583,0.000726367868798355,0.000729847172176263,0.000734839809873952,0.000741864323463696,0.000752208328456043,0.000768242000560873,0.000793856391588507,0.00083509854739846,0.000901089050232737,0.00100531022470548,0.00116733667786987,0.00141503372082561,0.00178716151538877,0.00233618156332229,0.00313085915691708,0.00425799214968125,0.00582229288313215,0.00794315542120822,0.0107468427378302,0.0143526608368126,0.0188521189607266,0.0242810866203301,0.0305866813581663,0.0375930513462112,0.0449730986072159,0.0522359040720259,0.0587411293722055,0.0637506084644268,0.0665222968720994,0.0664418665059731,0.0631730737859223,0.0567924425868638,0.0478624264258868,0.0373978219146151,0.0267002057589015,0.0170769387489547,0.00951636482503589,0.00443619562828691,0.00162398273000892,0.00041992204829078,6.287389455933e-05,3.48882814742566e-06,1.72697435418021e-08,0
0,2.20235755603936e-05,0.000426342943433451,0.00191209281974332,0.00470359729861384,0.00831705323329681,0.0119267631073858,0.0147955600888244,0.01650644822271,0.0169869194208593,0.0164145930240591,0.0150913730984705,0.0133383941112916,0.0114305199697372,0.00956826197129482,0.0078761352359051,0.00641543138545113,0.00520203123567397,0.00422344866946407,0.00345236393354187,0.00285598941575575,0.00240175033720945,0.00206020508889374,0.00180615349750064,0.00161870898701992,0.0014808855054763,0.00137904456772089,0.00130238647193225,0.00124255369688323,0.00119333827468343,0.00115044412502887,0.00111124602345455,0.00107450243539473,0.00104000919312992,0.00100821230005615,0.000979820425630715,0.000955465420877218,0.000935452646074864,0.000919626327970212,0.000907354391475993,0.000897617567021588,0.000889172771092731,0.000880752668937379,0.000871262268748002,0.000859938541855672,0.000846448842292404,0.000830916317522529,0.000813873433204128,0.00079615619785678,0.000778760092724862,0.000762683117685076,0.000748781491945242,0.000737659823551693,0.000729610973484816,0.000724612747750828,0.000722380470307647,0.000722467902502415,0.000724405183508217,0.000727862496437148,0.000732832695530286,0.00073983542782832,0.000750159113477361,0.000766174644222992,0.000791774126345805,0.000833006650712204,0.000898996712448351,0.0010032335122346,0.00116530279406301,0.0014130867351405,0.00178536966552441,0.00233464610574957,0.00312972451068113,0.00425745670702089,0.00582261932111908,0.00794467864625542,0.010749972791439,0.0143578773298392,0.0188599531266707,0.0242920872227967,0.0306013618479083,0.0376118182024811,0.0449961649034571,0.0522631977917473,0.058772212099874,0.0637846252921224,0.0665579805034502,0.0664776150715295,0.0632071107256235,0.0568230476934851,0.0478882024384574,0.0374179376115302,0.0267145446770157,0.0170860935966033,0.00952145756776038,0.00443856593825607,0.0016248493880083,0.000420146010830864,6.29074419970662e-05,3.49069381152161e-06,1.72790363416303e-08,0
0,2.19908504293918e-05,0.000425711482631208,0.00190925211873767,0.00469658660859353,0.00830461553217533,0.0119088663801736,0.0147732797654018,0.0164814989176221,0.0169611428341941,0.0163895807977966,0.0150682747433493,0.0133178817075066,0.0114128522218532,0.00955339229720037,0.00786382422292049,0.00640534154403995,0.00519379592242593,0.00421671583271611,0.00344681959665963,0.00285136695256497,0.00239783099130912,0.0020568138789891,0.00180315326805046,0.00161599421213503,0.00147837662349838,0.00137668309220693,0.00130013083060487,0.00124037563002715,0.0011912196234421,0.00114837390947017,0.00110921780529709,0.00107251204204167,0.00103805292097052,0.00100628570519511,0.000977917755425283,0.000953579658231958,0.00093357605359282,0.000917751311896642,0.000905474470189646,0.000895728231279605,0.000887272060826868,0.000878841355375523,0.000869343608431531,0.000858017646896202,0.000844531776167696,0.000829009068045191,0.000811980928548117,0.000794281517186419,0.000776903984252805,0.000760843881822233,0.00074695522568925,0.000735840964846588,0.000727793040105407,0.000722789140831647,0.000720545211089134,0.000720616191814506,0.000722533713389686,0.000725969496131721,0.000730917752592476,0.000737899181755505,0.000748202967777437,0.000764200678863401,0.00078978541459008,0.000831008193600752,0.000896997203485142,0.00100124813673329,0.0011633572513603,0.00141122264019255,0.00178365142254418,0.00233316922334079,0.00312862510998053,0.00425692162509429,0.00582289570638042,0.00794608128658728,0.0107528866680619,0.0143627521862743,0.0188672864094497,0.0243023919038857,0.0306151167446079,0.0376294008040258,0.0450177705621763,0.0522887542581115,0.0588013040494068,0.0638164483055161,0.0665913458756402,0.0665110234919351,0.0632389023755933,0.0568516183033217,0.0479122518552164,0.0374366957258161,0.0267279087710797,0.0170946216250917,0.00952619922956391,0.00444077177836207,0.00162565554138279,0.000420354249114731,6.29386222317893e-05,3.49242729066058e-06,1.72876692578877e-08,0
0,2.19606259643552e-05,0.00042512798386172,0.00190662634858908,0.00469010443221934,0.00829311213348107,0.011892309238165,0.0147526610983157,0.0164584033781688,0.016937274054886,0.0163664122893544,0.0150468717486385,0.0132988680541436,0.0113964691898865,0.00953959837468237,0.00785239904400015,0.00639597355482372,0.00518614621117346,0.00421045869218815,0.00344166434092342,0.00284706657620939,0.00239418271003366,0.00205365538431271,0.00180035725215444,0.00161346265439523,0.00147603556150696,0.00137447810716331,0.00129802320354264,0.00123833901303112,0.001189237068187,0.00114643515938606,0.00110731684609261,0.00107064498210911,0.0010362163128198,0.00100447541110226,0.000976128410136158,0.000951804705582955,0.000931808253917196,0.000915983553012832,0.000903700680364625,0.000893944193530466,0.000885475962264687,0.000877033964981598,0.000867528049919821,0.000856198807044557,0.000842715450971994,0.00082720098981147,0.000810185831234178,0.000792502384295034,0.000775141587245768,0.000759096664837482,0.000745219533879421,0.000734111558889036,0.00072606379711035,0.000721053818270287,0.000718798148545993,0.000718852845030274,0.000720750952851361,0.000724165652717097,0.000729092448501194,0.000736053039009225,0.000746337332797381,0.000762317535885967,0.000787887681422825,0.000829100601484036,0.000895087961288482,0.000999351570799649,0.00116149759542248,0.00140943911818932,0.00178200470533972,0.00233174922303583,0.003127559869845,0.00425638673535922,0.00582312320359705,0.00794736638315669,0.0107555899651911,0.0143672943756588,0.01887413207906,0.024312019224846,0.0306279708688223,0.0376458310536927,0.0450379550912956,0.0523126206332961,0.0588284594477364,0.0638461374495249,0.0666224565204895,0.0665421560770695,0.0632685106016184,0.0568782106146119,0.0479346224833656,0.0374541339329969,0.0267403251533937,0.0171025403042584,0.00953059961486763,0.00444281775045634,0.00162640288615341,0.000420547204687391,6.29675018473156e-05,3.49403230883224e-06,1.72956609091402e-08,0
0,2.19328321302617e-05,0.000424591138642649,0.00190420965955356,0.00468413640379661,0.00828251766960258,0.0118770553462381,0.0147336590585579,0.0164371114133219,0.0169152614713547,0.016345037660059,0.0150271183203353,0.0132813126970397,0.0113813362209585,0.00952685120678219,0.00784183583691862,0.006387307984978,0.00517906634639799,0.00420466445643213,0.0034368877091971,0.0028430796338738,0.00239079821380936,0.00205072335672215,0.00179775996761326,0.00161110939525771,0.00147385781370084,0.00137242540986646,0.00129605961413371,0.00123644004379084,0.00118738694862966,0.00114462433677872,0.00110553971872994,0.00106889793187873,0.00103449614157602,0.00100277827919695,0.000974449329428773,0.000950137568576508,0.000930146305399586,0.000914320149514888,0.000902030149097486,0.000892262601992068,0.000883781640882136,0.000875327680667804,0.000865812797276932,0.000854479253741574,0.000840997132892752,0.000825489390800701,0.000808485496412991,0.000790816204202905,0.000773470356054081,0.000757438966587976,0.00074357195520648,0.000732469174489849,0.000724420833708441,0.000719404380019212,0.0007171368847389,0.000717175459392338,0.000719054489451259,0.000722448541261677,0.000727354344810628,0.00073429454795796,0.000744559745025734,0.000760522742103348,0.000786078447581771,0.000827281395406465,0.000893266518972158,0.000997541380934254,0.0011597214631354,0.00140773393754676,0.00178042751029586,0.00233038447495198,0.00312652774601091,0.00425585187606498,0.00582330293483417,0.00794853686468021,0.0107580880731049,0.0143715125348973,0.0188805029127253,0.0243209870568985,0.0306399481174701,0.0376611396660523,0.0450567565259281,0.0523348423198889,0.0588537304970383,0.0638737504291239,0.0666513735941264,0.0665710747303481,0.0632959949529207,0.0569028787198839,0.0479553603376799,0.0374702884951807,0.0267518199185327,0.0171098664477998,0.00953466815965256,0.00444470828336679,0.00162709305454077,0.000420725302475869,6.29941449203411e-05,3.49551244974171e-06,1.7303029212283e-08,0
0,2.1907401703011e-05,0.000424099687680668,0.00190199642086751,0.00467866869460936,0.00827280772012245,0.0118630697246492,0.0147162302952378,0.0164175747008717,0.016895055392061,0.0163254089237517,0.0150089703651971,0.0132651766832477,0.0113674199470916,0.00951512287087202,0.00783211162285054,0.00637932612054898,0.00517254115498758,0.0041993208065057,0.00343247963036883,0.00283939779197125,0.0023876704914899,0.00204801177837338,0.00179535613423257,0.00160892969738142,0.00147183904026383,0.00137052095242017,0.00129423623228491,0.00123467506032258,0.00118566573941414,0.00114293803411674,0.00110388312251823,0.00106726769028035,0.00103288929925943,0.00100119128678839,0.000972877566000445,0.000948575363480659,0.000928587375088607,0.00091275830684167,0.000900460109673222,0.000890680710299659,0.000882186366940095,0.00087371978948832,0.000864195157924854,0.000852856320768422,0.000839374189164686,0.000823871678483421,0.000806877376969467,0.000789220477806276,0.000771887839064546,0.000755868379268276,0.000742010119245442,0.000730911470212391,0.00072286182808794,0.000717838514593381,0.000715559110192557,0.000715581720764326,0.000717441999704978,0.000720815826231822,0.000725701092951867,0.000732621347315307,0.000742867831718452,0.000758813915440012,0.000784355325132946,0.000825548187728774,0.000891530500530002,0.000995815223308005,0.00115802657849761,0.00140610494900148,0.00177891790779386,0.00232907340952942,0.00312552773307475,0.00425531689192662,0.00582343598142995,0.00794959555264543,0.0107603861841268,0.0143754149831303,0.0188864112169287,0.0243293126120838,0.0306510715051121,0.0376753562204897,0.0450742114941603,0.0523554630394501,0.058877167465101,0.0638993428092839,0.0666781559829443,0.066597839056014,0.0633214127654061,0.0569256746997765,0.0479745097203457,0.0374851943239971,0.0267624181886514,0.0171166162424717,0.00953841394785297,0.0044464476405946,0.0016277276178027,0.000420888951528182,6.30186131319138e-05,3.49687116304645e-06,1.73097914137369e-08,0
0,2.18842701228953e-05,0.000423652418656987,0.00189998121097705,0.00467368798900706,0.00826395876967825,0.011850318688783,0.0147003330610426,0.0163997467044765,0.0168766079603441,0.0163074798646774,0.0149923854154079,0.013250422494585,0.0113546882283701,0.009504386471161,0.00782320426734122,0.00637200993471143,0.00516655602053439,0.00419441587513008,0.00342843040233087,0.00283601302207291,0.00238479278852836,0.00204551485157437,0.00179314066492332,0.00160691899664326,0.00146997506004983,0.00136876083493015,0.00129254936795994,0.00123304053458033,0.00118407004415972,0.00114137296857144,0.00110234387759837,0.00106575117346643,0.00103139279173916,0.000999711521942034,0.000971410280569972,0.000947115312278265,0.00092712873390511,0.000911295332911462,0.000898987896845821,0.000889195872817897,0.000880687510822013,0.000872207678003203,0.000862672538040197,0.000851327439686721,0.000837844083565814,0.000822345355385256,0.000805359019163637,0.000787712797599907,0.000770391674503952,0.000754382583288686,0.000740531742397864,0.00072943619036449,0.000721384543442204,0.000716353995113764,0.000714062599942919,0.000714069399670467,0.00071591124510968,0.000719265257495629,0.000724130430214764,0.000731031162100421,0.000741259306839978,0.000757188760857415,0.000782716013385676,0.000823898678043072,0.000889877616769967,0.000994170839749846,0.00115641074872195,0.0014045500819262,0.0017774740388983,0.0023278145148282,0.00312455886274747,0.00425478163382359,0.00582352338579704,0.0079505451660741,0.0107624893014266,0.0143790097358634,0.0188918688483426,0.0243370124725633,0.0306613632031606,0.0376885092116322,0.0450903552795321,0.052374524907132,0.0588988187711593,0.0639229681098933,0.0667028604042416,0.0666225064610472,0.0633448192597357,0.056946648712156,0.0479921132967966,0.0374988850403806,0.0267721441565205,0.0171228052758285,0.00954184572692904,0.00444803992762579,0.00162830808892973,0.000421038545715321,6.30409658733277e-05,3.49811177028104e-06,1.73159641190829e-08,0
0,2.18633753580046e-05,0.000423248164125957,0.00189815880825603,0.00466918146168332,0.00825594816792184,0.011838769791902,0.0146859271414059,0.0163835825948377,0.0168598730734917,0.0162912059594541,0.0149773225569875,0.0132370139844832,0.0113431100989235,0.00949461609355824,0.00781509244321327,0.00636534205760093,0.00516109685890662,0.00418993822688111,0.003424730675803,0.00283291758753528,0.00238215859573535,0.00204322698914165,0.0017911086572435,0.00160507289455025,0.00146826184363086,0.00136714129901743,0.00129099546503834,0.00123153306658019,0.00118259658979981,0.00113992597653997,0.00110091891963274,0.00106434540965705,0.00103000373372325,0.000998336178602491,0.000970044737117745,0.000945754738005719,0.00092576775205922,0.00090992863359767,0.000897610942355946,0.000887805540188758,0.000879282538606365,0.000870788827876067,0.000861242438183258,0.000849890135509079,0.000836404372141325,0.000820908014875427,0.00080392805849245,0.000786290843616596,0.000768979586455644,0.00075297934336301,0.000739134624040454,0.000728041161194358,0.000719986824197771,0.000714948675552566,0.000712645209786117,0.000712636347537427,0.000714460068371268,0.000717794666531069,0.000722640175935431,0.000729521799805334,0.000739731967212339,0.000755645066488183,0.000781158295017291,0.000822330649297789,0.00088830566145738,0.000992606053941186,0.00115487186053846,0.00140306734083585,0.00177609411221621,0.00232660633396718,0.00312362020220287,0.00425424595852003,0.00582356615314037,0.00795138832605296,0.0107644022473869,0.0143823045183961,0.0188968872337169,0.0243441026184592,0.030670844577132,0.0377006260972578,0.0451052218803954,0.0523920685025709,0.0589187310674409,0.0639446778959408,0.0667255415018383,0.0666451322519893,0.0633662676345045,0.0569658490767904,0.0480082121677695,0.0375113930313764,0.0267810211264187,0.0171284485625811,0.00954497192266423,0.00444948909887889,0.00162883592520654,0.000421174464398325,6.30612603467487e-05,3.49923747048716e-06,1.73215633212227e-08,0
0,2.18446577766783e-05,0.000422885799520246,0.00189652418218596,0.00466513675608186,0.00824875409146337,0.0118283917707314,0.0146729737871834,0.0163690391747766,0.0168448063058144,0.0162765443029015,0.014963742361739,0.0132249163179577,0.0113326557155772,0.00948578676276429,0.00780775559530414,0.00635930574763453,0.00515615009502532,0.00418587683935715,0.00342137143895361,0.00283010403078671,0.00237976163859154,0.00204114280523234,0.0017892553853569,0.00160338715102593,0.00146669550668812,0.00136565872165191,0.00128957109547789,0.00123014937881518,0.00118124222120088,0.00113859400843953,0.001099605294758,0.00106304753424045,0.00102871934399723,0.000997062551958574,0.000968778298362552,0.000944491060323686,0.000924501894695758,0.000908655708430261,0.000896326770672519,0.000886507255102077,0.000877969007860786,0.000869460811692399,0.00085990244914638,0.00084854202258705,0.00083505269914237,0.000819557337167111,0.000802582215759925,0.000784952379571314,0.000767649381076976,0.000751656504793761,0.000737816642868226,0.000726724287278804,0.000718666592433276,0.000713620487168553,0.000711304872717421,0.000711280493126667,0.000713086389822954,0.00071640196282662,0.000721228227877403,0.000728091146757091,0.000738283688860112,0.000754180699967063,0.000779680032395233,0.000820841964120195,0.000886812507655008,0.000991118767804767,0.00115340787668639,0.0014016548020729,0.00177477640091803,0.00232544746269577,0.00312271085251357,0.00425370972840435,0.00582356525309457,0.00795212756004395,0.0107661296715573,0.0143853067785859,0.0189014773887805,0.0243505984543125,0.0306795362220489,0.0377117333438232,0.0451188440663245,0.0524081329372574,0.0589369493166636,0.0639645218632204,0.0667462519369467,0.0666657697269641,0.0633858091547995,0.0569833223558238,0.0480228459377899,0.0375227495041304,0.0267890715529999,0.0171335605696491,0.00954780065323027,0.00445079896430879,0.00162931253064665,0.000421297073062344,6.30795516608649e-05,3.50025134556517e-06,1.73266044271452e-08,0
0,2.18280600282134e-05,0.000422564241256525,0.00189507248497258,0.00466154196386865,0.00824235550769242,0.0118191544937272,0.0146614356506464,0.0163560748080007,0.0168313648355073,0.0162634535375186,0.0149516068225441,0.0132140959145287,0.0113232963090273,0.00947787440147049,0.00780117390693511,0.00635388486423921,0.00515170264078085,0.00418222108527098,0.00341834400277517,0.00282756516123751,0.00237759586708428,0.00203925710662591,0.00178757629238638,0.00160185767755086,0.00146527230372749,0.00136430960928888,0.00128827295376383,0.00122888631094469,0.00118000389604606,0.00113737412375785,0.00109840015478653,0.00106185478511518,0.00102753694089774,0.000995888034037396,0.000967608421462033,0.000943321791307101,0.000923328717755461,0.000907474146510439,0.000895132994945783,0.000885298648276365,0.000876744563645507,0.000868221288986189,0.000858650248009306,0.000847280800704304,0.000833786793167711,0.00081829108551774,0.000801319293343894,0.000783695249198366,0.000766398943006274,0.000750411989943633,0.000736575753421126,0.000725483548092803,0.000717421844478283,0.000712367435121592,0.000710039595549357,0.000709999839146415,0.000711788204024237,0.000715085130463316,0.000719892558795301,0.000726737164663453,0.00073691242353994,0.000752793604947248,0.000778279164085112,0.00081943056132496,0.000885396104248453,0.000989706958076583,0.00115201683258436,0.00140031061066132,0.00177351923991059,0.00232433654709062,0.00312182994716901,0.00425317281124594,0.00582352162128437,0.00795276530598473,0.0107676760582183,0.014388023698983,0.0189056499362093,0.0243565148342332,0.0306874579960912,0.037721856469742,0.0451312534317368,0.0524227559185768,0.0589535168657022,0.0639825479198033,0.0667650424745557,0.0666844702631563,0.0634034932363884,0.0569991134302842,0.0480360527802806,0.0375329845372201,0.0267963170782455,0.0171381552399808,0.00955033974255989,0.00445197319568571,0.00162973925830737,0.000421406723919536,6.30958929218326e-05,3.50115636536265e-06,1.73311022833776e-08,0
0,2.18135269311288e-05,0.000422282444935965,0.00189379904357551,0.00465838560541263,0.00823673214037512,0.0118110289118817,0.0146512767246135,0.0163446493513622,0.0168195073750943,0.016251893786415,0.0149408792918243,0.0132045203939343,0.0113150041374019,0.00947085579155255,0.00779532826801855,0.00634906384191236,0.00514774187402762,0.00417896071541573,0.00341563998717332,0.00282529404377994,0.00237565544604012,0.00203756488443126,0.00178606698314032,0.00160048053063783,0.00146398862210193,0.00136309059229193,0.00128709785162937,0.00122774081474356,0.00117887867996922,0.0011362634863461,0.0010973007526431,0.00106076449826069,0.00102645393800836,0.000994810109514898,0.000966532653924592,0.000942244531442402,0.000922245864040127,0.000906381622626834,0.00089402731316019,0.000884177434638275,0.000875606934714514,0.00086706800246331,0.000857483594390057,0.000846104251363587,0.0008326044634969,0.000817107102618065,0.000800137171648345,0.000782517372770788,0.000765226231948667,0.000749243794882727,0.000735409982783797,0.000724316994750163,0.000716250647681883,0.000711187595256272,0.000708847455698823,0.000708792459033026,0.000710563576530025,0.000713842224867875,0.000718631213170579,0.000725457887331677,0.000735616195444023,0.000751481797791428,0.000776953701534009,0.000818094452598073,0.00088405447264617,0.000988368673050224,0.00115069683316814,0.00139903297731922,0.00177232102315305,0.00232327228136932,0.00312097665066996,0.00425263507996747,0.0058234361608114,0.00795330391619011,0.0107690457335754,0.01439046220837,0.018909415122712,0.0243618660858133,0.0306946290525932,0.0377310200865323,0.045142480446877,0.052435973810701,0.0589684755156359,0.0639988022635072,0.0667819620655733,0.0667012833999972,0.0634193675257784,0.0570132655728388,0.0480478694994799,0.0375421271294699,0.0268027785666078,0.0171422460152057,0.00955259673306508,0.0044530153325669,0.00163011741249148,0.000421503756482468,6.31103353197771e-05,3.50195539251402e-06,1.73350712001923e-08,0
0,2.18010053683612e-05,0.00042203940363426,0.00189269935212864,0.00465565661122095,0.00823186443693208,0.0118039870119316,0.014642462284553,0.0163347240904195,0.0168091941052628,0.01624182658951,0.0149315244230002,0.0131961585244865,0.0113077524420829,0.0094647085371512,0.00779020024471555,0.00634482766554256,0.00514425561859903,0.00417608584245801,0.00341325130773132,0.00282328398784642,0.00237393474592659,0.00203606130619642,0.00178472321719218,0.00159925190562401,0.00146284097632417,0.00136199841962679,0.00128604271303291,0.00122670994929695,0.00117786374192584,0.00113525935994103,0.00109630443802393,0.00105977410352401,0.00102546784006553,0.00099382635173111,0.000965548629721246,0.000941256965820727,0.000921251059470596,0.000905375893562192,0.000893007504476168,0.000883141409689815,0.000874553929903564,0.000865998774410823,0.000856400326880502,0.000845010234256755,0.00083150359660438,0.000816003307159505,0.000799033805731045,0.000781416743791807,0.000764129279430811,0.000748149986201754,0.000734317427448799,0.000723222746905722,0.000715151137341518,0.000710079111045105,0.00070772659813369,0.000707656493892198,0.00070941064082029,0.000712671369727229,0.000717442304109626,0.000724251417550565,0.00073439309806772,0.000750243364427663,0.000775701725919056,0.000816831719346081,0.000882785703644122,0.000987102029483775,0.00114944604988655,0.00139782017562101,0.00177118020110754,0.00232225340581447,0.00312015015719494,0.00425209641243094,0.00582330974367053,0.00795374566106439,0.0107702428726018,0.0143926289927371,0.018912782835279,0.0243666660328702,0.0307010678704724,0.0377392479379517,0.0451525545063061,0.052447821692502,0.0589818655883708,0.06401332945558,0.0667970579249567,0.0667162569182886,0.0634334779763682,0.057025820517,0.0480583315893408,0.0375502052463879,0.0268084761384407,0.0171458458571854,0.00955457889773638,0.00445392878797793,0.0016304482508419,0.000421588498109648,6.31229282110871e-05,3.50265118704508e-06,1.73385249746361e-08,0
0,2.17904441888334e-05,0.000421834146276178,0.00189176906473016,0.0046533443042776,0.00822773353730707,0.0117980017718393,0.0146349588334961,0.016326261678127,0.0168003866119089,0.0162332148428248,0.014923508114786,0.0131889801739277,0.0113015154056651,0.00945941102953927,0.00778577205056082,0.00634116184692349,0.0051412321252882,0.00417358692551397,0.00341117016311382,0.00282152853699612,0.00237242833409807,0.00203474170839913,0.00178354090229418,0.00159816813076281,0.00146182600265424,0.00136102995381177,0.00128510456937811,0.00122579087642769,0.00117695634978805,0.00113435910390411,0.00109540865326622,0.00105888112061085,0.0010245762390633,0.000992934418899079,0.000964654065586621,0.000940356860516446,0.000920342109527067,0.000904454794580211,0.00089207142575048,0.00088218844605307,0.000873583434694837,0.000865011503282012,0.000855398359656527,0.000843996683907826,0.000830482152844563,0.000814977690569961,0.000798007222096765,0.00078039142584887,0.000763106185715166,0.000747128697981988,0.000733296250334222,0.000722198989810092,0.000714121513783119,0.000709040190682398,0.000706675232469994,0.000706590149591116,0.000708327595381283,0.00071157075405543,0.00071632401039511,0.000723115924126611,0.000733241291232023,0.00074907645736076,0.000774521385151971,0.000815640509701332,0.000881587954445739,0.000985905209660015,0.00114826271784627,0.00139667053930039,0.00177009527831661,0.00232127870480127,0.00311934968933393,0.00425155669123641,0.00582314321209906,0.00795409273263435,0.0107712715055493,0.0143945305057237,0.0189157626166402,0.0243709280170812,0.0307067922831782,0.0377465629372257,0.0451615039750308,0.0524583334126478,0.0589937259900224,0.0640261724908024,0.0668103756060468,0.0667294369154852,0.0634458689209041,0.0570368185229761,0.048067473289574,0.037557245864352,0.0268134292018115,0.0171489672685197,0.00955629325165643,0.00445471685381893,0.00163073298633501,0.000421661264524673,6.31337191967323e-05,3.50324641075487e-06,1.73414769124473e-08,0
0,2.17817941148948e-05,0.000421665736089986,0.00189100398858254,0.0046514383832372,0.00822432124434192,0.011793047118426,0.0146287340496132,0.0163192260764851,0.01679304782622,0.0162260227407028,0.0149167974581709,0.0131829562626557,0.0112962681119413,0.00945494241367987,0.00778202651897709,0.00633805240239734,0.00513866005374309,0.00417145475546656,0.00340938902307565,0.00282002145900171,0.0023711309664621,0.00203360158929817,0.00178251608810743,0.00159722566159972,0.0014609404539471,0.00136018216611094,0.00128428055496398,0.0012249808563437,0.00117615386615179,0.00113356016916601,0.00109461092941696,0.00105808315527024,0.0010237768105463,0.000992132050497059,0.000963846757498895,0.000939542059141059,0.000919516895861941,0.000903616236082774,0.000891217008225499,0.000881316490182797,0.000872693407948618,0.000864104160447596,0.00085447567925326,0.000843061606479599,0.000829538163298527,0.00081402831390888,0.000797055515647035,0.000779439549621324,0.000762155116865046,0.000746178128913355,0.000732344677947161,0.00072124397150853,0.000713160039584203,0.000708069104320473,0.000705691630211356,0.000705591693993131,0.000707312700929889,0.000710538629404449,0.000715274573682024,0.000722049639065657,0.000732158998252266,0.000747979292830496,0.000773410891030812,0.000814519035674461,0.000880459445828471,0.0009847764585913,0.0011471451330973,0.00139558245968643,0.00176906481110022,0.00232034700492282,0.00311857449688535,0.004251015803532,0.00582293737986183,0.00795434724791178,0.010772135524144,0.0143961729785534,0.0189183636799736,0.0243746649185691,0.0307118195062358,0.0377529872024729,0.0451693562323977,0.0524675416420311,0.059004094271231,0.0640373728641996,0.0668219590713103,0.0667408678773402,0.0634565831404384,0.0570462984403426,0.0480753276389891,0.0375632750126664,0.0268176564827796,0.0171516223120659,0.0095577465629594,0.00445538270601074,0.001630972789178,0.000421722360310406,6.31427541968134e-05,3.50374363138693e-06,1.73439398489187e-08,0
0,2.17750076551826e-05,0.000421533269137361,0.00189040007746382,0.00464992890642881,0.0082216099955777,0.0117890978870443,0.0146237567363093,0.0163135825009945,0.0167871419676354,0.0162202157208037,0.0149113606859435,0.0131780587191915,0.0112919865078038,0.00945128255638646,0.00777894707710523,0.00633548583156805,0.00513652845522761,0.00416968044098497,0.00340790061704396,0.00281875673640993,0.00237003757954401,0.00203263660212623,0.00178164496023164,0.00159642107561691,0.00146018119474664,0.00135945213195719,0.00128356790265263,0.00122427724349387,0.00117545374434489,0.00113286009436551,0.00109390888249025,0.00105737789566231,0.00102306731008071,0.000991417063834175,0.000963124577329144,0.000938810479563055,0.000918773373075918,0.000902858200428439,0.000890442254378327,0.000880523559237848,0.000871881878793016,0.000863274787104125,0.00085363034149642,0.000842203076734983,0.000828669726773563,0.000813153304912893,0.000796176846777914,0.000778559310033353,0.000761274301952225,0.00074529653955256,0.000731460997685097,0.000720356000176043,0.000712265036932074,0.000707164181440423,0.000704774122122851,0.000704659454327154,0.000706364277773238,0.000709573307210938,0.000714292295830473,0.000721050854892018,0.000731144503244984,0.000746950148108543,0.000772368516530804,0.000813465570445951,0.000879398459448771,0.000983714081361049,0.00114609165005116,0.00139455438326493,0.00176808740536562,0.00231945717320751,0.00311782385571248,0.00425047364083437,0.00582269303347518,0.0079545112520945,0.010772838687483,0.0143975624294901,0.0189205949229038,0.0243778891754957,0.030716166163463,0.0377585420904223,0.0451761377138741,0.0524754779236736,0.059013006684576,0.0640469706345455,0.0668318507596812,0.0667505927461096,0.0634656619299763,0.0570542977677076,0.0480819265262766,0.0375683178136017,0.0268211760542249,0.0171538226295231,0.00955894536326559,0.00445592940939486,0.0016311687886156,0.000421772079379525,6.31500775215501e-05,3.50414532660118e-06,1.73459261687631e-08,0
0,2.17700390224988e-05,0.000421435872914696,0.00188995342551252,0.00464880627662665,0.00821958283640691,0.0117861297831807,0.0146199967747082,0.0163092973677661,0.0167826344895333,0.0162157604117248,0.0149071671246251,0.0131742604377711,0.0112886473669636,0.00944841201600005,0.00777651772088083,0.00633344909702791,0.00513482675620294,0.0041682553952089,0.00340669792324321,0.00281772855755087,0.0023691432829286,0.00203184254860636,0.0017809238345186,0.00159575106713238,0.00145954519661293,0.00135883702659307,0.00128296393974326,0.00122367748262123,0.00117485352462535,0.00113225650217252,0.0010933002099033,0.00105676310889949,0.00102244556989392,0.000990787350780333,0.000962485469651044,0.000938160110784875,0.000918109565648628,0.000902178738903551,0.000889745234921169,0.000879807738102905,0.0008711469436632,0.000862521491331107,0.000852860468581397,0.000841419235144677,0.000827875006947314,0.000812350855183908,0.000795369438617747,0.000777748963544319,0.00076046203039936,0.000744482249713657,0.000730643555267674,0.000719533441581319,0.000711434885109785,0.00070632380835005,0.000703921095731937,0.000703791814684394,0.000705480703296171,0.000708673156271504,0.000713375536367677,0.000720117922097545,0.000730196148565327,0.000745987358926459,0.000771392593226563,0.000812478445789096,0.000878403335277861,0.000982716440594288,0.00114510067902443,0.00139358480935832,0.00176716171452357,0.00231860811542308,0.00311709706665586,0.00424993009885849,0.00582241093337277,0.00795458672161389,0.0107733846276486,0.0143987046728398,0.0189224649408287,0.0243806128027135,0.0307198483119275,0.0377632482285131,0.0451818739508252,0.0524821727202393,0.0590204982392396,0.0640550044848282,0.0668400916506825,0.0667586529854962,0.0634731451609882,0.057060852709528,0.048087300738367,0.0375723985205257,0.0268240053633015,0.017155579459131,0.00955989595761921,0.0044563599224,0.00163132207465073,0.000421810705422692,6.31557319388918e-05,3.50445388775695e-06,1.73474478250356e-08,0
0,2.17668440563355e-05,0.000421372705021918,0.00188966026130975,0.00464806122654759,0.00821822339450555,0.0117841193458877,0.014617425078399,0.0163063382431483,0.0167794920274991,0.0162126245831106,0.0149041871486865,0.0131715352379502,0.0112862282553891,0.00944631201350403,0.00777472299129177,0.00633192960504431,0.00513354474268628,0.00416717132306311,0.0034057741583346,0.00281693130797246,0.00236844335205935,0.00203121537277495,0.00178034915165462,0.00159521244244049,0.0014590295336706,0.00135833412091798,0.00128246608404149,0.0012231791050032,0.00117435083055989,0.00113174709578555,0.0010927826870815,0.0010562366377521,0.00102190949567397,0.000990240874651685,0.000961927448702446,0.000937589009968676,0.000917523565015604,0.000901575968837861,0.000889124085944933,0.000879167176552505,0.000870486763482203,0.000861842445288923,0.000852164246292133,0.000840708285133369,0.00082715222964876,0.000811619217511991,0.000794631574397402,0.000777006825569115,0.00075971664944997,0.000743733635983897,0.000729890752291834,0.000718774716672508,0.000710668018102941,0.000705546425802115,0.000703130992949602,0.000702987213635526,0.000704660409569622,0.000707836600339523,0.000712522710072187,0.00071924924671353,0.000729312332367917,0.000745089317027613,0.000770481508838552,0.000811556049617189,0.00087747246916113,0.000981781954050157,0.00114417068390077,0.0013926722879175,0.00176628643750519,0.00231779877446268,0.00311639345449838,0.00424938507735624,0.00582209181501598,0.00795457556703691,0.0107737768550533,0.0143996053275218,0.0189239820396085,0.024382847409527,0.0307228814657142,0.0377671255454635,0.0451865896083945,0.0524876554592843,0.0590266027530686,0.064061511779837,0.0668467213254971,0.0667650886425073,0.0634790713409511,0.0570659982302283,0.0480914800064956,0.0375755405542252,0.0268261612575901,0.01715690365253,0.00956060443395547,0.00445667710148783,0.00163143369968374,0.00042183851233551,6.31597587389311e-05,3.50467162351714e-06,1.73485163571593e-08,0
0,2.17653801497145e-05,0.000421342951895214,0.00188951694224278,0.00464768480503719,0.00821751585547809,0.0117830439129493,0.0146160135503252,0.0163046737957378,0.0167776823500428,0.0162107770981219,0.0149023921369272,0.013169857826117,0.0112847074983775,0.00944496440500155,0.0077735479517551,0.00633091518715655,0.00513267254534611,0.00416642020916906,0.00340512276754316,0.00281635956227796,0.00236793322137629,0.00203075115509531,0.00177991747199776,0.00159480211518103,0.00145863137836671,0.00135794077753074,0.00128207184011388,0.00122277972486891,0.00117394336557317,0.00113132965559438,0.00109235416422394,0.00105579639750949,0.00102145706352026,0.000989775667243463,0.000961448595490829,0.000937095299603005,0.000917013526783855,0.000901048070857016,0.000888577006198455,0.000878600086549813,0.000869899560975741,0.000861235882550032,0.000851539921352376,0.000840068490457077,0.000826499680268734,0.000810956703325851,0.000793961594945897,0.000776331268021551,0.00075903656175914,0.000743049129358169,0.000729201043903698,0.000718078299278328,0.000709962922320841,0.000704830526726418,0.000702402307805226,0.000702244141961805,0.000703901881073393,0.000707062115836917,0.000711732284673689,0.000718443287998828,0.000728491506284473,0.000744254467836322,0.000769633704897038,0.000810696823648183,0.000876604310494439,0.000980909092329756,0.00114330017990494,0.0013918154174194,0.00176546031687385,0.00231702812880827,0.00311571236697996,0.00424883847996285,0.00582173638995155,0.00795447963582997,0.0107740187635316,0.0144002698252329,0.0189251542476521,0.0243846042166093,0.0307252806185621,0.0377701933003878,0.045190308521587,0.05249195457636,0.0590313529021685,0.0640665286210235,0.0668517780251501,0.0667699384063864,0.0634834776700769,0.0570697681057636,0.0480944930500922,0.037577766537515,0.0268276600100176,0.0171578056908267,0.00956107667212159,0.0044568837053893,0.00163150468007452,0.000421855764625396,6.31621977952871e-05,3.50480076328283e-06,1.73491429081054e-08,0
0,2.17656061800416e-05,0.000421345827600231,0.00188951994913542,0.00464766836390846,0.00821744493965215,0.0117828815876896,0.0146157350417071,0.0163042737506515,0.0167771743116345,0.0162101878681409,0.0149017544309067,0.0131692037588125,0.0112840641491712,0.00944435165548447,0.00777297816655506,0.00633039408263543,0.00513220062529593,0.00416599430632283,0.00340473741524699,0.00281600807634553,0.00236760847777503,0.00203044610684667,0.00177962547065667,0.001594517101925,0.00145834799742713,0.00135765444695766,0.00128177879571788,0.00122247703598457,0.00117362890965899,0.00113100203599945,0.00109201256322066,0.00105544037298875,0.00102108631703769,0.000989389826002462,0.000961047055035071,0.000936677164803027,0.000916577668078759,0.000900593286264716,0.000888102254496219,0.000878104739673043,0.000869383618114006,0.000860700095556432,0.000850985798902307,0.00083949817270467,0.000825915701293116,0.000810361680264149,0.000793357896304759,0.000775720716974259,0.000758420223098527,0.000742427212985695,0.000728572936580962,0.000717442713918327,0.000709318134425867,0.000704174654069626,0.000701733584289088,0.000701561140494026,0.000703203652527187,0.000706348229674747,0.000711002778662217,0.000717698556237954,0.000727732173211922,0.000743481308237894,0.000768847674517213,0.000809899261180504,0.000875797360011026,0.000980096376693088,0.00114248773148277,0.00139101284286469,0.00176468213702685,0.00231629519106708,0.00311505317385925,0.00424829021405071,0.00582134534681909,0.00795430071499173,0.0107741136351888,0.0144007034182234,0.0189259893274302,0.0243858940721188,0.0307270602654319,0.0377724701105383,0.0451930537296503,0.0524950975560849,0.0590347802681613,0.0640700898987789,0.066855298705952,0.0667732396647737,0.0634864000953738,0.0570721949727596,0.0480963676186104,0.0375790983282219,0.0268285173426068,0.0171582956999064,0.00956131835247515,0.00445698239914253,0.00163153599763144,0.00042186271779941,6.31630876236171e-05,3.50484346046732e-06,1.73493382407685e-08,0
0,2.17674824436977e-05,0.000421380572682561,0.00188966588113123,0.0046480035453993,0.00821799587996302,0.0117836112073392,0.0146165633128906,0.0163051088459421,0.0167779378079412,0.016210827809596,0.0149022472953187,0.0131695494077662,0.0112842779590413,0.00944445681382709,0.0077729996802872,0.00633035492176082,0.00513211976055024,0.00416588612450981,0.00340461197600491,0.00281587177991005,0.00236746485437027,0.00203029656477434,0.00177946993279846,0.00159435451796596,0.00145817674800133,0.00135747266405619,0.0012815846183982,0.00122226880839801,0.00117340531624486,0.0011307621623797,0.00109175587471409,0.00105516661568332,0.00102079536456675,0.000989081511331891,0.000960721033736438,0.000936332850737296,0.000916214265015411,0.000900209914547741,0.000887698147247819,0.000877679464662823,0.000868937273673742,0.000860233433196735,0.000850500240093928,0.000838995708917045,0.000825398689952227,0.000809832569861253,0.000792818927454836,0.000775173650428943,0.000757866140169617,0.000741866420023043,0.000728004986019952,0.000716866533716518,0.000708732239265367,0.000703577398737128,0.000701123414296791,0.000700936798053593,0.000702564306824148,0.000705693517176808,0.000710332759200917,0.000717013610643279,0.0007270328852051,0.000742768384463665,0.000768121960279548,0.000809161904974067,0.000875050167673088,0.000979342376979254,0.00114173195028142,0.00139026325387001,0.00176395072248207,0.00231559900657722,0.0031144152660194,0.00424774019058994,0.00582091935231086,0.00795404053356152,0.0107740646450223,0.0144009111867076,0.0189264947864476,0.0243867274670571,0.0307282344230592,0.0377739739777436,0.04519484750884,0.0524971109712882,0.0590369153832265,0.0640722293422612,0.066857319092346,0.0667750285572383,0.0634878733621795,0.0570733103753561,0.0480971305314028,0.0375795570506295,0.0268287484491193,0.0171583834650308,0.00956133496408164,0.00445697575794264,0.00163152860103095,0.000421859618734027,6.31624654374042e-05,3.50480179561774e-06,1.73491127535802e-08,0
0,2.17709705941163e-05,0.000421446453072467,0.00188995145081649,0.00464868227021667,0.00821915440087188,0.0117852123128786,0.0146184729960219,0.016307150791045,0.0167799437331485,0.0162126688027978,0.0149038448802107,0.0131708719265578,0.0112853293487611,0.00944526348894151,0.00777359899825693,0.00633078670987521,0.0051324210331086,0.00416608842042872,0.00340474052599985,0.0028159457694886,0.00236749822454816,0.00203029898598765,0.00177944774917399,0.00159431157330628,0.00145811507398572,0.00135739304458529,0.00128148705224097,0.00122215288533427,0.00117327050920213,0.00113060802820128,0.00109158215529694,0.0010549732410441,0.0010205823765425,0.00098884894402173,0.000960468796872073,0.000936060660174525,0.00091592165028795,0.000899896310997467,0.000887363056102838,0.000877322645084185,0.000868558920914325,0.000859834298496605,0.000850081659799009,0.000838559529317791,0.000824947095980337,0.000809367845341448,0.000792343188149675,0.000774688596191177,0.00075737286851955,0.00074136533158786,0.000727495795121835,0.000716348378412939,0.000708203867900625,0.000703037397631526,0.00070057043567023,0.000700369749490291,0.000701982473061477,0.000705096600100795,0.000709720840136909,0.000716387057355823,0.000726392241468505,0.00074211429007544,0.000767455152209789,0.000808483345230902,0.00087436133066248,0.000978645709624402,0.00114103149322447,0.00138956538284998,0.0017632649362451,0.00231493865207863,0.00311379805461578,0.00424718832401531,0.00582045905208618,0.00795370076500967,0.0107738748653256,0.0144008980459266,0.0189266778876994,0.0243871145499082,0.0307288166495458,0.037774722313611,0.0451957114036555,0.0524980205203268,0.0590377877730421,0.064072979566901,0.066857873727294,0.0667753400263192,0.0634879310632973,0.0570731448098737,0.048096807715744,0.0375791631254625,0.0268283680166468,0.01715807844476,0.00956113181253186,0.00445686627081305,0.00163148340717139,0.000421846706027781,6.31603672011633e-05,3.50467777939226e-06,1.73484764954009e-08,0
0,2.17760335831187e-05,0.000421542759041023,0.00189037347957051,0.00464969672613729,0.00822090669826423,0.0117876651202838,0.0146214395594572,0.0163103722271547,0.0167831639392619,0.016215683652682,0.0149065221849524,0.0131731492188211,0.0112871993813987,0.00944675582703495,0.00777476306778337,0.00633167881217341,0.00513309581663565,0.00416659418749869,0.00340511733487661,0.00281622530163191,0.00236770459629269,0.00203044994309293,0.0017795559118491,0.00159438556882833,0.00145816050251639,0.00135741328193391,0.00128148391477761,0.00122212718023439,0.00117322247999419,0.00113053769225975,0.00109148952483974,0.00105485842588641,0.00102044558297583,0.000988690402798113,0.000960288666204665,0.00093585895114412,0.000915698210870756,0.000899650884441822,0.000887095405705142,0.000877032717097256,0.00086824700536193,0.000859501146416648,0.000849728524423722,0.000838188115149516,0.000824559419479538,0.000808966029515919,0.000791929226849881,0.000774264129844291,0.000756939010554129,0.000740922574808065,0.00072704401207278,0.000715886912468009,0.000707731695727827,0.000702553331782702,0.000700073330330019,0.0006998586738117,0.000701456824663027,0.000704556144751888,0.000709165680105056,0.000715817547539442,0.000725808886441877,0.00074151766404412,0.000766845885853335,0.000807862217670136,0.000873729491465283,0.00097800503577226,0.00114038506067698,0.00138891800328391,0.00176262367825245,0.00231431323444594,0.00311320097026313,0.00424663453209893,0.00581996507164273,0.00795328302951584,0.0107735472698854,0.0144006687528805,0.0189265456596411,0.0243870651405948,0.0307288200630394,0.0377747319635566,0.0451956662566235,0.0524978510626694,0.0590374259977326,0.0640723721197039,0.066856996020328,0.0667742078662019,0.0634866056858589,0.0570717277674137,0.0480954242430956,0.0375779362984861,0.0268273902462052,0.01715738978423,0.00956071402739886,0.0044566563441076,0.00163140130246451,0.000421824210337676,6.31568276811961e-05,3.5044733554002e-06,1.73474391797254e-08,0
0,2.17826356052943e-05,0.000421668804204978,0.00189092889313168,0.00465103935713617,0.00822323942027856,0.0117909504931001,0.0146254392738146,0.0163147466894291,0.0167875711972853,0.0162198460513623,0.0149102550238644,0.0131763599079127,0.0112898697363624,0.00944891848991288,0.00777647926036238,0.00633302093919077,0.00513413576470666,0.00416739664632481,0.00340573685795406,0.00281670578648527,0.00236808010677209,0.00203074611954949,0.00177979151013165,0.00159457389264109,0.00145831064062269,0.00135753114399948,0.00128157309403076,0.00122218967393022,0.0011732592849556,0.00113054927604912,0.00109147616394112,0.00105482040591625,0.00102038327105068,0.000988604221985619,0.000960179017702324,0.000935726134704649,0.000915542385825765,0.000899472095081993,0.000886893671550951,0.000876808167331002,0.000868000022696191,0.000859232481752223,0.000849439349824456,0.000837879996610393,0.000824234208882582,0.000808625692777201,0.000791575638753225,0.000773898872817191,0.000756563213642989,0.000740536820961513,0.000726648328513189,0.000715480843254837,0.000707314440686237,0.000702123924564668,0.000699630822494621,0.000699402292399447,0.000700986077589066,0.000704070860183945,0.0007086659807198,0.000715303775563532,0.000725281507974694,0.000740977188917566,0.000766292840439058,0.000807297201692377,0.000873153336045322,0.000977419059472388,0.00113979139469562,0.00138831992806297,0.00176202588388693,0.00231372188947985,0.00311262346226011,0.00424607873582843,0.00581943801714681,0.00795278889614096,0.0107730847379846,0.0144002279127482,0.018926104905695,0.0243865887437879,0.0307282573595477,0.0377740192297237,0.0451947322367055,0.0524966266528368,0.0590358576909276,0.0640704375224635,0.0668547182933865,0.0667716647691545,0.0634839286560295,0.0570690877744991,0.0480930043637049,0.0375758956677915,0.0268258288723838,0.0171563263278229,0.00956008656935265,0.00445634830485202,0.00163128314406762,0.000421792354700166,6.31518804940219e-05,3.50419040291209e-06,1.73460101982389e-08,0
0,2.1790742045233e-05,0.000421823924577813,0.00189161471736801,0.00465270285301622,0.00822613964901753,0.0117950499162784,0.0146304491795885,0.0163202485709305,0.0167931391601813,0.0162251305424011,0.0149150199934219,0.0131804833079693,0.0112933226846326,0.00945173663427464,0.00777873535464503,0.00633480313295453,0.00513553279958981,0.00416848923559894,0.00340659372879261,0.00281738278164309,0.00236862101717214,0.00203118430523738,0.00178015172668412,0.00159487401659341,0.00145856317203341,0.00135774447020883,0.00128175254569497,0.00122233841194813,0.00117337904269556,0.00113064096125112,0.00109154031149492,0.00105485747336981,0.00102039378283129,0.000988588789276716,0.000960138279363021,0.000935660672814706,0.000915452664210454,0.000899358452428513,0.000886756377945362,0.00087664753085476,0.000867816516734086,0.000859026857129902,0.000849212699319578,0.000837633750885735,0.00082397005900957,0.000808345451186042,0.000791281063915559,0.000773591490541266,0.000756244168312134,0.000740206783701481,0.000726307477791381,0.000715128919334942,0.000706950861549046,0.000701747939994723,0.000699241676981674,0.000698999367307798,0.000700568988628693,0.00070363949648373,0.000708220484850485,0.000714844477269637,0.000724808835584955,0.000740491589073064,0.000765794737127908,0.000806787018628857,0.000872631592102001,0.000976886525961584,0.00113924927735959,0.00138777000791352,0.00176147052256129,0.0023131637807541,0.00311206499784929,0.00424552085929028,0.00581887847622473,0.00795221988489819,0.010772490058219,0.0143995799850107,0.0189253622133178,0.0243856945616032,0.030727140829932,0.0377725998928456,0.0451929288663977,0.0524943705727823,0.0590331095970255,0.0640672053129916,0.0668510718245495,0.0667677423698343,0.063479930381666,0.0570652524318551,0.0480895715396197,0.0375730597098333,0.0268236971820963,0.0171548966312568,0.00955925423695024,0.00445594440393302,0.00163112976105974,0.000421751354837518,6.31455581526008e-05,3.50383073944628e-06,1.73441986337546e-08,0
0,2.18003194274326e-05,0.000422007477664614,0.00189242807424202,0.00465468013951328,0.00822959488309698,0.0117999454712086,0.0146364470562432,0.0163268530882152,0.0167998423275237,0.0162315124867104,0.0149207944409546,0.0131854993962843,0.0112975410651232,0.00945519589195142,0.00778151952019038,0.00633701575376464,0.00513727910153825,0.00416986560341367,0.00340768275209901,0.00281825198628225,0.00236932370776377,0.00203176139222613,0.0017806338338126,0.00159528349294538,0.00145891585412781,0.00135805116867425,0.00128202029044549,0.00122257150193526,0.00117357993161942,0.00113081098733866,0.00109168026236786,0.0010549679747604,0.00102047551307397,0.000988642543602889,0.000960164929138272,0.000935661076300966,0.000915427583081373,0.00089930851333166,0.000886682096052289,0.000876549389242545,0.000867695077506079,0.000858882871095646,0.000849047181792254,0.000837448000269735,0.000823765609213681,0.00080812396464595,0.000791044185457863,0.000773340690691804,0.000755980606519366,0.000739931217363529,0.000726020233297386,0.000714829928813075,0.000706639756292653,0.00070142418111065,0.000698904697587271,0.000698648699640343,0.000700204353770622,0.000703260843133914,0.000707827974975844,0.000714438428317638,0.000724389638797909,0.00074005962905001,0.000765350337341905,0.000806330430070923,0.000872163027408077,0.000976406220024113,0.00113875752917803,0.00138726712989267,0.00176095659636675,0.00231263809851496,0.00311152506151061,0.00424496082955779,0.00581828701871706,0.00795157746872806,0.0107717659321381,0.0143987292892917,0.0189243239626516,0.0243843915057133,0.0307254823761216,0.0377704892331078,0.0451902750475912,0.0524911053627919,0.0590292076067568,0.0640627040844669,0.0668460868897783,0.0667624712875764,0.0634746402930322,0.057060248451425,0.0480851484762028,0.0375694463042842,0.0268210080324793,0.0171531089731275,0.00955822167311736,0.00445544681914254,0.00163094195556421,0.00042170141945027,6.31378921104623e-05,3.50339612323834e-06,1.73420132725661e-08,0
0,2.18113353687153e-05,0.000422218841598505,0.00189336617795986,0.0046569643688525,0.00823359302099028,0.0118056198118902,0.0146434113927147,0.016334536248486,0.0168076560117551,0.016238968030001,0.0149275564347665,0.0131913887869367,0.0113025082621133,0.0094592823510391,0.00778482030195345,0.00633964946757251,0.005139367098566,0.00417151959896868,0.00340899889695162,0.0028193092355604,0.00237018467319334,0.00203247437073444,0.00178123518992314,0.00159579995118991,0.0014593665150243,0.00135844921347801,0.00128237441136852,0.00122288711120205,0.0011738601875622,0.0011310576492877,0.00109189436518238,0.00105515030872753,0.00102062690713797,0.000988763973102324,0.000960257492951047,0.000935725902918488,0.00091546572558837,0.000899320880101376,0.000886669442033084,0.000876512368725416,0.000867634339419815,0.000858799166290029,0.00084894144987966,0.000837321410372777,0.000823619541611404,0.000807959935160948,0.000790863727855038,0.000773145221509586,0.000755771300008363,0.000739708915349595,0.000725785406872749,0.000714582697767103,0.000706379960540351,0.000701151488421966,0.000698618725539211,0.000698349128000761,0.000699891006648328,0.000702933727450777,0.000707487271613594,0.000714084442607416,0.000724022725560591,0.000739680111958692,0.000764958441169395,0.000805926236275757,0.000871746448223263,0.000975976964426723,0.00113831500756997,0.00138681021595231,0.0017604831387829,0.00231214405863062,0.00311100315428666,0.00424439857658371,0.00581766419739774,0.00795086307538253,0.0107709149777189,0.0143976800109315,0.0189229963347797,0.0243826882089083,0.0307232935265886,0.0377677020500592,0.0451867890862556,0.0524868528509791,0.0590241767911294,0.0640569615229956,0.0668397928027615,0.0667558811667632,0.0634680868816686,0.0570541016917088,0.0480797571522183,0.0375650727577642,0.0268177738679824,0.0171509713659285,0.00955699337133747,0.00445485765808469,0.00163072050382081,0.000421642750496508,6.31289128038433e-05,3.50288825559914e-06,1.73394626162422e-08,0
0,2.18237585330024e-05,0.000422457414316534,0.0018944263312955,0.00465954891073346,0.00823812234512794,0.0118120561421827,0.0146513213592466,0.0163432748182328,0.0168165563059707,0.0162474740717027,0.0149352847356045,0.0131981327056102,0.0113082081836963,0.0094639825378811,0.00778862660547154,0.00634269523392758,0.0051417894566838,0.00417344526464995,0.00341053729032999,0.00282055049526568,0.00237120051798428,0.00203332032527122,0.00178195323613724,0.001596421095017,0.00145991305079985,0.00135893664207879,0.00128281305150696,0.00122328346437528,0.00117421810152856,0.00113137929539211,0.00109218102019939,0.00105540292398285,0.00102084645899068,0.000988951613179268,0.000960414542803144,0.00093585375549863,0.000915565719154934,0.000899394198712182,0.000886717075269344,0.000876535138427449,0.000867632979506945,0.000858774427706086,0.000848894198244229,0.000837252688409975,0.000823530579392969,0.000807852105172297,0.000790738455302282,0.000773003870198603,0.000755615058737409,0.000739538708585388,0.000725601847292467,0.000714386088749124,0.000706170346076618,0.000700928738431451,0.000698382638020424,0.000698099527013892,0.000699627817055762,0.000702657013092821,0.000707197231821302,0.000713781370772153,0.000723706940728319,0.000739351877961274,0.000764617885842666,0.000805573274644426,0.000871380697779785,0.000975597618424596,0.00113792060541322,0.00138639822156815,0.00176004921344586,0.00231168090158792,0.003110498793138,0.00424383403309702,0.00581701054865982,0.00795007808922269,0.0107699397326812,0.0143964362063068,0.0189213853196058,0.0243805930361307,0.0307205854511209,0.0377642526816208,0.0451824887160038,0.052481634181445,0.0590180414338404,0.0640500044434764,0.0668322179529619,0.066748000715374,0.06346029773751,0.0570468371915102,0.0480734188485648,0.0375599558265026,0.0268140067366889,0.0171484915665749,0.00955557368156259,0.00445417896095202,0.00163046615720962,0.000421575543458599,6.31186496919363e-05,3.50230878316713e-06,1.73365548928939e-08,0
0,2.18375585883068e-05,0.000422722612772991,0.00189560592208116,0.00466242734372238,0.00824317150671473,0.0118192381940812,0.0146601567804954,0.016353046293283,0.0168265200531508,0.0162570082352804,0.0149439587694083,0.0132057129655415,0.0113146252411961,0.00946928339985873,0.00779292768271421,0.00634614429446354,0.00514453907057168,0.00417563682846305,0.00341229321093368,0.00282197185670562,0.00237236795223975,0.00203429643094894,0.00178278549305839,0.0015971446994135,0.00146055342283352,0.00135951155283403,0.00128333441151586,0.001223758841156,0.00117465201753393,0.00113177432517635,0.00109253867729574,0.00105572431734817,0.0010211327093021,0.000989204044650485,0.000960634694967551,0.000936043280180172,0.000915726233740333,0.000899527157088822,0.000886823696665682,0.000876616408681112,0.000867689715748889,0.000858807381025635,0.000848904161922785,0.000837240581566842,0.000823497485208952,0.000807799255970227,0.000790667170155132,0.000772915461396029,0.000755510729378991,0.000739419464047367,0.000725468438815421,0.000714238999354216,0.00070600981942846,0.000700754842223391,0.000698195346759043,0.000697898805913548,0.00069941368953003,0.000702429598636678,0.000706956747764897,0.000713528098739616,0.000723441164619481,0.000739073802821328,0.00076432754428424,0.000805270418268576,0.000871064654836216,0.000975267076334648,0.00113757324965858,0.00138603013443044,0.00175965391297184,0.00231124789153395,0.00311001151032718,0.00424326713450366,0.00581632659316931,0.00794922385293422,0.0107688426576519,0.0143950018079087,0.0189194967233781,0.0243781140950108,0.0307173689749274,0.0377601550222375,0.045177391120596,0.052475469841171,0.0590108250622298,0.0640418588238535,0.0668233898419556,0.0667388577418041,0.0634512995843386,0.057038479202171,0.0480661541757201,0.0375541117379854,0.0268097183059065,0.017145677086458,0.00955396681586,0.00445341270317785,0.00163017964322921,0.000421499987598024,6.31071312953408e-05,3.50165930006021e-06,1.7333298067938e-08,0
0,2.1852706165813e-05,0.000423013872188274,0.00189690241985561,0.00466559344703106,0.00824872951122831,0.011827150206967,0.0146698981098414,0.0163638288701946,0.0168375248167702,0.0162675488398786,0.0149535586012787,0.0132141119445436,0.0113217443295013,0.00947517228894906,0.00779771311856376,0.00634998816189728,0.00514760905466677,0.00417808869680315,0.00341426208327586,0.00282356953182308,0.00237368378753613,0.00203539994996082,0.00178372955768235,0.00159796860789185,0.00146128565526811,0.00136017210263235,0.0012839367474221,0.00122431157417722,0.0011751603305417,0.0011322411874011,0.00109296583403194,0.00105611303188096,0.00102148424362455,0.000989519891974463,0.000960916608261547,0.000936293164719486,0.000915945980179457,0.000899718483468597,0.000886988047028448,0.000876754929418053,0.000867803305477574,0.000858896791030134,0.000848970114749646,0.000837283875438211,0.000823519059629204,0.000807800206176866,0.000790648711439469,0.000772878855710823,0.000755457193886711,0.000739350083355805,0.000725384099799843,0.000714140360853395,0.000705897320510399,0.000700628744115166,0.000698055796681735,0.000697745907193692,0.000699247561997692,0.000702250416216926,0.000706764745351424,0.000713323546358002,0.000723224311635171,0.000738844796518433,0.000764086323718381,0.000805016574542302,0.000870797232296161,0.000974984266172754,0.00113727190000605,0.00138570497319325,0.00175929635783312,0.00231084431536026,0.00310954085282975,0.00424269781879109,0.00581561283648889,0.00794830166916499,0.0107676261391859,0.014393380629192,0.0189173361758731,0.02437525924593,0.0307136545921111,0.0377554225402151,0.0451715129554344,0.0524683796857071,0.0590025504768492,0.0640325498378373,0.0668133351181459,0.0667284791900395,0.0634411183136551,0.0570290512183678,0.0480579830999642,0.0375475562116381,0.0268049198770641,0.0171425352010511,0.00955217685380775,0.00445256079797054,0.00162986166643135,0.000421416266198888,6.3094385232808e-05,3.50094134993201e-06,1.73296998543832e-08,0
0,2.18691728209234e-05,0.000423330645331523,0.00189831337266257,0.00466904119266342,0.0082547857045656,0.0118357769077834,0.0146805264048443,0.0163756014189227,0.016849548852716,0.0162790748732267,0.0149640649106022,0.0132233125630493,0.0113295508082724,0.00948163694601221,0.00780297281789519,0.00635421860951537,0.00515099273464574,0.00418079544754495,0.00341643947203832,0.00282533984852832,0.00237514493299817,0.00203662822821367,0.00178478310044387,0.00159889072984116,0.00146210783258397,0.00136091650463072,0.00128461836848323,0.00122494004695649,0.00117574148449174,0.00113277837815729,0.00109346103380547,0.00105656765508302,0.00102189969065298,0.000989897821559249,0.000961258982396538,0.000936602136875838,0.000916223708596494,0.000899966944836571,0.000887208905516628,0.000876949488631557,0.000867972543847431,0.000859041460082348,0.000849090867850034,0.000837381392536765,0.000823594139670503,0.000807853810296854,0.000790681953427989,0.000772892948327533,0.000755453368126131,0.000739329501430632,0.000725347781380561,0.00071408913688759,0.000705831821329939,0.00070054942036902,0.000697962964627133,0.000697639805319819,0.000699128404481462,0.000702118430226607,0.0007066201829228,0.000713166666083099,0.000723055328940404,0.000738663801924575,0.000763893164344532,0.000804810683835927,0.000870577375888507,0.000974748148351689,0.00113701554764008,0.00138542178627931,0.00175897569528398,0.00231046948182755,0.00310908638177114,0.00424212602643646,0.00581486976967299,0.00794731280208842,0.0107662924926518,0.0143915763692074,0.0189149091372586,0.0243720361116319,0.0307094524785387,0.0377500682942835,0.0451648703681,0.0524603829637158,0.0589932397797142,0.0640221018861708,0.0668020796099367,0.0667168911732705,0.0634297790170463,0.0570185760075433,0.0480489249684387,0.0375403044785929,0.0267996223999484,0.0171390729590908,0.00955020774765147,0.00445162509873588,0.00162951290931443,0.000421324556800667,6.30804382563616e-05,3.50015642793746e-06,1.73257677226621e-08,0
0,2.18869309961597e-05,0.000423672401835326,0.00189983640399161,0.00467276473791138,0.00826132975980482,0.011845103492093,0.0146920233037886,0.0163883434566986,0.01686257108245,0.0162915659657443,0.0149754589672771,0.0132332982631253,0.01133803048398,0.00948866548577229,0.00780869699322608,0.00635882766112399,0.0051546836392826,0.00418375182343701,0.00341882107667484,0.00282727924623633,0.00237674839154669,0.00203797869210882,0.00178594386239337,0.00159990903799491,0.00146301809727955,0.00136174302609114,0.00128537763514044,0.0012256426919385,0.0011763939704158,0.00113338443904411,0.00109402286408556,0.00105708681718819,0.00102237772056219,0.000990336540145056,0.000961660556400832,0.000936968962868093,0.000916558206888808,0.000900271345430044,0.000887485088161336,0.000877198910907116,0.000868196262375093,0.000859240226675323,0.000849265268200267,0.000837531990867703,0.000823721597389517,0.000807958957332238,0.000790765804279826,0.000772956667672047,0.000755498200566383,0.00073935668520693,0.000725358466204956,0.000714084322219577,0.000705812324750482,0.000700515877961006,0.000697915858116371,0.000697579505497519,0.000699055217864305,0.000702032636075405,0.000706522050007547,0.000713056441723699,0.000722933195203853,0.000738529793539283,0.000763747038069595,0.000804651718228586,0.00087040406290618,0.000974557714436763,0.00113680321402071,0.00138517965073776,0.00175869109833395,0.00231012272072881,0.00310864767188792,0.00424155170031808,0.00581409786983546,0.00794625847889652,0.0107648439649876,0.0143895926170255,0.0189122209046501,0.0243684520864076,0.0307047725041391,0.037744104949425,0.0451574790179778,0.052451498340428,0.0589829144013058,0.0640105386265116,0.0667896483574367,0.066704119006019,0.0634173060171237,0.057007075638038,0.0480389985331013,0.0375323713005835,0.026793836486314,0.0171352971913544,0.00954806332723423,0.00445060740139274,0.00162913403317751,0.000421225031420732,6.30653162848762e-05,3.49930598261186e-06,1.73215089100321e-08,0
0,2.19059539858138e-05,0.000424038627540906,0.00190146920985474,0.00467675841818278,0.0082683516645529,0.0118551156059704,0.0147043710032642,0.0164020351230611,0.0168765710673533,0.0163050023657865,0.0149877226089846,0.0132440529884095,0.0113471695927315,0.00949624638245792,0.00781487615290856,0.00636380758143968,0.00515867549266331,0.00418695272578534,0.00342140272625095,0.00282938427159956,0.00237849125631051,0.00203944884546389,0.00178720965249706,0.00160102156600928,0.00146401464765337,0.00136264998631198,0.00128621295706124,0.00122641798862351,0.0011771163246355,0.00113405795542691,0.00109464995472542,0.00105766918952524,0.00102291704341713,0.000990834793257944,0.000962120107111769,0.00093739244589932,0.000916948299277535,0.000900630525308871,0.000887815446450529,0.000877502056017744,0.00086847332754346,0.000859491964045334,0.00084949219725146,0.000837734562566276,0.000823900338537837,0.00080811456945849,0.000790899204740218,0.000773068974136228,0.000755590671029515,0.000739430632407125,0.000725415167224706,0.000714124941540994,0.000705837863308853,0.000700527153404262,0.000697913514177887,0.0006975640424954,0.000699027032708087,0.000701992059002637,0.0007064693661276,0.000712991887242375,0.000722856919393187,0.000738441776280543,0.000763646947296127,0.000804538680296697,0.000870276301000495,0.000974411985956263,0.00113663394972797,0.00138497767115205,0.00175844176476612,0.00230980338208905,0.00310822431101237,0.00424097478563015,0.00581329760069149,0.00794513989122591,0.0107632827373338,0.0143874328559653,0.0189092766183768,0.0243645143448726,0.0306996242446578,0.0377375447920027,0.0451493540950166,0.0524417439200656,0.0589715951263825,0.0639978830019996,0.0667760656427707,0.0666901872348541,0.0634037228971029,0.0569945715059872,0.0480282219736297,0.0375237709880121,0.0267875724228964,0.0171312145190518,0.00954574730471045,0.00444950944658744,0.00162872567893713,0.00042111785676713,6.30490444361867e-05,3.498391417668e-06,1.73169304295639e-08,0
0,2.19262159022515e-05,0.000424428823872271,0.00190320955599174,0.00468101674014524,0.00827584170884942,0.0118657993286921,0.014717552236731,0.0164166571559828,0.0168915289841962,0.0163193649159741,0.0150008382194564,0.013255561164926,0.0113569547838489,0.00950436845607022,0.0078215010898368,0.00636915086689942,0.00516296220674001,0.00419039320841245,0.00342418037450842,0.00283165157442644,0.00238037070719457,0.00204103626656852,0.00178857834505454,0.00160222640614701,0.00146509573568259,0.00136363575464946,0.00128712279126736,0.00122726446177728,0.00117790712703883,0.0011347975547711,0.00109534097634811,0.0010583134829522,0.00102351640765253,0.000991391363731109,0.000962636447733816,0.000937871424745963,0.000917392844921645,0.000901043358988417,0.000888198865975733,0.00087785781758087,0.000868802639466977,0.000859795578845665,0.000849770569613592,0.000837988032595109,0.000824129301276037,0.000808319600758638,0.000791081126897241,0.000773228858858542,0.000755729789494756,0.000739550370367076,0.000725516926540582,0.00071421004833175,0.000705907498084731,0.000700582311623961,0.000697954998223814,0.000697592479519679,0.000699042908124075,0.000701995752942347,0.000706461179657494,0.000712972045608881,0.000722825539623269,0.00073839878432878,0.000763591923763689,0.000804470601955563,0.000870193127028348,0.000974310013264012,0.00113650683335682,0.00138481497859559,0.00175822691619827,0.00230951083539968,0.0031078158995791,0.00424039522980062,0.00581246941307474,0.00794395819652027,0.0107616109275498,0.0143851004676354,0.0189060812679708,0.024360229850358,0.0306940169928939,0.0377303997442245,0.0451405103376644,0.052431137267279,0.0589593021186603,0.063984157268572,0.066761355019063,0.0666751196677639,0.0633890525290897,0.0569810843610432,0.0480166129193246,0.0375145174172276,0.0267808401838572,0.0171268313618521,0.00954326327905449,0.00444833292181166,0.00162828846790839,0.00042100319444211,6.30316470578009e-05,3.49741409371494e-06,1.73120390787409e-08,0
0,2.19476916437781e-05,0.00042484250723792,0.0019050552751982,0.00468553437517027,0.00828379047360016,0.0118771411561826,0.0147315502540211,0.0164321908690395,0.0169074256016784,0.0163346350305558,0.015014788707688,0.0132678076827352,0.0113673731041611,0.00951302085924772,0.00782856287064523,0.00637485023686977,0.00516753787420831,0.00419406847187831,0.00342715009514379,0.00283407790377677,0.00238238400759669,0.00204273860536757,0.00179004787722834,0.00160352170706143,0.00146625966499347,0.00136469874862477,0.00128810564034378,0.00122818067971867,0.00117876499943149,0.00113560190504838,0.00109609463880256,0.00105901844635881,0.00102417459861876,0.000992005070290496,0.000963208426459399,0.000938404772408441,0.000917890736592377,0.000901508754132067,0.000888634265137764,0.000878265121773792,0.000869183130615132,0.00086015000987826,0.000850099331797007,0.000838291357498379,0.000824407454943862,0.000808573036012657,0.00079131057299283,0.000773435342557919,0.00075591459495498,0.000739714954913433,0.000725662814297688,0.000714338723769223,0.000706020317619464,0.000700680444881372,0.000698039402975432,0.000697663907137906,0.000699101930692754,0.000702042799437931,0.000706496566733337,0.000712995987703601,0.000722838122054622,0.000738399880021264,0.000763581027440738,0.000804446543351488,0.000870153605949669,0.000974250874451473,0.00113642097046023,0.00138469072963281,0.00175804579718465,0.00230924446888597,0.00310742205015279,0.0042398129824119,0.00581161374543117,0.00794271451933223,0.0107598305926189,0.0143825987357969,0.0189026396978939,0.0243556053629338,0.0306879597694454,0.0377226813779741,0.0451309620500208,0.0524196954276503,0.0589460549444175,0.0639693830210895,0.0667455393381603,0.0666589394022495,0.0633733171011367,0.0569666343309792,0.0480041884700621,0.0375046240470541,0.0267736494426905,0.0171221539455623,0.00954061474037372,0.00444707946342856,0.00162782300255238,0.000420881201136836,6.30131477562829e-05,3.49637532990256e-06,1.73068414476854e-08,0
0,2.19703568639808e-05,0.000425279208458734,0.00190700426477011,0.0046903061530633,0.00829218881951426,0.0118891279851812,0.0147463488017318,0.0164486181295714,0.0169242422579878,0.0163507946737523,0.0150295574880541,0.0132807778783787,0.0113784119829765,0.00952219306469959,0.0078360528253736,0.0063808986252357,0.00517239676169211,0.00419797385795066,0.00343030807729045,0.00283666010422545,0.00238452850126582,0.00204455358076579,0.0017916162466797,0.00160490567167608,0.00146750478891919,0.00136583743211276,0.00128916005072493,0.00122916525268102,0.00117968860395935,0.00113646971321173,0.00109690968968621,0.00105978286523362,0.00102489043719051,0.000992674766201606,0.000963834925149457,0.000938991394820197,0.000918440899405103,0.000902025650300423,0.000889120593908567,0.00087872292610486,0.000869613764591331,0.000860554226880408,0.000850477461008541,0.000838643524210079,0.000824733798883827,0.000808873889539429,0.000791586574285436,0.00077368747441827,0.000756144154322847,0.000739923469289754,0.000725851927628677,0.000714510075684845,0.00070617543688182,0.000700820671744657,0.000698165847435286,0.000697777442249434,0.000699203213430539,0.0007021323066039,0.000706574630209156,0.000713062811268593,0.000722893759839698,0.000738444152794499,0.000763613345464595,0.000804465591801943,0.000870156829772658,0.000974233674306989,0.00113637549253796,0.00138460410536334,0.00175789767435653,0.00230900368880603,0.00310704238697583,0.0042392279951244,0.00581073102429057,0.00794140995256778,0.0107579437309483,0.0143799308500581,0.0188989566130134,0.0243506474470819,0.0306814613329864,0.0377144009280413,0.0451207231182443,0.0524074349473057,0.0589318725950745,0.0639535812183291,0.066728640777152,0.0666416688522033,0.0633565381431291,0.0569512409452299,0.0479909652163404,0.037494103934605,0.0267660095836137,0.0171171883094743,0.00953780507403566,0.00444575065861159,0.00162732986719127,0.000420752028817714,6.29935694253716e-05,3.49527640549524e-06,1.73013439270314e-08,0
0,2.19941879424685e-05,0.00042573847222079,0.00190905448405944,0.0046953270560655,0.0083010278765208,0.0119017470980945,0.0147619321044666,0.016465921337788,0.016941960839328,0.016367826339035,0.0150451284612804,0.0132944575180814,0.0113900592177023,0.00953187485317953,0.00784396253757658,0.00638728917235099,0.00517753330322112,0.00420210484431276,0.00343365062119462,0.0028393951122864,0.00238680160929502,0.00204647897804787,0.00179328150930585,0.00160637655515507,0.001468829508641,0.00136705031360835,0.00129028461105451,0.0012302168312439,0.00118067664159855,0.00113739972373598,0.00109778491293124,0.00106060556029278,0.00102566277843535,0.000993399337974562,0.000964514858070813,0.000939630229612366,0.000919042289605865,0.000902593017754441,0.000889656832646476,0.000879230218237673,0.000870093534964486,0.00086100722936382,0.000850903963999631,0.000839043548913753,0.000825107361315622,0.000809221204088738,0.000791908189961819,0.000773984331021191,0.0007564175613842,0.000740175023129012,0.000726083389642638,0.000714723237565761,0.000706371996278436,0.000701002136104124,0.0006983334759037,0.000697932227100338,0.000699345894801116,0.000702263408132467,0.000706694498658299,0.00071317163990392,0.000722991572114632,0.000738530718172252,0.000763687991127146,0.00080452686078144,0.000870201916544507,0.000974257543319854,0.0011363695560689,0.00138455431050732,0.00175778183559959,0.00230878791877951,0.00310667654553509,0.0042386402216027,0.00580982166471691,0.00794004555867591,0.0107559522845679,0.0143770999094076,0.0188950365838411,0.0243453624790365,0.0306745301900994,0.0377055693047786,0.0451098070262494,0.0523943718916808,0.0589167735088001,0.0639367722068996,0.0667106808637491,0.0666233297736282,0.0633387365515565,0.0569349231574189,0.0479769592584648,0.0374829697504182,0.0267579297124705,0.0171119403133965,0.00953483756461789,0.00444434804720009,0.00162680962869275,0.000420615824904726,6.29729342728931e-05,3.49411856137812e-06,1.72955527154597e-08,0
0,2.20191619569353e-05,0.000426219856551879,0.00191120395213532,0.00470059221311462,0.00831029903364175,0.0119149861485008,0.014778284846884,0.0164840834067717,0.0169605637593691,0.0163857130292949,0.015061485996233,0.0133088327816728,0.0114023029600797,0.00954205630197474,0.00785228383485656,0.00639401521733285,0.0051829420939872,0.00420645703949717,0.00343717413407589,0.00284227995298917,0.00238920082724267,0.00204851264640865,0.00179504177707368,0.00160793266296012,0.00147023227140862,0.00136833594456687,0.00129147795061516,0.0012313341048318,0.00118172785071024,0.00113839071722069,0.00109871912745113,0.00106148538616739,0.00102649051033926,0.000994177704124634,0.000965247170687654,0.000940320244931404,0.000919693893409955,0.000903209856309909,0.000890241990962313,0.000879786014865765,0.000870621464150783,0.00086150804550356,0.000851377875963915,0.000839490475951221,0.00082552719825888,0.000809614049780873,0.000792274506095605,0.000774325015324541,0.000756733935796439,0.000740468751470272,0.000726356348457421,0.000714977367599389,0.000706609160706779,0.000701224006229792,0.00069854145703755,0.000698127428340675,0.000699529137769254,0.000702435262342806,0.000706855325417728,0.000713321622107078,0.000723130703034287,0.000738658716797029,0.000763804102904076,0.000804629488950922,0.000870288009385389,0.000974321636727074,0.00113640234158479,0.00138454057252976,0.00175769758926634,0.00230859659914497,0.00310632417214679,0.00423804961744439,0.0058088860707386,0.0079386223707862,0.0107538581412341,0.0143741089255945,0.0188908840515444,0.0243397566538081,0.0306671746046832,0.0376961971062138,0.0450982268707292,0.0523805218634801,0.058900775591189,0.0639189757441305,0.0666916805005739,0.066603943289257,0.0633199326132237,0.0569176993669228,0.0479621862249118,0.0374712337929435,0.026749418667167,0.0171064156443855,0.00953171539968944,0.00444287312347571,0.00162626283712535,0.000420472732442164,6.29512638465269e-05,3.49290300149919e-06,1.72894738269123e-08,0
0,2.20452566564778e-05,0.000426722932320595,0.00191345074554575,0.0047060968943521,0.00831999392929921,0.0119288331472761,0.014795392156515,0.0165030877433374,0.0169800339395771,0.016404438237858,0.0150786149124846,0.0133238902471955,0.0114151317030071,0.00955272777388532,0.00786100877979956,0.00640107029068442,0.00518861788436617,0.00421102617803486,0.00344087512616366,0.00284531173660083,0.00239172372237594,0.00205065249658807,0.00179689521594535,0.00160957234898994,0.00147171156883618,0.00136969291781481,0.00129273873782492,0.00123251580027657,0.00118284100565662,0.00113944150905247,0.00109971118584496,0.00106242123014686,0.00102737255258649,0.000995008813985575,0.000966030838504532,0.00094106043830715,0.000920394725890042,0.000903875194240824,0.000890875106633904,0.000880389360635339,0.000871196602343203,0.000862055731074455,0.000851898259481932,0.000839983376777942,0.000825992392502,0.000810051523091556,0.000792684634650365,0.000774708655684679,0.000757092422129722,0.00074080381381739,0.00072666997627334,0.000715271647758827,0.000706886118648586,0.000701485473869238,0.000698788982949256,0.00069836223612201,0.000699752128895038,0.00070264705127093,0.000707056287673131,0.00071351193035345,0.000723310320848507,0.000738827313502886,0.000763960843525534,0.000804772639228555,0.000870414275563653,0.000974425133600734,0.00113647305278342,0.00138456214080214,0.00175764426342201,0.00230842918634422,0.00310598492355867,0.0042374561401112,0.00580792463575959,0.00793714139379695,0.010751663136442,0.0143709608263633,0.0188865033327436,0.024333835991905,0.0306594026069582,0.0376862946296431,0.0450859953755352,0.0523659000198672,0.0588838962350566,0.0639002110199839,0.0666716599884138,0.06658352991212,0.0633001460279512,0.0568995874395158,0.0479466612899116,0.0374589080024143,0.0267404850276643,0.0171006198231907,0.00952844167343141,0.00444132733786338,0.00162569002638587,0.000420322890262118,6.29285790584782e-05,3.49163089425019e-06,1.7283113097501e-08,0
0,2.20724504360997e-05,0.000427247282756899,0.0019157929961751,0.00471183650586493,0.00833010444203647,0.0119432764493124,0.0148132395873124,0.0165229182297068,0.0170003547903799,0.016423985930309,0.0150965004636216,0.013339616876166,0.0114285342679211,0.00956387990667081,0.00787012966129516,0.00640844810722958,0.00519455557419258,0.00421580811580941,0.00344475020690102,0.00284848765548638,0.00239436793103061,0.00205289649860603,0.00179884004389151,0.00161129401379824,0.00147326593527004,0.00137111986602774,0.00129406567879715,0.00123376068044063,0.00118401491547556,0.00114055094812384,0.00110075997315639,0.00106341201097538,0.00102830785539107,0.000995891646573269,0.000966864865958426,0.000941849835568903,0.000921143829911496,0.000904588087229331,0.000891555244566695,0.000881039327113778,0.000871818026486546,0.00086264936843271,0.000852464203510689,0.0008405213489628,0.000826502052614808,0.000810532745880045,0.00079313771252509,0.000775134404920289,0.00075749218894893,0.000741179393237754,0.000727023468486255,0.000715605282927139,0.000707202081301856,0.000701785753383793,0.000699075268344079,0.000698635863233315,0.000700014077466606,0.000702897979798238,0.000707296585582912,0.000713741760215826,0.000723529617017596,0.000739035696427629,0.000764157399086252,0.000804955497899964,0.000870579905610238,0.000974567235974067,0.00113658091567936,0.00138461828579949,0.00175762120512213,0.00230828515233257,0.00310565846656858,0.00423685974886258,0.00580693774295227,0.00793560360541598,0.0107493690553515,0.0143676584585493,0.018881898624102,0.0243276063457683,0.0306512220020864,0.0376758718827309,0.0450731249054442,0.0523505210889254,0.0588661523393923,0.063880496678036,0.0666506390484882,0.0665621095681138,0.0632793959303136,0.0568806047271405,0.0479303991902861,0.0374460039741316,0.0267311371255488,0.0170945582104277,0.00952501939010458,0.00443971209856043,0.00162509171480028,0.000420166433141053,6.29049002091086e-05,3.49030337378926e-06,1.72764761921237e-08,0
0,2.21007223123452e-05,0.000427792502993137,0.00191822888919267,0.00471780658465105,0.00834062268163313,0.0119583047407983,0.0148318131038981,0.0165435592059589,0.0170215101931306,0.0164443405270824,0.0151151283212568,0.0133559999994587,0.0114424997927108,0.00957550360294194,0.00787963898622226,0.00641614255934544,0.00520075020727554,0.00422079882560676,0.00344879608130841,0.00285180498110116,0.00239713115608184,0.0020552426795923,0.00180087452898792,0.00161309610288651,0.00147489394622527,0.00137261546027213,0.00129545751596097,0.00123506754289812,0.00118524842261096,0.0011417179156061,0.00110186440568502,0.00106445667769915,0.0010292953983776,0.0009968252094973,0.00096774828535757,0.000942687489807268,0.000921940275112677,0.000905347617360024,0.000892281495798298,0.000881735011801756,0.000872484839295787,0.000863288065540584,0.00085307482241597,0.000841103515230191,0.000827055312002994,0.000811056864458348,0.000793632900640046,0.000775601439415809,0.000757932427934485,0.000741594695499146,0.000727416042838184,0.000715977500058693,0.000707556281749548,0.000702124080921278,0.000699399549693897,0.000698947544273394,0.000700314214669542,0.000703187274816909,0.000707575441439203,0.000714010329521128,0.000723787805365179,0.000739283076162508,0.000764392978193242,0.000805177273766021,0.000870784112470459,0.000974747168004355,0.00113672517779045,0.00138470829833116,0.00175762777972049,0.00230816398401368,0.00310534447765882,0.00423626040469157,0.00580592576563306,0.00793400995715676,0.0107469776346308,0.0143642045910424,0.0188770740067222,0.0243210734059334,0.0306426403784265,0.037664938594138,0.0450596274793429,0.0523343993854206,0.058847560327511,0.0638598508355715,0.0666286368437747,0.066539701617618,0.0632577009104603,0.0568607680868449,0.0479134142415773,0.0374325329711888,0.0267213830531986,0.0170882360124907,0.00952145146737118,0.00443802877309715,0.00162446840569946,0.000420003491949815,6.28802470095748e-05,3.488921541308e-06,1.7269568610804e-08,0
0,2.21300519000005e-05,0.000428358199624549,0.00192075666108824,0.0047240027937976,0.00835154098059561,0.0119739070270378,0.0148510990664745,0.0165649954532206,0.0170434844828311,0.0164654868867879,0.0151344845597144,0.0133730273037834,0.0114570177201397,0.00958759002047659,0.0078895294714836,0.00642414771047846,0.00520719696614419,0.00422599439285122,0.00345300954649926,0.00285526106110904,0.00240001116452074,0.0020576891217073,0.00180299698759164,0.00161497710506822,0.0014765942168874,0.00137417840860818,0.00129691302673946,0.0012364352186711,0.00118654040169624,0.0011429413237735,0.00110302342984747,0.00106555420856192,0.001030334189509,0.000997808537918198,0.000968680155864817,0.0009435724803796,0.000922783156928069,0.000906152892156517,0.000893052976544882,0.000882475537186889,0.000873196168315725,0.000863970955032113,0.000853729255045352,0.000841729022542426,0.000827651328002336,0.000811623048699611,0.000794169383061109,0.000776108958262596,0.000758412353040156,0.00074204894824293,0.000727846938603649,0.000716387547375785,0.000707947974163258,0.000702499713623534,0.000699761084445742,0.000699296534858125,0.000700651792791208,0.000703514184430381,0.000707892098864147,0.000714316877542583,0.000724084121266656,0.000739568684937632,0.000764666811149299,0.000805437197326418,0.000871026130691385,0.000974964175170947,0.00113690510735839,0.00138483148880382,0.00175766337020596,0.00230806518269779,0.00310504264264543,0.00423565807026268,0.00580488906762155,0.00793236137529172,0.0107444905642212,0.0143606019176254,0.0188720334503553,0.0243142427069303,0.03063366511544,0.0376535042237022,0.0450455147828561,0.0523175488259006,0.0588281361644413,0.063838291102833,0.0666056719994398,0.0665163248762036,0.0632350790340638,0.0568400938989249,0.0478957203534997,0.0374185059366633,0.0267112306725669,0.0170816582872178,0.00951774073947758,0.0044362786898321,0.00162382058797077,0.000419834193797363,6.285463860352e-05,3.48748646624561e-06,1.72623956947652e-08,0
0,2.21604193898119e-05,0.000428943990288324,0.00192337459779031,0.00473042091786218,0.00836285188600551,0.0119900726207802,0.0148710842163697,0.0165872121775621,0.017066262431579,0.0164874102902327,0.0151545556413562,0.0133906868187275,0.0114720777867508,0.00960013056294022,0.00789979403637275,0.006432457788931,0.00521389116701232,0.00423139101151915,0.00345738748834088,0.00285885331662052,0.00240300578513172,0.0020602339601492,0.00180520578259308,0.00161693555090101,0.00147836540067654,0.00137580745475074,0.00129843102228277,0.00123786257101851,0.00118788975838853,0.00114422011487648,0.00110423602108602,0.00106670360994659,0.00103142326405895,0.00099884069354823,0.000969659562523483,0.000944503911957013,0.00092367159565225,0.000907003043658302,0.000893868827287462,0.000883260049836989,0.000873951165019983,0.000864697193317918,0.000854426663840037,0.000842397041220545,0.000828289281010853,0.000812230491183844,0.000794746366160765,0.000776656182436048,0.000758931199686136,0.000742541400191857,0.000728315415810094,0.000716834693598892,0.000708376433040228,0.000702911928867121,0.000700159150263446,0.000699682110860863,0.000701026084458354,0.000703877977187278,0.000708245822039795,0.000714660664225673,0.000724417820871593,0.000739891775841445,0.000764978149170609,0.000805734519997347,0.00087130521564314,0.000975217523506718,0.00113711999260181,0.0013849871865151,0.00175772737656677,0.00230798826358242,0.00310475265634173,0.00423505270985204,0.00580382800358395,0.00793065876176483,0.0107419094890272,0.0143568530596916,0.018866780817433,0.0243071196329366,0.0306243033912648,0.0376415779721912,0.0450307981804459,0.0522999829431622,0.0588078953735851,0.0638158346014662,0.0665817626224144,0.0664919976344758,0.0632115478614329,0.0568185980843096,0.0478773310447476,0.0374039335052994,0.0267006876235989,0.0170748299493207,0.00951388996030441,0.00443446313938516,0.00162314873658669,0.000419658662168513,6.28280935878639e-05,3.48599918745253e-06,1.72549626322518e-08,0
0,2.21918055271668e-05,0.000429549503260349,0.00192608103286324,0.00473705685844747,0.008374548151709,0.0120067911310379,0.0148917556621859,0.0166101949945646,0.0170898292327052,0.0165100964251106,0.0151753284025181,0.0134089669043379,0.0114876700122341,0.00961311687099188,0.00791042579525799,0.00644106718190579,0.00522082825495178,0.00423698498022196,0.00346192687825358,0.00286257923954522,0.00240611290626599,0.00206287538124363,0.00180749932174036,0.00161897001118375,0.00148020618787086,0.00137750137678567,0.00130001034625375,0.00123934849427519,0.00118929542825109,0.00114555326006155,0.00110550118282248,0.00106790391536078,0.00103256168362707,0.000999920763693685,0.000970685615323668,0.000945480913611004,0.000924604735542788,0.000907897227536015,0.000894728211896207,0.000884087719531057,0.000874749003947523,0.00086546595972731,0.000855166233983661,0.000843106764101758,0.000828968373657106,0.000812878406379225,0.000795363077814049,0.00077724235400701,0.000759488223985728,0.000743071320390869,0.000728820754490759,0.000717318227208979,0.000708840952472128,0.000703360023535638,0.000700593044300868,0.000700103567684464,0.000701436381906464,0.000704277941347208,0.000708635894970039,0.000715040969446284,0.000724788180358436,0.000740251622072635,0.000765326263636885,0.000806068513361666,0.000871620642772544,0.000975506498861434,0.00113736914100026,0.00138517473897649,0.00175781921518111,0.00230793275525432,0.00310447422223552,0.00423444428928942,0.00580274291936158,0.00792890299506552,0.0107392360105355,0.0143529605688485,0.0188613198669305,0.0242997094231934,0.0306145621899728,0.0376291687906488,0.0450154887270059,0.0522817149001147,0.0587868530526842,0.0637924979821955,0.066556926320156,0.0664667376770924,0.0631871244658337,0.0567962961212245,0.0478582594571877,0.0373888260147065,0.0266897613322992,0.0170677557755884,0.00950990180629028,0.00443258337601113,0.00162245331311155,0.000419477017055985,6.28006300327308e-05,3.48446071430591e-06,1.724727446411e-08,0
0,2.22241915916932e-05,0.000430174377068813,0.0019288743457796,0.0047439066299603,0.00838662273083134,0.0120240524523697,0.0149131008665243,0.0166339299145287,0.0171141704855695,0.0165335313713253,0.0151967900400305,0.0134278562392174,0.0115037846892332,0.00962654081375799,0.00792141805056864,0.00644997042979622,0.00522800379926503,0.00424277269845079,0.00346662477014184,0.00286643639005354,0.00240933047370681,0.002065611620612,0.00180987605603272,0.00162107909551549,0.00148211530428682,0.00137925898593904,0.00130164987366362,0.00124089191273877,0.00119075637568195,0.00114693975833579,0.0011068179454552,0.00106915418446425,0.00103374853519475,0.00100104786033677,0.00097175744830719,0.000946502637937873,0.000925581743960275,0.000908834622243334,0.000895630316791011,0.000884957738426276,0.000875588881874935,0.000866276455685932,0.000855947172586394,0.000843857405731799,0.000829687830002973,0.000813566029857346,0.000796018766627829,0.000777866735385858,0.00076008270200408,0.000743637997479356,0.000729362253968529,0.000717837455740376,0.000709340845444119,0.000703843313322169,0.000701062082505213,0.000700560219563457,0.000701881996279346,0.000704713384176958,0.000709061620773099,0.000715457092299547,0.000725194495220076,0.000740647516222998,0.000765710445372503,0.000806438468450076,0.00087197170688758,0.000975830406195511,0.00113765187860778,0.00138539351126403,0.00175793831823266,0.00230789819921179,0.00310420705217925,0.00423383277590225,0.00580163415228525,0.00792709493106559,0.0107364716883657,0.0143489269294135,0.0188556542580683,0.0242920171771953,0.0306044483085252,0.0376162853893518,0.0449995971789741,0.0522627575030691,0.0587650238891242,0.0637682974417692,0.0665311802186338,0.0664405623009955,0.0631618254510514,0.0567732030611664,0.0478385183694661,0.0373731935160954,0.0266784590184667,0.0170604404098765,0.00950577887923492,0.00443064061891682,0.00162173476618744,0.00041928937508701,6.27722655005584e-05,3.48287202777912e-06,1.72393360891392e-08,0
0,2.22575593777287e-05,0.000430818260123884,0.00193175296026423,0.00475096635554644,0.00839906876860152,0.0120418467546071,0.0149351076332577,0.0166584033282942,0.0171392721809846,0.0165577015869202,0.0152189280982932,0.0134473438091108,0.0115204123735718,0.00964039448065697,0.00793276428606966,0.00645916222071145,0.00523541348904787,0.00424875066297524,0.00347147829745127,0.00287042239414229,0.00241265648862223,0.00206844096141483,0.00181233447817965,0.00162326145091348,0.00148409151001345,0.00138107912539685,0.00130334850975528,0.00124249177960226,0.00119227159288636,0.00114837863557382,0.00110818536539735,0.00107045350213629,0.00103498293021979,0.00100222111925523,0.000972874218709354,0.00094756826021918,0.000926601810543764,0.000909814428203801,0.000896574350136655,0.000885869320259324,0.000876470017022836,0.000867127903927301,0.000856768707902663,0.000844648201590584,0.000830446894779289,0.000814292617540804,0.000796712701201851,0.000778528608597753,0.000760713929047482,0.000744240738993426,0.000729939232169285,0.000718391705102794,0.00070987544316282,0.000704361132060486,0.000701565598949056,0.000701051398894953,0.000702362256957577,0.000705183631275672,0.000709522321003131,0.000715908350417964,0.000725636079578802,0.000741078769589802,0.000766130003957209,0.00080684369505184,0.000872357721471269,0.000976188568902781,0.00113796754939457,0.00138564288539571,0.00175808413315009,0.00230788414940638,0.00310395086609263,0.00423321813846147,0.00580050203147607,0.00792523540382106,0.0107336180417565,0.0143447545608042,0.018849787553861,0.0242840478596661,0.0305939683634402,0.037602936246398,0.0449831340049869,0.0522431232144781,0.0587424221746077,0.0637432487392053,0.0665045409795729,0.0664134883328917,0.0631356669682308,0.0567493335442205,0.0478181202100554,0.0373570457845723,0.0266667877031117,0.0170528883678923,0.0095015237089872,0.00442863605352395,0.00162099353200007,0.000419095849644736,6.27430170644211e-05,3.48123408146747e-06,1.72311522692233e-08,0
0,2.22918911756191e-05,0.000431480810362705,0.00193471534270666,0.00475823226319329,0.00841187959547262,0.0120601644730039,0.0149577640953283,0.0166836019936426,0.0171651206872383,0.0165825938945844,0.0152417304568819,0.0134674188959595,0.011537543874881,0.00965467017355858,0.00794445816041153,0.00646863738522521,0.0052430531289334,0.00425491546438924,0.00347648467034583,0.00287453494129973,0.0024160890056013,0.00207136173266686,0.00181487312112294,0.00162551576048751,0.0014861335981982,0.00138296066917278,0.00130510518893231,0.00124414707593013,0.0011938400988913,0.00114986894356537,0.00110960252415446,0.00107180097758123,0.00103626400376809,0.00100343969917804,0.000974035106135846,0.000948676977616581,0.000927664146419986,0.000910835867030976,0.000897559541070953,0.000886821699580445,0.000877391648294823,0.000868019547736693,0.000857630088580972,0.000845478407349631,0.00083124483265285,0.000815057444981679,0.000797444169420112,0.000779227274587629,0.000761381218981814,0.000744878870696784,0.000730551024963436,0.000718980318931149,0.000710444094411817,0.000704912831083669,0.00070210294518975,0.000701576455596987,0.00070287651091446,0.000705688025927672,0.000710017334999629,0.000716394079317446,0.000726112265529311,0.000741544711516304,0.000766584267065034,0.000807283521053702,0.000872778018023595,0.000976580328160927,0.0011383155146156,0.00138592225973417,0.00175825612206923,0.00230789017180316,0.00310370539167706,0.00423260034712915,0.0057993468781334,0.00792332522634037,0.0107306765509904,0.0143404458198313,0.0188437232245181,0.024275806305329,0.0305831287971861,0.0375891296159393,0.0449661093960957,0.0522228241651532,0.0587190618192259,0.0637173672113713,0.0664770248169918,0.0663855321460174,0.0631086647320261,0.0567247018137512,0.0477970770697673,0.0373403923290128,0.0266547542155698,0.0170451040417834,0.00949713875602337,0.00442657083268059,0.00162023003472569,0.000418896550984686,6.27129013256075e-05,3.47954780257203e-06,1.72227276342528e-08,0
0,2.23271697538049e-05,0.000432161694909013,0.0019377600006388,0.00476570068199237,0.00842504872052435,0.0120789962987899,0.0149810587030441,0.0167095130222565,0.0171917027366872,0.0166081954687118,0.0152651853186594,0.0134880710674027,0.0115551702476085,0.00966936039926275,0.00795649350094275,0.00647839089133842,0.00525091863500907,0.00426126378379725,0.00348164117299964,0.00287877178226544,0.00241962613077008,0.00207437230762039,0.0018174905566187,0.00162784074216801,0.00148824039388214,0.00138490252102197,0.00130691887373133,0.00124585680967601,0.00119546093859995,0.00115140975910153,0.00111106852743947,0.00107319574347038,0.00103759091368068,0.00100470278097546,0.000975239311773177,0.000949828008399492,0.000928767983444822,0.000911898180780398,0.000898585138964395,0.000887814131018765,0.00087835303454748,0.000868950650225891,0.000858530582944343,0.0008463472981598,0.000832080927523341,0.000815859806669447,0.000798212477771154,0.000779962052553545,0.000762083903578823,0.000745551735938931,0.000731196985534308,0.000719602657961913,0.000711046164933472,0.000705497778608878,0.000702673489654959,0.000702134756493017,0.000703424122098242,0.000706225928481669,0.000710546019263343,0.000716913631770011,0.00072662240250848,0.000742044688759115,0.000767072579830116,0.000807757291805707,0.000873231945430195,0.000977005042308315,0.00113869515220479,0.00138623104841359,0.00175845376131706,0.00230791584395868,0.00310347036414146,0.00423197937340795,0.00579816900581059,0.00792136519132068,0.0107276486587589,0.0143360030028963,0.018837464650707,0.0242672972234808,0.0305719358843125,0.0375748735360797,0.0449485332755647,0.0522018721659833,0.0586949563649543,0.0636906677879288,0.0664486475130659,0.0663567096762204,0.0630808340360938,0.0566993217304949,0.0477754007137579,0.0373232424015342,0.026642365200326,0.01703709170454,0.00949262641392054,0.00442444607782329,0.00161944468695986,0.000418691586346484,6.26819344304826e-05,3.47781409284353e-06,1.72140666868473e-08,0
0,2.23633783416591e-05,0.000432860589746701,0.00194088548127491,0.00477336803855463,0.00843856982513492,0.0120983331701093,0.0150049802128529,0.0167361238672098,0.0172190054128969,0.0166344938229849,0.0152892811983708,0.0135092901667046,0.0115732827823923,0.00968445786228336,0.00796886429777303,0.00648841783964571,0.00525900603089906,0.00426779238963461,0.0034869451609983,0.00288313072688061,0.00242326601998363,0.00207747110221395,0.00182018539387654,0.00163023514748555,0.0014904107528821,0.00138690361339861,0.00130878855383594,0.00124762001474009,0.00119713318188443,0.00115300018309793,0.00111258250432359,0.00107463695511869,0.00103896283977449,0.0010060095668819,0.000976486057631115,0.000951020591204063,0.000929912573475525,0.000913000631231891,0.000899650412709828,0.000888845888577432,0.000879353453890021,0.000869920493637376,0.000859469478299973,0.000847254167967954,0.000832954481848815,0.00081669901536702,0.00079901695069597,0.000780732279307123,0.000762821331888932,0.00074625869503941,0.000731876483772183,0.000720258099434782,0.000711681036835822,0.000706115359147111,0.000703276617053118,0.000702725684721397,0.000704004470839392,0.000706796715755133,0.000711107746857496,0.000717466377201899,0.000727165856690676,0.000742578064881207,0.000767594304238216,0.000808264369512697,0.000873718869356592,0.000977462086246018,0.00113910585619367,0.00138656868078973,0.00175867654091645,0.00230796075461573,0.00310324552593883,0.00423135519009207,0.00579696872067894,0.00791935607185371,0.0107245357714725,0.0143314283480992,0.018831015126681,0.0242585252023805,0.0305603957373316,0.0375601758364504,0.0449304153082712,0.052180278719176,0.0586701189986019,0.0636631650056703,0.0664194244333463,0.0663270364373881,0.0630521897679568,0.0566732067860809,0.0477531025930441,0.0373056050065829,0.0266296271235632,0.0170288555142194,0.00948798901172997,0.00442226288009224,0.00161863789012884,0.000418481060061062,6.26501320866692e-05,3.47603382948811e-06,1.72051738068876e-08,0
0,2.24005006130381e-05,0.000433577179406693,0.0019440903701109,0.00478123085357142,0.00845243675690985,0.0121181662633271,0.0150295176765708,0.0167634223109643,0.0172470161383011,0.0166614767984615,0.0153140069116996,0.0135310663030884,0.0115918729977831,0.00969995545792315,0.00798156469807591,0.00649871345869681,0.00526731144400434,0.00427449813461575,0.00349239405884482,0.00288760964202492,0.00242700687709084,0.0020806565735834,0.00182295627825352,0.00163269776039935,0.00149264356071776,0.00138896290645549,0.00131071324513025,0.00124943575006437,0.00119885592271505,0.0011546393397533,0.00111414360642136,0.00107612378969454,0.0010403789830753,0.00100735927975012,0.000977774585815695,0.000952253984322061,0.000931097187672339,0.000914142499200858,0.000900754650040838,0.00088991626495724,0.00088039220301224,0.000870928378676644,0.000860446080276804,0.000848198328861244,0.000833864815998439,0.000817574401473606,0.000799856929962255,0.000781537308659816,0.000763592869639406,0.000746999124696944,0.000732588905692819,0.000720946036518518,0.000712348108023432,0.000706764972936775,0.000703911727807706,0.000703348639168687,0.000704616953281795,0.000707399780462714,0.000711701906833158,0.000718051701115969,0.000727742010407451,0.000743144219669381,0.000768148818542748,0.000808804132650317,0.000874238171666823,0.000977950850863909,0.00113954703615344,0.00138693460091205,0.00175892396411067,0.00230802450331435,0.00310303062651323,0.00423072777121999,0.00579574632178071,0.00791729862210252,0.0107213392605161,0.0143267240372605,0.0188243778632809,0.0242494947134584,0.0305485143123611,0.0375450441454781,0.0449117649097248,0.0521580550290442,0.0586445625642351,0.0636348730222777,0.0663893705413651,0.0662965275362548,0.0630227464232686,0.0566463701160072,0.0477301938555576,0.0372874889096576,0.0266165462794461,0.0170203995179999,0.00948322881625489,0.00442002230140154,0.0016178100348844,0.000418265073653554,6.26175095785778e-05,3.4742078660366e-06,1.71960532558644e-08,0
0,2.24385206705145e-05,0.000434311156666511,0.00194737328958043,0.00478928573851463,0.00846664352385627,0.0121384869846863,0.0150546604310461,0.0167913964538511,0.0172757226623599,0.0166891325521416,0.0153393515647634,0.0135533898424596,0.0116109326322994,0.00971584626562677,0.00799458900061996,0.00650927310054388,0.0052758311018935,0.00428137795280474,0.00349798535756527,0.00289220644963586,0.00243084695226848,0.0020839272186324,0.00182580189000028,0.00163522739617263,0.0014949377315817,0.00139107938708347,0.00131269198879033,0.00125130309876423,0.00120062827832437,0.00115632637574163,0.0011157510071084,0.00107765544546131,0.00104183856508154,0.00100875116233539,0.000979104157831403,0.00095352746501831,0.000932321115828163,0.000915323083877247,0.000901897156877518,0.000891024570907432,0.000881468596539469,0.000871973623871363,0.000861459712189718,0.000849179110437757,0.000834811267631266,0.000818485312413206,0.000800731774063833,0.000782376510833871,0.00076439789865671,0.000747772417422323,0.000733333652879338,0.000721665877759853,0.000713046791651119,0.000707446035400036,0.000704578237514231,0.000704003033925723,0.000705260980836788,0.0007080345306676,0.000712327903677688,0.000718669004537271,0.000728350261590519,0.000743742548575103,0.000768735516704229,0.000809375975404429,0.000874789249865346,0.000978470742489717,0.00114001811665928,0.00138732826701687,0.00175919554690687,0.0023081067000182,0.00310282542205664,0.00423009709202866,0.00579450210127138,0.00791519357795053,0.0107180604634545,0.0143218921978615,0.0188175559908151,0.0242402101153562,0.0305362974145393,0.0375294858973611,0.0448925912547232,0.0521352120123596,0.058618299575103,0.0636058056295266,0.0663585004126526,0.0662651976866125,0.0629925181195052,0.0566188245120959,0.0477066853567549,0.0372689026456801,0.0266031287961541,0.0170117276560725,0.00947834803423697,0.00441772537546653,0.00161696150148291,0.000418043725942066,6.25840817823152e-05,3.47233703317908e-06,1.7186709181054e-08,0
0,2.24774230302583e-05,0.00043506222226198,0.00195073289776515,0.00479752939246961,0.00848118428879143,0.0121592869623009,0.0150803980882376,0.0168200347030134,0.0173051130501913,0.016717449545991,0.0153653045440315,0.0135762513985,0.0116304536367995,0.00973212354259942,0.00800793165051843,0.00652009223646661,0.00528456132883746,0.0042884288568026,0.00350371661240995,0.002896919124807,0.00243478454042177,0.00208728157265998,0.00182872094305712,0.00163782290029275,0.00149729220735034,0.00139325206798927,0.00131472385041177,0.00125322116729444,0.00120244938840462,0.00115806045943662,0.00111740390077025,0.00107923114104906,0.0010433408270574,0.00101018447660822,0.000980474053911237,0.000954840328875402,0.000933583665725015,0.000916541702190945,0.000903077256698406,0.000892170134602476,0.000882581966413356,0.000873055564956179,0.000862509714429179,0.000850195859202359,0.000835793191099866,0.000819431112047566,0.000801640857644105,0.000783249271896848,0.000765235816311978,0.000748577980993971,0.000734110141946446,0.000722417046554453,0.000713776515599517,0.000708157976620884,0.000705275576418933,0.00070468829776542,0.000705935979659015,0.000708700389254792,0.000712985156785197,0.000719317703480758,0.000728990023236966,0.000744372462177654,0.000769353807852085,0.000809979307132879,0.0008753715165612,0.000979021182360028,0.00114051853677605,0.00138774915104067,0.00175949081763767,0.00230820696475565,0.0031026296752752,0.00422946312890921,0.00579323634465192,0.00791304165762415,0.0107147006851878,0.0143169349049055,0.0188105525618239,0.024230675657804,0.0305237507032228,0.0375135083387648,0.0448729032856613,0.0521117603082897,0.0585913422250847,0.0635759762659633,0.0663268282481948,0.0662330612229543,0.0629615186091097,0.0565905824344506,0.0476825876698023,0.0372498545270344,0.0265893806416721,0.0170028437653768,0.00947334881445554,0.0044153731087902,0.00161609266014919,0.000417817113132517,6.2549863179998e-05,3.47042213956609e-06,1.71771456195271e-08,0
0,2.25171926075355e-05,0.000435830084610509,0.00195416788715661,0.00480595859909504,0.00849605336397507,0.0121805580384686,0.0151067205256901,0.0168493257617916,0.0173351756716573,0.0167464165364043,0.0153918555066431,0.0135996418241163,0.0116504281671583,0.00974878071767924,0.00802158723418757,0.00653116645286708,0.00529349854248187,0.00429564793504615,0.00350958544064572,0.00290174569396165,0.00243881797964817,0.0020907182080423,0.00183171218389764,0.00164048314743404,0.00149970595663411,0.00139547998680974,0.00131680791917189,0.00125518908464836,0.00120431841433688,0.00115984078016682,0.00111910150208117,0.0010808501147553,0.00104488502935401,0.00101165850309436,0.000981883572373404,0.000956191889164479,0.000934884162516093,0.000917797688202431,0.000904294289937422,0.000893352301043659,0.000883731661297286,0.000874173554282017,0.000863595443875186,0.000851247937986583,0.000836809956877714,0.000820411180112523,0.00080258357094246,0.000784154993218663,0.00076610603498856,0.000749415237935198,0.00073491780402597,0.000723198980638915,0.000714536721971514,0.000708900240843976,0.00070600318891821,0.000705403873641346,0.000706641390143113,0.00070939679342532,0.000713673099948064,0.000719997228440148,0.000729660722895707,0.000745033385668597,0.000770003115767827,0.000810613551848618,0.000875984398953406,0.000979601606112249,0.00114104774956427,0.00138819673815264,0.00175980931653997,0.00230832492727497,0.00310244315516468,0.00422882585936416,0.00579194933099141,0.00791084356229016,0.0107112611990614,0.0143118541827052,0.0188033705537324,0.0242208954853428,0.0305108796969762,0.0374971185352501,0.0448527097205091,0.0520877102879401,0.0585637023996809,0.063545398029076,0.0662943678873547,0.0662001321135751,0.0629297612921137,0.056561656022938,0.0476579110953583,0.0372303526512843,0.0265753076293527,0.0169937515831893,0.00946823324974358,0.00441296648161046,0.00161520387142605,0.000417585328909702,6.25148678734989e-05,3.46846397257811e-06,1.71673665019985e-08,0
0,2.2557814702797e-05,0.000436614459545431,0.00195767698346768,0.00481457022370392,0.00851124520595567,0.0122022922622898,0.0151336178773879,0.0168792586195298,0.017365899190883,0.0167760225640847,0.0154189943711099,0.0136235522032279,0.0116708485772329,0.00976581138545227,0.00803555047450433,0.00654249144732693,0.00530263925065082,0.00430303234921362,0.00351558951943536,0.00290668423309851,0.00244294564976187,0.0020942357329665,0.00183477439041814,0.00164320704046158,0.00150217797386508,0.00139776220526107,0.00131894330702487,0.00125720600158864,0.00120623453845076,0.00116166654750023,0.0011208430453113,0.00108251162387325,0.00104647045075753,0.00101317254024097,0.000983332029003466,0.000957581476240904,0.000936221948132305,0.000919090392517548,0.000905547613404684,0.00089457043148437,0.000884917046005364,0.000875326960248779,0.000864716273334436,0.000852334725391523,0.000837860951009263,0.000821424911676674,0.000803559319262622,0.000785093090950136,0.000767007981570663,0.000750283625012152,0.000735756084272777,0.000724011131602897,0.00071532686660862,0.000709672285993307,0.000706760533077859,0.000706149218206133,0.000707376666440313,0.000710123194210458,0.000714391180868551,0.000720707023896985,0.000730361802174228,0.000745724758356614,0.000770682878388635,0.000811278147723236,0.00087662733833668,0.000980211463296608,0.00114160522160562,0.0013886705263056,0.00176015059535035,0.00230846022671301,0.00310226563679441,0.004228185261966,0.00579064133314047,0.00790859997662899,0.010707743247931,0.0143066520065982,0.0187960128713984,0.0242108736408983,0.0304976897783643,0.0374803233774466,0.0448320190604719,0.0520630720635179,0.0585353916865692,0.0635140836869845,0.0662611328202816,0.0661664239731532,0.0628972592282596,0.0565320571082161,0.0476326656709669,0.037210404908587,0.026560915423257,0.0169844547505692,0.00946300337892387,0.00441050644880988,0.00161429548650986,0.000417348464524773,6.24791095976499e-05,3.46646329906461e-06,1.71573756565251e-08,0
0,2.25992749883296e-05,0.000437415070060917,0.00196125894449103,0.00482336121046051,0.00852675441062088,0.0122244818825792,0.015161080524971,0.0169098225417853,0.0173972725561902,0.0168062569443242,0.015446711308386,0.0136479738428783,0.0116917074121063,0.00978320930059926,0.00804981622615474,0.00655406302481968,0.00531198004827637,0.00431057933173215,0.00352172658380034,0.00291173286610625,0.00244716597087609,0.00209783279021415,0.0018379063708704,0.00164599350947406,0.00150470727842028,0.00140009780832133,0.00132112914792856,0.00125927108990815,0.00120819696331309,0.00116353699055698,0.00112262778366111,0.00108421494404658,0.00104809638786283,0.00101472590380769,0.000984818756460817,0.000959008436963748,0.000937596380712177,0.000920419181725352,0.000906836599730165,0.000895823902878056,0.000886137500953916,0.000876515166760427,0.000865871590999702,0.000853455615252681,0.000838945574581703,0.000822471716621397,0.000804567522461964,0.000786062995522111,0.000767941096952153,0.000751182592751558,0.000736624441390161,0.00072485296442046,0.000716146418626392,0.000710473583209848,0.000707547080171255,0.000706923801348854,0.00070814127599407,0.000710879056005061,0.000715138860689635,0.00072144654784902,0.000731092716264743,0.000746446033191807,0.000771392547330456,0.000811972546609996,0.000877299789626554,0.000980850216907302,0.00114219043254703,0.00138917002580457,0.00176051421691627,0.00230861251127671,0.00310209690109964,0.00422754131631711,0.00578931261793598,0.00790631156938502,0.010704148045185,0.0143013303045947,0.0187884823495592,0.0242006140692139,0.030484186198554,0.0374631295869817,0.0448108395973493,0.0520378554971326,0.0585064213857433,0.063482045689668,0.0662271361998321,0.0661319500748362,0.0628640251486452,0.0565017972223276,0.0476068611800825,0.0371900189888146,0.0265462095432866,0.0169749568156688,0.00945766118866906,0.00440799394078974,0.00161336784757312,0.000417106608879269,6.24426017329259e-05,3.46442086605411e-06,1.71471768120585e-08,0
0,2.26415594954435e-05,0.000438231646066981,0.00196491255900291,0.0048323285796878,0.00854257570844337,0.0122471193410557,0.0151890990892972,0.0169410070609239,0.0174292849904264,0.0168371092576656,0.0154749967332878,0.0136728982656567,0.0117129974015957,0.00980096837246402,0.00806437947116452,0.00656587709407128,0.00532151761444818,0.00431828618338276,0.00352799442466315,0.00291688976314393,0.0024514774020408,0.0021015080559923,0.00184110696283629,0.00164884151088392,0.00150729291377939,0.00140248590344504,0.00132336459710149,0.00126138354171977,0.00121020491104443,0.00116545135734889,0.00112445498862188,0.0010859593686494,0.00104976215447172,0.00101631792628158,0.000986343103708413,0.000960472134138021,0.000939006834054116,0.000921783437858,0.000908160636829169,0.000897112107347833,0.000887392421634508,0.000877737572701441,0.000867060799930408,0.000854610016125834,0.000840063243217459,0.000823551019141283,0.000805607614460854,0.000787064151164215,0.000768904835564625,0.000752111604977383,0.000737522347173849,0.000725723956999797,0.000716994859968076,0.000711303616407306,0.000708362314235624,0.000707727105750521,0.000708934699093887,0.000711663856119184,0.000715915613544219,0.000722215271357052,0.000731852933488883,0.000747196676308622,0.000772131587429756,0.000812696213585518,0.000878001220903052,0.000981517342931951,0.00114280287466252,0.00138969475889199,0.00176089975482229,0.00230878143793695,0.00310193673468178,0.00422689400301108,0.00578796344639746,0.00790397899389496,0.0107004767757271,0.0142958909589595,0.0187807817551813,0.0241901206201477,0.030470374081735,0.0374455437221765,0.0447891794206038,0.0520120702092528,0.0584768025192541,0.063449296179753,0.0661923908530222,0.0660967233618526,0.0628300714669113,0.0564708876088772,0.0475805071607403,0.0371692023883962,0.0265311953701135,0.0169652612369142,0.0094522086152889,0.00440542986430984,0.00161242128807419,0.000416859848605862,6.24053573176326e-05,3.46233740143635e-06,1.7136773601858e-08,0
