0,0.0100579061510693,0.0183592740438527,0.0251106347323101,0.0304994435764165,0.0346955103050228,0.037852342438466,0.0401084061955579,0.0415883088638208,0.042403906469489,0.0426553404448246,0.0424320068546605,0.041813461611745,0.0408702649813798,0.0396647685499748,0.0382518477094561,0.036679582589906,0.0349898902563589,0.0332191108722755,0.0313985504218313,0.0295549824757506,0.0277111113809413,0.0258859991526153,0.0240954582488591,0.0223524123117156,0.0206672268657186,0.0190480118744279,0.0175008979678256,0.0160302880683984,0.0146390860613148,0.0133289040742628,0.0121002498552151,0.0109526956615791,0.00988503000184048,0.00889539350087966,0.00798140009258301,0.00714024467815511,0.00636879832561814,0.00566369202532116,0.005021389957838,0.00443825317436371,0.00391059453558988,0.00343472570300646,0.00300699692660244,0.00262383032498032,0.00228174730792007,0.00197739074738546,0.00170754246082235,0.00146913653031152,0.00125926894267037,0.00107520399890748,0.000914377906480947,0.00077439993455745,0.000653051480871973,0.000548283368810137,0.000458211664934639,0.000381112280315384,0.000315414593659119,0.000259694310328925,0.000212665748856798,0.000173173725443851,0.000140185187172367,0.000112780726182159,9.01460898504325e-05,7.15637860196359e-05,5.64048675017629e-05,4.41209664101697e-05,3.42366362912993e-05,2.63420485088188e-05,2.00860788315769e-05,1.51698106545635e-05,1.13404726987286e-05,8.3858213511445e-06,6.12897098162102e-06,4.42366956555389e-06,3.15001171554925e-06,2.21057673626675e-06,1.52697552800855e-06,1.03678703489816e-06,6.90862423086779e-07,4.50973243343363e-07,2.87778440673981e-07,1.79084181323552e-07,1.0837003468407e-07,6.35550343158543e-08,3.59775085278431e-08,1.95632768065979e-08,1.01578138778291e-08,4.99924837560329e-09,2.31054802949559e-09,9.90908005393128e-10,3.88163598047904e-10,1.35952919388452e-10,4.13196026302143e-11,1.04298949597548e-11,2.04288759792422e-12,2.77077960710165e-13,2.10210233356096e-14,5.52442223095627e-16,1.08999880593246e-18,0
0,0.0100579061510693,0.0183592740438527,0.0251106347323101,0.0304994435764165,0.0346955103050228,0.037852342438466,0.0401084061955579,0.0415883088638208,0.042403906469489,0.0426553404448246,0.0424320068546605,0.041813461611745,0.0408702649813798,0.0396647685499748,0.0382518477094561,0.036679582589906,0.0349898902563589,0.0332191108722755,0.0313985504218313,0.0295549824757506,0.0277111113809413,0.0258859991526153,0.0240954582488591,0.0223524123117156,0.0206672268657186,0.0190480118744279,0.0175008979678256,0.0160302880683984,0.0146390860613148,0.0133289040742628,0.0121002498552151,0.0109526956615791,0.00988503000184048,0.00889539350087966,0.00798140009258301,0.00714024467815511,0.00636879832561814,0.00566369202532116,0.005021389957838,0.00443825317436371,0.00391059453558988,0.00343472570300646,0.00300699692660244,0.00262383032498032,0.00228174730792007,0.00197739074738546,0.00170754246082235,0.00146913653031152,0.00125926894267037,0.00107520399890748,0.000914377906480947,0.00077439993455745,0.000653051480871973,0.000548283368810137,0.000458211664934639,0.000381112280315384,0.000315414593659119,0.000259694310328925,0.000212665748856798,0.000173173725443851,0.000140185187172367,0.000112780726182159,9.01460898504325e-05,7.15637860196359e-05,5.64048675017629e-05,4.41209664101697e-05,3.42366362912993e-05,2.63420485088188e-05,2.00860788315769e-05,1.51698106545635e-05,1.13404726987286e-05,8.3858213511445e-06,6.12897098162102e-06,4.42366956555389e-06,3.15001171554925e-06,2.21057673626675e-06,1.52697552800855e-06,1.03678703489816e-06,6.90862423086779e-07,4.50973243343363e-07,2.87778440673981e-07,1.79084181323552e-07,1.0837003468407e-07,6.35550343158543e-08,3.59775085278431e-08,1.95632768065979e-08,1.01578138778291e-08,4.99924837560329e-09,2.31054802949559e-09,9.90908005393128e-10,3.88163598047904e-10,1.35952919388452e-10,4.13196026302143e-11,1.04298949597548e-11,2.04288759792422e-12,2.77077960710165e-13,2.10210233356096e-14,5.52442223095627e-16,1.08999880593246e-18,0
0,0.0100579061510693,0.0183592740438527,0.0251106347323101,0.0304994435764165,0.0346955103050228,0.037852342438466,0.0401084061955579,0.0415883088638208,0.042403906469489,0.0426553404448246,0.0424320068546605,0.041813461611745,0.0408702649813798,0.0396647685499748,0.0382518477094561,0.036679582589906,0.0349898902563589,0.0332191108722755,0.0313985504218313,0.0295549824757506,0.0277111113809413,0.0258859991526153,0.0240954582488591,0.0223524123117156,0.0206672268657186,0.0190480118744279,0.0175008979678256,0.0160302880683984,0.0146390860613148,0.0133289040742628,0.0121002498552151,0.0109526956615791,0.00988503000184048,0.00889539350087966,0.00798140009258301,0.00714024467815511,0.00636879832561814,0.00566369202532116,0.005021389957838,0.00443825317436371,0.00391059453558988,0.00343472570300646,0.00300699692660244,0.00262383032498032,0.00228174730792007,0.00197739074738546,0.00170754246082235,0.00146913653031152,0.00125926894267037,0.00107520399890748,0.000914377906480947,0.00077439993455745,0.000653051480871973,0.000548283368810137,0.000458211664934639,0.000381112280315384,0.000315414593659119,0.000259694310328925,0.000212665748856798,0.000173173725443851,0.000140185187172367,0.000112780726182159,9.01460898504325e-05,7.15637860196359e-05,5.64048675017629e-05,4.41209664101697e-05,3.42366362912993e-05,2.63420485088188e-05,2.00860788315769e-05,1.51698106545635e-05,1.13404726987286e-05,8.3858213511445e-06,6.12897098162102e-06,4.42366956555389e-06,3.15001171554925e-06,2.21057673626675e-06,1.52697552800855e-06,1.03678703489816e-06,6.90862423086779e-07,4.50973243343363e-07,2.87778440673981e-07,1.79084181323552e-07,1.0837003468407e-07,6.35550343158543e-08,3.59775085278431e-08,1.95632768065979e-08,1.01578138778291e-08,4.99924837560329e-09,2.31054802949559e-09,9.90908005393128e-10,3.88163598047904e-10,1.35952919388452e-10,4.13196026302143e-11,1.04298949597548e-11,2.04288759792422e-12,2.77077960710165e-13,2.10210233356096e-14,5.52442223095627e-16,1.08999880593246e-18,0
0,0.00771318861461669,0.0142078524972715,0.020272416172475,0.0263691243976589,0.0323709463049223,0.0377770529413591,0.0420498463169666,0.0448443090476697,0.0460808692807116,0.0459059990065836,0.0446039903540046,0.042507597834932,0.0399318463360459,0.0371368786712,0.0343152867378296,0.0315955738261276,0.0290536801774697,0.0267266247480219,0.0246247893959923,0.022741427967962,0.0210593522822128,0.019555443031256,0.0182037990030567,0.0169781619262257,0.0158539326646258,0.0148097997352767,0.0138288450569281,0.0128989988888837,0.0120128319609466,0.0111668106386759,0.010360231965533,0.00959407497878634,0.00886996562134656,0.00818938327856661,0.00755316329411938,0.00696128768715281,0.00641291245243664,0.00590655531711119,0.00544036086310508,0.00501236736426136,0.00462071759337893,0.0042637797592153,0.00394016999965949,0.00364869019568396,0.0033882109120634,0.00315753703499509,0.00295529281196865,0.0027798547295582,0.0026293474549552,0.00250170307603689,0.00239477030939184,0.00230645084002861,0.00223483609334246,0.00217831980107141,0.00213566870890195,0.0021060436826218,0.00208897377731525,0.0020842940691177,0.00209206234976379,0.00211246931282543,0.00214575198809506,0.00219211240152822,0.00225163503584764,0.00232419020572552,0.00240930821971024,0.00250601266548778,0.0026126106736039,0.00272645265616185,0.00284369163165453,0.00295908968442572,0.00306593253739158,0.00315611853241039,0.00322048163825265,0.00324938647883954,0.00323359565664371,0.00316535763201861,0.00303960292261769,0.00285507787355375,0.00261520339978872,0.00232843770239235,0.00200796181137216,0.00167060203774198,0.00133504750860807,0.00101958976457018,0.000739763902898359,0.000506356795642253,0.000324223178064665,0.000192195632659231,0.000104112219392673,5.06850533318076e-05,2.16958634463049e-05,7.92781203834306e-06,2.37265923866559e-06,5.47428531547641e-07,8.86534549463291e-08,8.61283558205396e-09,3.74046427779492e-10,3.75360506663132e-12,1.06254794251911e-15,0
0,0.0059937503682413,0.0111897727584057,0.0167698626474701,0.0233563794282548,0.0305832845935318,0.0374814496127646,0.0430543139156872,0.0466572240138839,0.048107072689073,0.0476044879844295,0.0455788736361097,0.0425365279146675,0.0389510070312624,0.0352036736246384,0.0315653551103471,0.0282043552488013,0.0252071034201552,0.0226016085051961,0.0203781317643684,0.0185048878862202,0.0169387647862802,0.0156321293699714,0.0145370559364122,0.013608099354618,0.0128043119878138,0.0120907777853672,0.0114396416349457,0.0108305015265162,0.0102500834484514,0.00969125831815745,0.00915159862522531,0.00863174927787997,0.008133885290403,0.00766046549392211,0.00721339753087533,0.00679363389687013,0.00640114114113654,0.00603513409237416,0.00569444620347449,0.00537791284182641,0.00508467043326752,0.00481431281919292,0.00456688844150437,0.00434276008245858,0.00414237663137247,0.0039660200454553,0.00381358955980332,0.0036844713163272,0.00357751913760103,0.0034911465983498,0.00342350736134339,0.00337272447734459,0.0033371227243762,0.00331542156970726,0.00330685827170943,0.00331122757624357,0.00332884208772177,0.00336043148713328,0.00340700614960176,0.00346970995356375,0.0035496788064029,0.00364790818675712,0.00376511871399999,0.00390159776912528,0.00405699138668788,0.00423002654227218,0.00441816016154262,0.00461717608532263,0.00482078117876953,0.0050202814101603,0.00520444153343087,0.00535964100907106,0.0054704274091357,0.00552053174942497,0.00549434605576294,0.00537877506594209,0.00516527118786683,0.00485176247043067,0.00444411234308184,0.00395673575031764,0.00341206417090246,0.00283871394005128,0.00226845716815099,0.00173238130996132,0.00125688238512132,0.000860282791276189,0.000550822347400823,0.000326508029260846,0.000176862179408825,8.609862618911e-05,3.68533075515962e-05,1.3465927971918e-05,4.02997080287611e-06,9.29774567877692e-07,1.50566911718551e-07,1.46272645449827e-08,6.35218639041496e-10,6.37404866977274e-12,1.80361170803112e-15,0
0,0.0047150441665394,0.00896522878417901,0.0142020053700806,0.0211377512422641,0.0292133261183545,0.0371190004427583,0.0435421130476049,0.0476455450489233,0.0491935959368464,0.048439764744048,0.0459216411230934,0.0422654364751574,0.0380482062947391,0.0337256664205802,0.0296123921205587,0.0258947460623451,0.022658852602715,0.0199212525143526,0.0176554039801371,0.0158114774173686,0.014329561037326,0.0131476703955086,0.0122062671558165,0.0114507589492783,0.0108329895527471,0.0103122414194031,0.00985588442285894,0.00943958261053971,0.00904692804839191,0.00866846470115044,0.00830021467301274,0.00794194234141365,0.00759544029234778,0.00726308872708136,0.00694685173355593,0.0066477644342559,0.00636586484556762,0.00610045259848936,0.00585052148426324,0.0056152132024654,0.00539416874400705,0.00518770109541189,0.00499676672905558,0.00482276270448862,0.00466721255553042,0.00453142235352569,0.00441618724929331,0.00432161097854271,0.00424707174592524,0.00419133467237699,0.00415278081217625,0.00412970154541436,0.00412059849068321,0.00412443360721632,0.00414078964705939,0.00416992312515078,0.00421271488639505,0.00427054167745639,0.0043451017484681,0.00443822656191276,0.00455169999695309,0.00468708931647033,0.00484557365950153,0.00502774159645686,0.00523332436213711,0.00546083903263175,0.00570713689151884,0.00596688447304382,0.00623204352900003,0.0064914544987197,0.00673065753963424,0.00693209677279675,0.00707583860816527,0.00714088735180933,0.00710709829526929,0.0069575741274311,0.00668129760375475,0.00627562497833167,0.00574817301281485,0.00511761427368532,0.00441298337096654,0.00367130634080731,0.0029336821015011,0.00224031567642126,0.00162533753509817,0.00111243182033734,0.000712241190173986,0.000422175424803294,0.000228674547531628,0.000111317412541972,4.76461319530637e-05,1.74089284978019e-05,5.20981748620709e-06,1.20194165236765e-06,1.94634838828368e-07,1.89077348478083e-08,8.21078024817931e-10,8.23868252112577e-12,2.33088323153541e-15,0
0,0.00373260494168441,0.00728209336509004,0.0123072600200837,0.0195749419959763,0.0283538834659977,0.0370544409509372,0.0441162507776982,0.0485616560501006,0.0501281462636908,0.0491236585480284,0.0461791042563859,0.0420180963262703,0.0372980183125186,0.0325293652288014,0.02805625422506,0.0240743116746985,0.0206650957611859,0.0178327788435807,0.0155353794560313,0.0137077884509019,0.0122768520265613,0.0111701824814222,0.0103207014035591,0.00966867144874656,0.00916248693274695,0.00875897094846222,0.00842347746898275,0.00812978794201777,0.00785965821099405,0.00760190130250902,0.00735102218355807,0.00710556549211866,0.00686642635739134,0.00663537934071918,0.00641401313543866,0.00620315278198429,0.00600274296265444,0.00581208212525332,0.00563025134347052,0.00545657586320884,0.0052909847104323,0.00513418311773733,0.00498761058258471,0.0048532115238263,0.00473308585435409,0.00462910740017809,0.00454259751451453,0.00447412221272941,0.00442344968760614,0.00438966894481483,0.00437143745275079,0.00436730263669276,0.00437603267213734,0.00439689704802011,0.00442985433190189,0.00447562857248051,0.00453568062565341,0.00461210030573957,0.00470745501765974,0.00482462826171545,0.00496666790006327,0.00513664288757264,0.00533748388710298,0.00557176428996081,0.00584136973392733,0.00614701078293574,0.00648755711652835,0.0068592115880356,0.0072545950088425,0.00766187066157107,0.00806409167178448,0.00843899234346649,0.00875945259002052,0.00899482887377666,0.00911325475611151,0.00908486569504481,0.00888570501737349,0.00850184703350147,0.00793307389170921,0.00719532488665684,0.00632116411969743,0.00535773275381509,0.00436207446792349,0.00339429542593185,0.0025096224256818,0.00175087992878646,0.00114303319280526,0.000691113758093858,0.000382059753684179,0.000189948344864734,8.31094737727437e-05,3.10780978951508e-05,9.5330833017745e-06,2.25901656415304e-06,3.76809312106491e-07,3.78620471300608e-08,1.7116934173595e-09,1.80877169120724e-11,5.53550222041074e-15,0
0,0.0029692392996726,0.00599059084730251,0.0108758702762272,0.018419443559855,0.0277430313907664,0.0370354974767061,0.0445500499806269,0.0492114708405504,0.0507482213432044,0.0495188113736233,0.046230136472607,0.0416807274340197,0.0365868285521067,0.0314966948969576,0.0267725493802824,0.0226130627068903,0.0190931186204223,0.0162052317451037,0.0138943511196254,0.0120832268499496,0.0106887709413563,0.0096313262481529,0.00883908867130415,0.00824965342329888,0.00781014539417805,0.00747684742343944,0.00721475686809124,0.00699713887585649,0.00680494535932824,0.00662593957520801,0.00645346480385254,0.00628494176364192,0.006120293412243,0.00596053241074634,0.00580670398032098,0.00565928346138399,0.00551802120387574,0.005382138733989,0.00525072754228451,0.00512319012919555,0.00499958681866802,0.00488079987205409,0.00476848471855872,0.00466483334098088,0.00457221647762104,0.00449279296328382,0.00442817457873248,0.00437921594425834,0.00434596738036324,0.00432779222013048,0.0043236168888589,0.00433225880790938,0.00435276781260289,0.0043847220024611,0.00442843625087505,0.00448506595173221,0.00455661358932077,0.00464586507441015,0.00475629162315706,0.00489194887832458,0.00505738859536529,0.00525757305767216,0.00549775422470714,0.00578325546256771,0.00611908061671858,0.00650927915707936,0.00695602118150852,0.00745838355595281,0.00801091647061794,0.00860214235701741,0.00921322598345266,0.00981713002934703,0.0103786139883815,0.0108554221046079,0.0112009153115149,0.0113682176384565,0.0113156708222828,0.0110130494132469,0.0104476418430536,0.00962904003446344,0.00859140662220251,0.00739219890469735,0.00610686729978136,0.00481987050642098,0.00361330523329487,0.00255527837906706,0.00169055098790282,0.00103570909888544,0.000580098686559395,0.000292205517589427,0.000129547263547473,4.9096565894849e-05,1.52689436910047e-05,3.67047658451279e-06,6.21624465261743e-07,6.35023015171148e-08,2.92492966221617e-09,3.16105091704926e-11,9.97974384414131e-15,0
0,0.00237330838704969,0.00499264812093572,0.00977842355936232,0.0175333215178476,0.0272571797421364,0.0369687733411918,0.0447859537580172,0.0495694788041268,0.0510502771833462,0.0496310574453065,0.0460780182331821,0.0412447903513017,0.0358885257530162,0.0305817067059584,0.025696168477878,0.0214295968070573,0.0178495229784017,0.0149382796240696,0.012630342706355,0.0108392689508775,0.00947483788523314,0.00845252175931454,0.00769771634448748,0.00714685660366687,0.00674700211047894,0.00645491264832447,0.00623613504119178,0.0060642349859235,0.00592006910470622,0.00579091883909337,0.00566937258654524,0.00555197713175215,0.00543780394386449,0.00532713506665232,0.00522045360353496,0.00511784610376431,0.00501882441672635,0.0049224860899675,0.0048278763642137,0.00473439865191897,0.00464214026424604,0.00455202521843843,0.00446576236877769,0.00438561135368096,0.00431403018475671,0.00425329018276351,0.00420514459790806,0.00417061925636068,0.00414996293564874,0.0041427597187392,0.00414817328340293,0.00416527048664844,0.00419336261528521,0.00423230797142498,0.0042827365443668,0.00434618138192962,0.00442512555111429,0.00452299192949835,0.00464411051805522,0.00479369194027605,0.00497781667699241,0.00520342071986449,0.00547822548989915,0.00581053042118115,0.00620876847964375,0.00668072555868023,0.00723235028273195,0.00786613506553915,0.00857913270973814,0.00936078096596207,0.010190829338233,0.0110377790059304,0.0118583304076948,0.0125983492962661,0.013195774794302,0.0135856739010314,0.0137072887944982,0.0135124542114929,0.0129742560806414,0.0120943796124739,0.0109074055884123,0.00948050223736549,0.00790761276077622,0.00629832479067469,0.00476294003003767,0.00339649746725814,0.00226521281312233,0.00139860178295767,0.000789304321645558,0.000400545284686147,0.000178884002210387,6.82907676489121e-05,2.13948090269032e-05,5.18171638403548e-06,8.84407289988949e-07,9.10952340371872e-08,4.23411121631003e-09,4.62470241434056e-11,1.48084693079945e-14,0
0,0.00190669634155656,0.00422024946720157,0.00893954536645298,0.0168644028487908,0.0268927542351675,0.036910367280876,0.0449348985499819,0.049784830658723,0.0511996330524703,0.0496202523715454,0.0458598300300269,0.0408133475769231,0.0352670114324075,0.0298090826684434,0.0248161511802004,0.0204830752449572,0.0168703327055564,0.0139516428499571,0.0116531296334736,0.00988131842375466,0.00854074803307494,0.00754350011544656,0.00681322734387662,0.00628591468833968,0.00590903905910145,0.0056402119918846,0.00544588410658615,0.00530029467314248,0.00518459177973623,0.0050859449253625,0.00499650649276474,0.00491219552456323,0.0048314017684935,0.00475378076849187,0.00467930960875226,0.00460771112888458,0.00453826440342263,0.00446993434780275,0.00440169651519209,0.00433291391956436,0.00426363878548417,0.00419475354281387,0.00412791877575062,0.00406534790698212,0.00400946847831412,0.00396255143992726,0.00392639100631107,0.00390210082676358,0.00389006318873535,0.00389003425760735,0.00390137763308043,0.00392337706031123,0.003955570730949,0.00399805488390155,0.0040517209336481,0.00411841324717303,0.00420101774478333,0.00430350846822343,0.00443098514579988,0.00458972686094591,0.00478726532125973,0.00503244899245193,0.00533543215318712,0.00570748831135724,0.00616052407636997,0.00670616642623501,0.00735432157564743,0.00811116373233566,0.00897660986206879,0.00994146942934485,0.0109846148012058,0.0120706764319767,0.0131488925678147,0.0141537907810047,0.0150082985416733,0.0156296303629662,0.0159378629552634,0.0158665148690456,0.0153737807226179,0.0144524826383615,0.0131364882478765,0.0115015016072399,0.00965888951525128,0.00774254591117523,0.00589050326103157,0.00422464596394827,0.0028329115902465,0.00175826852305936,0.000997293390154805,0.000508575561759347,0.000228221792324222,8.75397587684781e-05,2.75554799295554e-05,6.70587628058299e-06,1.15021684030888e-06,1.19093150157961e-07,5.56709131225607e-09,6.12104200244016e-11,1.97726426229717e-14,0
0,0.00153968783528005,0.00361967156661213,0.00829520523827869,0.0163564405102839,0.0266163370013348,0.0368565826984095,0.0450208484597444,0.0499005471844313,0.0512468402012464,0.0495332868456362,0.0456100687137056,0.0404031151879579,0.0347191130753965,0.0291563046358061,0.0240929886576359,0.0197203566426991,0.0160924834343754,0.0131759411506668,0.0108902522097772,0.00913658197986312,0.00781561183015313,0.0068370445429825,0.00612343973737121,0.00561069248551623,0.005246870294417,0.00499052837290527,0.00480911512140045,0.00467768585339646,0.00457787889703434,0.00449698659051346,0.00442696416554095,0.0043633172016651,0.00430392635937367,0.00424794735296382,0.0041949367299331,0.00414430662870577,0.00409513229241999,0.0040462567141297,0.00399658112175274,0.00394540897985448,0.00389272392472896,0.00383931967964142,0.0037867498591014,0.00373711483916975,0.00369274115662314,0.00365582978565425,0.00362815121335584,0.00361084975234142,0.00360439241132323,0.00360866603893239,0.00362319764838523,0.0036474527885132,0.00368115910992469,0.00372460747647834,0.0037788987551984,0.00384612611017796,0.00392950423474327,0.0040334723965605,0.0041638024778272,0.00432773350369277,0.00453413030977446,0.00479362873583198,0.00511868847575893,0.00552343513767107,0.0060231444937442,0.00663321459176632,0.00736749565345764,0.0082359124668952,0.00924142483944296,0.0103765277284312,0.0116196828442817,0.0129322728751516,0.014256837017995,0.0155174266530828,0.0166228499465699,0.0174732984044262,0.0179703400492041,0.0180295491229719,0.0175942205660096,0.0166478677518764,0.0152227626568413,0.0134018953018622,0.011312576181111,0.00911148373243749,0.00696302433837316,0.00501491993205605,0.00337629104651602,0.00210351629626991,0.00119749242868649,0.00061283560021004,0.000275961192126293,0.000106212938153196,3.35472503870664e-05,8.19214461265162e-06,1.4101277741714e-06,1.4655008136743e-07,6.8785995753001e-09,7.59905853209821e-11,2.47028374194454e-14,0
0,0.00124975673114926,0.00315013800293727,0.00779563151759658,0.0159625234673387,0.0263936015398549,0.0367901171263931,0.0450423130194641,0.0499257277033129,0.0512046923858293,0.049380112182248,0.0453309301401801,0.0400057160040972,0.0342250395784207,0.0285928580042515,0.0234871162627833,0.0190949783264565,0.0154648567960376,0.012557479404872,0.0102872215498586,0.00855122467999285,0.007247382808225,0.00628377175831476,0.00558230775757054,0.00507900338166759,0.00472256484602451,0.00447246649483781,0.00429713038197578,0.00417245107946655,0.00408064402903948,0.0040092653039176,0.00395024335405174,0.00389884289942908,0.00385258925014117,0.00381026177999965,0.00377108724943349,0.00373422839149134,0.00369859414202756,0.00366292493653427,0.00362605320557805,0.00358721739527818,0.0035463178507176,0.00350403692875894,0.00346179193952566,0.00342153574332603,0.00338545606878638,0.00335564465118482,0.00333380920091804,0.00332108706637834,0.00331799433287782,0.0033245147210709,0.00334030587160534,0.00336498204237503,0.00339842524558802,0.00344108195983074,0.00349421754235683,0.00356012088814941,0.00364227199430495,0.00374549899986155,0.00387615407362506,0.00404232622920245,0.00425408331629519,0.00452369744706506,0.00486576312963906,0.00529707310739663,0.00583608322011562,0.0065017860147308,0.00731183558828951,0.00827983470263136,0.00941181768996007,0.0107021400949555,0.0121292075712509,0.0136517148865393,0.015206274038536,0.0167074231870118,0.0180509499745637,0.0191211651620097,0.0198021884418982,0.0199924819337318,0.0196208983908703,0.0186616055901224,0.0171446850559724,0.0151592769199728,0.0128470678925954,0.0103857167524752,0.00796421436440222,0.00575460530860361,0.0038861639606524,0.00242824787408933,0.00138622596685499,0.000711343007888136,0.000321164878218774,0.00012393257884149,3.9245463407206e-05,9.60875653938161e-06,1.65843728916467e-06,1.72847522349989e-07,8.13827494582544e-09,9.02349321163586e-11,2.94769471180673e-14,0
0,0.00101980361547295,0.00278138605109867,0.00740574574717882,0.0156531820111969,0.0262088383557998,0.0367121808592458,0.0450154801786912,0.0498861572009649,0.0511019398913658,0.0491863761825252,0.0450405240338673,0.0396292574749844,0.0337822248786977,0.02810617775764,0.0229774755551204,0.0185792684435389,0.0149550817983797,0.0120609223267998,0.00980718982143764,0.00808803336359828,0.00679935631787028,0.00584814302375864,0.00515596061095974,0.0046590411702875,0.00430670335957414,0.00405925340551787,0.00388599822752839,0.00376362343505316,0.00367493338924679,0.00360781752032248,0.00355428770597648,0.00350949555234552,0.00347073544335954,0.00343651741329147,0.00340582157845302,0.00337762024232534,0.00335069418613741,0.00332370333591572,0.00329542180323425,0.00326502549538426,0.00323232836749763,0.00319789416267305,0.00316299322855114,0.00312941718871592,0.00309919837412882,0.00307430001438084,0.00305634535779279,0.00304644101731043,0.00304512666476574,0.00305245601196193,0.0030681892471212,0.00309205999884332,0.00312407360629063,0.003164798484567,0.00321562657828679,0.00327899806989211,0.00335860417141377,0.00345959429048968,0.00358881528126173,0.00375509776903048,0.00396957695605786,0.00424599489415515,0.00460088282692563,0.00505347356104782,0.0056251552756931,0.00633826234931769,0.00721401973370382,0.0082695289366063,0.00951381636521854,0.0109431615412393,0.0125361731173275,0.0142493552333051,0.0160141532202672,0.0177366118324051,0.0193007339765953,0.0205763122145803,0.0214313725332283,0.0217484416475504,0.0214427448253573,0.0204793897182984,0.0188859098187256,0.0167565686923222,0.0142458178315541,0.011550296267273,0.0088814726919727,0.00643381710923183,0.00435535117007868,0.00272767440695393,0.00156059238850932,0.000802524613167914,0.00036308505497519,0.000140395677519237,4.45495509141158e-05,1.09299308460524e-05,1.89048675818348e-06,1.97476584456011e-07,9.32093045032149e-09,1.03647969586414e-10,3.39911333102763e-14,0
0,0.000836768930242689,0.00249057628752806,0.00709954196596334,0.0154072458992629,0.026051710170131,0.0366252815593737,0.0449538206377252,0.0498019072293075,0.0509601408292207,0.0489706203673658,0.0447512302434715,0.0392783516087827,0.0333872465507655,0.0276855004638292,0.0225472084915326,0.0181517291661878,0.0145384388594226,0.0116595654052762,0.0094224625846825,0.00771907631916167,0.00644390973839971,0.00550323729537434,0.0048184705110394,0.00432610505328135,0.00397601462533357,0.003729228996546,0.00355582707698548,0.00343320366677182,0.00334472090400012,0.00327862379939803,0.00322707235073043,0.0031851942045585,0.00315014799765582,0.00312026142751173,0.00309433869759604,0.00307121372717706,0.00304957410804226,0.00302802084141185,0.00300528211824532,0.00298047815723288,0.00295334038824826,0.00292431619630119,0.0028945299601455,0.00286561141680676,0.00283943444867735,0.00281782752725009,0.00280231940682448,0.00279397196139924,0.00279333071290806,0.00280049848915644,0.00281531478231048,0.00283760767114976,0.00286747954573393,0.00290559279032706,0.002953435041841,0.00301356164221527,0.0030898302152304,0.00318765343090092,0.00331429620009731,0.0034792295660733,0.00369452444696308,0.00397522580811316,0.00433959639841081,0.00480906653210753,0.00540768329767628,0.00616083266177259,0.007093026919715,0.00822462378284902,0.00956748496162595,0.0111197961147094,0.012860546556336,0.0147444748999801,0.0166985687531392,0.0186213804545556,0.0203863888865562,0.0218503070007836,0.0228665501011632,0.0233030600408209,0.0230624526090988,0.0221012695823392,0.0204443241119794,0.018190109402676,0.0155042882167143,0.0126004523839921,0.00971033487238313,0.00704876942098438,0.00478093017883827,0.00299974718034465,0.00171929744267013,0.000885652972363935,0.000401364756653048,0.000155453378393504,4.94087814622023e-05,1.21423337997511e-05,2.10380810996277e-06,2.20161141729744e-07,1.0412557321976e-08,1.16060806114498e-10,3.81839705150197e-14,0
0,0.000690608221938749,0.00226026680854209,0.00685718469665956,0.0152083168645282,0.0259134276841316,0.0365294197420126,0.0448645278880019,0.049684117671735,0.0507907637275233,0.0487416031178437,0.0444671098962245,0.0389514894762956,0.0330330727509927,0.0273189376123353,0.0221805555825239,0.0177937951009606,0.0141945403191468,0.0113320148825863,0.00911126160359265,0.00742263091852976,0.00615967035185527,0.00522822469577594,0.00454968460739652,0.00406082845331319,0.00371202378308109,0.00346491955243949,0.00329025449861236,0.00316604165675869,0.00307614955149551,0.00300917251479226,0.002957451619343,0.00291614954475153,0.00288235902187065,0.00285429319492211,0.00283063774686102,0.00281013176355756,0.00279139978765404,0.00277300340491449,0.00275363740909228,0.00273237525039172,0.00270887358901269,0.00268347126925638,0.00265715465060538,0.00263139885781651,0.0026079246347958,0.00258842769196996,0.0025743399301466,0.00256667127792756,0.00256596120883405,0.00257234580411395,0.00258572511555135,0.00260600115833738,0.00263335185866754,0.00266851111462323,0.00271303791036432,0.00276957435415474,0.00284210859763824,0.0029362685329534,0.00305967124770186,0.00322233814871112,0.00343715521803306,0.00372031338757293,0.00409160982877509,0.00457443465684488,0.00519522025335969,0.00598210664546159,0.00696259334194535,0.00816002363915345,0.0095888966572519,0.0112492316577781,0.013120509110385,0.0151560507724218,0.0172790153815958,0.0193813880168723,0.0213273223133491,0.0229618524212426,0.024125261591814,0.0246722926441065,0.0244940463326612,0.0235391057070042,0.0218295294469687,0.0194672934402843,0.0166278541853796,0.0135398352295563,0.0104530831132102,0.00760074720883766,0.00516352765880552,0.00324470910042812,0.00186239544657297,0.000960712597406831,0.000435977202936696,0.000169087548756564,5.38148590927724e-05,1.32432774801924e-05,2.29781593318649e-06,2.40826227380646e-07,1.14088709513992e-08,1.27415606991521e-10,4.20317073321857e-14,0
0,0.000573532476797465,0.00207709848042019,0.00666375879543632,0.0150444648399983,0.0257881600702666,0.03642557919825,0.044753974899679,0.0495419258006107,0.0506028963639765,0.0485060769406491,0.0441911512127722,0.0386473340388547,0.0327141712394025,0.0269973368622649,0.0218655307627674,0.0174914637275293,0.0139080995489406,0.0110622897806675,0.0088573451732762,0.00718248748548832,0.00593064313864997,0.00500743328880743,0.00433432211674261,0.00384837646684413,0.00350040072244186,0.00325257018388926,0.00307618112156031,0.00294977602237413,0.00285767064125319,0.00278878593933019,0.00273565538595571,0.00269351284454929,0.00265943413510929,0.00263156860792571,0.00260852813367156,0.00258899181515842,0.00257154583107572,0.00255472889693928,0.00253721387240063,0.00251803681498661,0.00249678909830247,0.00247371165977287,0.00244966450588649,0.00242597981297378,0.00240423529652554,0.00238600084541852,0.00237261400010758,0.00236503014126635,0.00236377508971642,0.00236900634440405,0.0023806696646157,0.00239872444322581,0.0024234068762756,0.0024555046966891,0.00249662941200749,0.00254948795762516,0.0026181706714883,0.00270848137971342,0.00282833350726587,0.00298822011068159,0.0032017341203655,0.00348606892692449,0.00386237280617208,0.00435577109298115,0.00499481889094777,0.00581011976270219,0.00683186081222089,0.00808609153745648,0.00958972970149176,0.0113445202158046,0.0133304937636211,0.0154998366002563,0.0177724266036448,0.0200345173778155,0.0221420459248399,0.0239296874984111,0.0252260116288702,0.0258739192567628,0.0257541021466997,0.0248078477814641,0.0230545245554618,0.0205989755800456,0.0176251827186826,0.0143750273138591,0.0111144437005833,0.00809293491513001,0.00550513882239175,0.00346370957887969,0.00199048654086368,0.00102798223679759,0.000467034731656156,0.000181336141121588,5.77780118561423e-05,1.4234799817517e-05,2.47277460931139e-06,2.59489230769393e-07,1.2310132532851e-08,1.37707523946787e-10,4.5529049386651e-14,0
0,0.000479479857294735,0.00193080818247015,0.00650803911524921,0.0149070624448996,0.0256722107412468,0.0363153913628612,0.0446278582614084,0.0493829575648225,0.050403888026553,0.0482693814458976,0.0439256510458509,0.0383647866160955,0.0324262176958561,0.0267136398952702,0.0215929722003882,0.0172341029138438,0.0136675663599283,0.0108383546299577,0.00864850038346191,0.00698645378803472,0.00574477060315755,0.00482899891874379,0.00416074190671812,0.00367735307652623,0.00333002338825106,0.00308137513958029,0.00290317304273258,0.00277440793333646,0.00267978323131901,0.00260851553223501,0.00255332805821173,0.00250954545944988,0.00247425933740912,0.00244559187261297,0.00242211474595931,0.0024024739494943,0.00238523669458289,0.00236893218969425,0.00235222120236828,0.0023341112938405,0.00231413841244407,0.00229245727705155,0.00226981481657773,0.00224741399010215,0.00222670202943902,0.00220913265314466,0.00219595443842027,0.00218806864179401,0.00218598293020815,0.00218986755003422,0.00219970236396073,0.00221549097011946,0.00223751418392908,0.00226659986655826,0.00230439771808291,0.00235366277802484,0.00241856540850187,0.00250505349462196,0.00262128988872785,0.00277817128809638,0.00298990211563831,0.00327454934552886,0.00365444539820667,0.00415624369764564,0.00481037689937967,0.00564963717691497,0.00670661100559646,0.00800977887973879,0.00957825196994044,0.0114153722735015,0.0135017419666835,0.0157886363514095,0.0181931247101955,0.0205964730387871,0.0228474081873101,0.0247714632892186,0.026186820283908,0.0269258274339409,0.0268598425480976,0.0259235362128781,0.0241337166892522,0.0215975916463468,0.018506547724165,0.0151141139911092,0.011700443763963,0.00852955937433693,0.0058085293727758,0.00365841973862787,0.00210449113344446,0.00108791631071205,0.000494734071701146,0.000192271638585688,6.13200346294111e-05,1.51219303107318e-05,2.62949381259143e-06,2.76227632736104e-07,1.31196050621665e-08,1.46967292503435e-10,4.8683374231729e-14,0
0,0.000403715430806632,0.00181347127917869,0.00638149160215497,0.0147897085827145,0.0255630136407394,0.0362002919394701,0.0444905260008816,0.0492127764033425,0.0501988379884135,0.0480348884748947,0.0436715524580369,0.0381021808372304,0.032165138154336,0.0264617879618763,0.0213553401429292,0.0170131770441722,0.0134638180243361,0.0106508085724245,0.00847525806756924,0.00682511783486984,0.0055927604339999,0.00468377106778666,0.00401993747528964,0.00353889459824876,0.00319217765539599,0.00294279031710519,0.00276289080266777,0.00263184749024374,0.00253469583970047,0.00246091425826912,0.00240340481650166,0.0023575911466602,0.00232060112646172,0.00229055521047972,0.00226600936440503,0.00224559652106779,0.00222787963272994,0.00221138877586958,0.00219478070592887,0.00217704244739511,0.00215766399063485,0.00213672550879042,0.00211487442034839,0.00209319878596086,0.00207302879934898,0.00205571289497608,0.00204241766113803,0.00203399256082285,0.00203092480903718,0.00203339118216419,0.00204139669798853,0.00205497881620745,0.00207445232852974,0.00210067476356495,0.00213532329642767,0.00218118853697564,0.00224250376369851,0.00232533532662058,0.00243805651449908,0.00259190963630889,0.00280162756735382,0.0030860370859716,0.00346850557839085,0.00397702752786647,0.00464368951063101,0.00550321882379944,0.00659033212238433,0.0079356792224371,0.00956034370769315,0.0114691268492296,0.0136431967455855,0.0160330945320276,0.0185534828714002,0.0210812922287916,0.0234589369772273,0.0255039074633437,0.0270252101700885,0.0278458340862193,0.0278288159724152,0.0269028732085934,0.0250824246559361,0.0224766366333822,0.0192833241006783,0.0157662273332477,0.0122180282247244,0.00891559077049179,0.00607701954799789,0.00383088926986923,0.00220556376266934,0.00114109855524862,0.000519334482668997,0.00020199227241469,6.44714009557207e-05,1.59119570519667e-05,2.76919753670505e-06,2.91164880091256e-07,1.38428647335601e-08,1.55253308452132e-10,5.15120266886652e-14,0
0,0.00034252269780013,0.00171894159764791,0.00627760841728519,0.0146876621776231,0.025458843959501,0.0360815986970224,0.0443454081935369,0.0490355712981897,0.049991405568084,0.047804798131966,0.0434291172912543,0.0378577613699733,0.0319273629404494,0.0262367524065433,0.0211465475713672,0.0168219134476184,0.0132897010677129,0.0104923404502622,0.00833029434983248,0.00669122317313232,0.00546745626487501,0.00456469625595935,0.00390494686821229,0.00342611771346836,0.00308005335196971,0.00283008550997952,0.00264870420306377,0.00251559526539037,0.00241607653012498,0.0023398548550549,0.00227999591303686,0.00223202298574319,0.00219311188206484,0.00216139820392139,0.00213543938098513,0.00211386972655103,0.00209525866584091,0.00207814486947476,0.00206118744488891,0.00204335969768347,0.00202411430106819,0.00200346790305337,0.00198198146575508,0.00196064213731935,0.00194067644726444,0.00192333870769101,0.00190972117777121,0.00190062497468648,0.00189651608776688,0.00189757347391827,0.00190382048463233,0.00191532040340789,0.00193241379389514,0.0019559799785746,0.00198771572630397,0.00203043796828546,0.00208842982730939,0.00216785570707418,0.00227726713918282,0.00242820292785339,0.00263585286579212,0.00291970422926841,0.00330402780228826,0.00381799267897823,0.00449513862070721,0.00537189846524581,0.00648487267368327,0.00786663747941709,0.00954003881796037,0.0115111981160996,0.0137618257059401,0.0162418663584155,0.0188639156138221,0.0215011343380764,0.0239904155362669,0.0261421864405044,0.02775736891233,0.0286506779272062,0.0286777634650766,0.0277620194620731,0.0259156677397882,0.0232495078902331,0.0199669398867505,0.0163406482192913,0.0126743347222048,0.00925619384568269,0.00631409756213009,0.00398329536262219,0.00229494453104449,0.00118816317627491,0.000541121002885821,0.000210607399673341,6.72664930521683e-05,1.66132241641169e-05,2.89331034540079e-06,3.04447423747972e-07,1.44866843470374e-08,1.62638785937336e-10,5.4037920560382e-14,0
0,0.000292973259748987,0.00164243643207718,0.00619142045862193,0.0145974328776562,0.0253586136778792,0.0359605695099109,0.0441953180064881,0.0488546247475107,0.0497843442752411,0.04758064249787,0.0431983255255382,0.0376299349411132,0.0317099139044694,0.0260344648596015,0.0209617543113195,0.0166549882018181,0.0131396376685533,0.0103572821868341,0.0082079530749172,0.0065791777376831,0.00536334616680466,0.00446633626178245,0.00381038865847009,0.0033336800526582,0.00298833560067107,0.00273797205935181,0.00255536100621046,0.00242045564056951,0.00231881307199126,0.00224033752378341,0.00217824126709514,0.00212814320056926,0.00208727251426848,0.00205379044105384,0.00202626739909208,0.00200334904513349,0.00198361875267827,0.00196562926263467,0.00194804683640776,0.00192983669591578,0.00191042180794794,0.00188976532204952,0.001868353830431,0.00184708668468886,0.00182709946722484,0.00180956320662613,0.00179550359612874,0.00178567742587581,0.00178052970644641,0.00178023862549116,0.00178484072244418,0.00179441891219517,0.00180933326557956,0.00183047904689377,0.00185956691801214,0.00189943340514827,0.00195440156155859,0.0020307176229577,0.00213708486797026,0.00228529720821502,0.00249094009563236,0.00277407526404868,0.00315976185085676,0.00367819686757338,0.00436419504085054,0.00525568936429486,0.00639094177120026,0.00780423317985533,0.00951997653873259,0.0115454782916828,0.0138629559265062,0.0164218645700576,0.0191330182096653,0.0218662963146745,0.024453762356048,0.0266996455284878,0.0283977544104827,0.0293555048426875,0.0294220090614228,0.0285159227728744,0.0266474711046221,0.0239288270441545,0.0205682510055306,0.0168462624366132,0.0130762486705416,0.00955638725730332,0.00652317718568351,0.00411778377478764,0.00237386423968254,0.00122974409107093,0.000560380605391362,0.00021822794502757,6.97404607424213e-05,1.72343340482443e-05,3.00331450402966e-06,3.16229249183819e-07,1.50582745028415e-08,1.69202941305263e-10,5.62864772744867e-14,0
0,0.000252752367594111,0.00158022199705235,0.00611912044560614,0.0145164417219586,0.0252616499973068,0.0358383312301301,0.0440425138897983,0.0486724572992707,0.0495796656540352,0.0473634119650588,0.0429789241292805,0.0374172216185504,0.0315102556467999,0.0258515785290001,0.0207970556110732,0.0165081615980843,0.0130092266520584,0.0102411910849485,0.00810382161984284,0.00648463198180565,0.00527614917738611,0.00438446729587346,0.00373207704061231,0.00325741418350418,0.00291286073877343,0.00266228385890191,0.00247869608956876,0.00234227675739282,0.00223878560230119,0.00215829630443154,0.00209415062287684,0.00204205635620714,0.00199929733548822,0.00196406628109505,0.00193495386186125,0.00191062357429702,0.00188967763556188,0.00187068649641961,0.00185232702694866,0.00183356088352119,0.00181378785708072,0.00179292648834087,0.00177139989963641,0.00175003161327291,0.00172987800223502,0.00171203697696514,0.00169747516677305,0.00168690925635225,0.00168076417851006,0.00167921543604611,0.00168230891572575,0.00169014243071246,0.00170309081813804,0.00172206099181678,0.00174877346091629,0.00178607953505205,0.00183833473332668,0.00191185426351481,0.00201547139179731,0.00216120037542403,0.00236497010581527,0.00264734265182145,0.00303406558267363,0.00355623553248608,0.00424978532325163,0.00515396614043206,0.00630850295253178,0.00774918157222397,0.00950180330919997,0.0115747318653729,0.0139506503974008,0.016578606570774,0.019367872335803,0.022185464946611,0.0248592196767262,0.0271879260270105,0.0289591369714827,0.0299738364569062,0.0300753616093735,0.0291781651032322,0.0272906741821769,0.0245262281974056,0.021097327909502,0.0172913622600993,0.01343023213773,0.00982090679223738,0.00670749680637158,0.00423640055895086,0.00244350250529377,0.00126645196332805,0.00057739116717325,0.00022496188693061,7.19277090847721e-05,1.77837560777656e-05,3.1006786140544e-06,3.26664006190801e-07,1.55648900773275e-08,1.7502632217732e-10,5.82839591670176e-14,0
0,0.000220024545616405,0.00152937409009602,0.00605778199608646,0.0144427786089,0.0251675540608609,0.0357158637123129,0.043888793111123,0.0484909883328708,0.0493788162307896,0.0471537029062748,0.0427705137924507,0.0372182648412992,0.0313262268998442,0.0256853287432228,0.020649285032126,0.0163780382714909,0.0128949749037759,0.01014056429642,0.00801443742325261,0.00640418385387814,0.00520252302824713,0.00431579338416688,0.0036667430455946,0.00319405863654289,0.00285035925916425,0.00259973452906349,0.00241540526822746,0.00227774326065295,0.00217268016051531,0.00209043468041243,0.00202446183481082,0.00197055030377418,0.00192603712024638,0.00188914909628429,0.00185850128285539,0.00183277889711882,0.00181060590818136,0.00179057266358112,0.00177136897803428,0.00175195646118979,0.00173171721711666,0.0017105329093086,0.00168877283440609,0.00166719539233602,0.00164678835516146,0.00162858582273484,0.00161350238638423,0.00160221880859907,0.0015951412361546,0.00159244132347694,0.00159417146992556,0.00160044079573902,0.00161163534743599,0.00162867058463343,0.00165327405679011,0.00168830847944622,0.00173815625294071,0.00180919137283134,0.00191035923728187,0.00205386530762989,0.00225593753599624,0.00253757473112908,0.00292512653731432,0.0034504776526935,0.00415054181984354,0.00506572839560771,0.00623704977411157,0.00770161843779663,0.00948646273240891,0.0116008852180768,0.0140279904197994,0.0167164815597702,0.019574289139682,0.0224659269602781,0.0252155224397223,0.0276170865238409,0.0294526690393881,0.0305175877582818,0.0306500835622936,0.0297608895839076,0.0278568261244084,0.0250522341317498,0.0215633254132233,0.0176835217213023,0.0137422138320312,0.0100541158476027,0.00687005239150334,0.0043410461476128,0.00250495928216869,0.00129885843370653,0.000592413825987202,0.000230911103538511,7.38608330588034e-05,1.82695487997358e-05,3.18680655249137e-06,3.35899332662316e-07,1.60135439660653e-08,1.80187376341192e-10,6.00562293102551e-14,0
0,0.000193330058848124,0.00148759596970202,0.00600515051975765,0.0143750298182102,0.0250761135583749,0.03559401413021,0.043735592775393,0.0483116885699556,0.0491828404054943,0.0469518552402048,0.0425726369245835,0.037031858312948,0.0311560055399348,0.0255334426898375,0.0205158794246519,0.0162618989866504,0.0127941066841043,0.0100526345013029,0.00793707666312678,0.00633516506562444,0.00513985098549318,0.00425773568753316,0.00361182769183065,0.00314105610741764,0.00279826042390049,0.00254773004363073,0.00236286772048225,0.00222421032523759,0.00211783592964679,0.00203408728340772,0.00196651782525799,0.00191098870773284,0.00186488709962569,0.0018264742987557,0.00179439163058017,0.00176734799018327,0.0017439905163877,0.00172293052317117,0.00170287220431138,0.00168277977988637,0.00166202220060373,0.00164045087735049,0.00161838969185987,0.00159654136201668,0.00157583449988539,0.00155724777002154,0.00154165016276503,0.00152969051233027,0.00152175767613154,0.00151801883348951,0.00151853082888938,0.00152341138335508,0.00153305510600376,0.00154838379256031,0.00157113013833025,0.00160416594479738,0.00165189633498059,0.00172074601865478,0.00181975786022823,0.00196130410218899,0.00216187409725472,0.00244284896334415,0.00283110602690811,0.003359221426346,0.00406497042763164,0.00498978059147244,0.0061757973025281,0.00766130191814699,0.00947440553939061,0.0116252414846315,0.0140972910518048,0.0168389612473201,0.0197570091353694,0.0227137516147443,0.0255300572396494,0.0279957326496281,0.0298879816648413,0.0309971282751376,0.0311569173610621,0.030274795244945,0.0283561544329298,0.0255162061806524,0.0219744220240624,0.0180295334040604,0.0140175301248868,0.0102599554255701,0.00701355883176776,0.00443344818966321,0.00255923765001305,0.00132748641201466,0.000605688198413304,0.000236169370406638,7.55699321460883e-05,1.86991789307074e-05,3.26300379531109e-06,3.44073065365346e-07,1.6410813586118e-08,1.84760100293256e-10,6.16278867024907e-14,0
0,0.000171504892403782,0.00145307888319526,0.00595948469849428,0.0143121484991857,0.0249872370668977,0.0354735050481815,0.043584057955731,0.0481356805931651,0.0489924827307139,0.0467580310995329,0.0423848165869059,0.0368569386776132,0.0309980562147736,0.0253940481858833,0.020394757368863,0.0161575575672821,0.0127044068497344,0.00997520558215853,0.00786958678039138,0.00627547330085542,0.00508607539161796,0.00420826826325806,0.00356532049177553,0.00309639519781362,0.00275453790849259,0.00250421921736476,0.00231900250030031,0.00217956749537644,0.00207211766067354,0.00198710196464089,0.00191815906465642,0.00186121435874917,0.00181370120983208,0.00177391435889935,0.00174052174642744,0.00171225652819012,0.00168778934504173,0.00166575271340136,0.00164486593485244,0.00162409777590257,0.00160280772113217,0.00158082253751409,0.00155842794554429,0.00153627921233889,0.00151525409425401,0.00149628325966662,0.00148019590119124,0.00146761264172106,0.00145890662289636,0.00145424029699733,0.00145367346597546,0.00145733042552726,0.00146561239380188,0.00147944595726762,0.00150056772425337,0.00153185702998288,0.00157773863235581,0.00164468153658841,0.00174181399986081,0.00188165455891483,0.00208092201761498,0.00236133327270287,0.00275022937225104,0.00328079442554722,0.00399156163480052,0.00492485481327725,0.00612381715498145,0.00762775998086031,0.00946574906565245,0.0116486509162342,0.0141602804032511,0.0169487852375529,0.019919889961464,0.0229339763839747,0.0258090409932311,0.0283311836756383,0.0302733343073158,0.0314214111807859,0.031605191215295,0.0307292184556704,0.0287976227919097,0.025926380842528,0.0223378390334792,0.0183354144819781,0.0142609226343656,0.0104419373837192,0.00714044204432097,0.00451515454214798,0.00260723862824175,0.001352806803009,0.000617430619972528,0.000240821569693056,7.70823231096476e-05,1.90794415127459e-05,3.33046186446033e-06,3.51311414119012e-07,1.67627437529829e-08,1.88812808584197e-10,6.30217912507691e-14,0
0,0.000153618510608266,0.00142439469768073,0.00591943610219595,0.0142533583221477,0.0249009074816719,0.0353549435733481,0.0434350945972145,0.0479638135216236,0.0488082609863477,0.0465722676394037,0.0422065777826995,0.0366925713942484,0.030851082593352,0.0252655975845062,0.0202842214855975,0.0160632483209589,0.0126240991545528,0.00990652621397301,0.00781025838915345,0.00622344428860993,0.00503957085712236,0.00416579277243117,0.00352563581803394,0.00305848857639662,0.00271759005771309,0.00246757660251517,0.00228215485841854,0.00214212937053406,0.00203381169634264,0.00194774203673544,0.00187763272319495,0.00181946568989204,0.00177071618700619,0.00172971048047706,0.00169514243300171,0.00166576909532655,0.00164028417934227,0.00161734103888024,0.0015956742756535,0.00157425854994953,0.00155244683696255,0.00153004596205332,0.00150730968533602,0.0014848529382566,0.00146350986048621,0.00144416966647162,0.00142762691991688,0.00141447742825956,0.00140508018230026,0.00139959290974905,0.00139807731648027,0.00140066276570321,0.0014077556545176,0.00142028630224749,0.00143999446855781,0.00146976601805977,0.00151404305172657,0.00157933374249707,0.00167484176557961,0.00181321473345834,0.00201137377736533,0.0022913318047048,0.0026808386452188,0.00321361438436236,0.0039288604795868,0.00486969102932142,0.00608012910874075,0.00760039423734379,0.00946039381103335,0.0116716402436599,0.0142182412439105,0.0170481135770058,0.0200660677378733,0.0231307741521191,0.0260576902490229,0.028629639649068,0.030615775236448,0.0317981225078233,0.0320029532028409,0.0311322489084279,0.0291890271790073,0.0262899456762608,0.0226598972510909,0.0186064465277549,0.0144765641530694,0.0106031598644891,0.00725284716287396,0.00458753698862695,0.00264976249157603,0.00137523875999965,0.00062783406434391,0.000244943580883463,7.842247944284e-05,1.94164383201656e-05,3.39025333098415e-06,3.57728292991616e-07,1.70748070586991e-08,1.92407581329659e-10,6.42588289357959e-14,0
0,0.000138925248114323,0.00140041300334589,0.00588395786327638,0.0141980827670128,0.0248171513087456,0.0352388341355454,0.0432894153948731,0.0477967242725325,0.0486305245926383,0.0463945184659321,0.0420374637387218,0.0365379394238373,0.0307139902971953,0.0251468093108572,0.0201828838974013,0.0159775405820054,0.0125517542125771,0.00984519450179226,0.00775772876656033,0.00617775541126062,0.004999048578917,0.00412904367768815,0.00349151895616162,0.00302607985773882,0.00268614769207737,0.00243651152706967,0.00225100702606551,0.0021105488063781,0.00200154232994218,0.00191460650065675,0.00184351736383574,0.00178430637150929,0.00173448632295643,0.00169241261217592,0.00165680368068538,0.00162643948329227,0.00160003585867912,0.00157626621763594,0.00155388025916122,0.00153185941454147,0.00150955248809867,0.00148675027363093,0.00146367983440627,0.00144092187465308,0.00141927318358197,0.00139958723102656,0.00138262851273323,0.0013689710806043,0.0013589612760352,0.00135275227064689,0.00135040694253039,0.00135205860829982,0.00135811780573809,0.00136951788174264,0.00138800131367648,0.00141645987372593,0.00145935129921629,0.00152321880562386,0.00161733320510179,0.00175445667109469,0.0019516895966583,0.0022313068857482,0.00262141995618865,0.00315622280582436,0.00387550758956434,0.00482308676222767,0.00604376063381544,0.00757855051191791,0.00945810605438406,0.0116945080454139,0.0142721193810608,0.0171386477945094,0.0201980896868323,0.0233075955141206,0.0262803704298754,0.0288963340799728,0.0309212935878234,0.0321338282027501,0.0323571090233434,0.0314908542451422,0.029537104398459,0.0266131299364316,0.0229460892610122,0.0188472302153666,0.0146680977261184,0.010746333435572,0.00735265475608204,0.00465180046085772,0.00268751350173879,0.00139515183153882,0.000637068980807693,0.000248602550712461,7.96120989865696e-05,1.97155897125445e-05,3.44333297026955e-06,3.6342533593797e-07,1.73518987961196e-08,1.956001261999e-10,6.5357826983208e-14,0
0,0.000126826226161106,0.00138023689763061,0.00585223509693953,0.0141458928112578,0.0247360180165853,0.0351255911669976,0.0431475768237877,0.047634884741571,0.048459497864524,0.0462246824523815,0.041877044575368,0.0363923304579179,0.0305858545748728,0.0250366196422875,0.0200896063465755,0.0158992711420771,0.0124862174996922,0.00979008393303588,0.00771090729052647,0.00613735146249135,0.00496348274283606,0.0040970152969866,0.00346197367272066,0.00299817154707933,0.00265920239631928,0.00240999685970254,0.00222450776839389,0.00208374771672121,0.00197420440013081,0.00188656498580412,0.00181466071954496,0.00175456631060289,0.00170382794507934,0.00166082754283606,0.00162430640668152,0.00159306601969282,0.00156584307985119,0.00154133000374874,0.00151829110450387,0.00149571509388757,0.00147294842899492,0.00144976910039659,0.00142638191694997,0.00140333857164809,0.00138140389758092,0.00136140057246823,0.00134406701953014,0.00132995826330401,0.00131940940082066,0.00131256931811957,0.00130950156985048,0.00131034260745781,0.00131550636171046,0.00132592875261846,0.0013433547634968,0.00137068171208113,0.00141238169005575,0.00147502960559462,0.00156795649039103,0.00170402679469711,0.00190050050854983,0.00217988539277964,0.00257061387674857,0.00310730034965028,0.00383026060209025,0.00478392575025265,0.0060137841070659,0.00756156596151487,0.0094585761798134,0.0117173954069872,0.0143226074554768,0.0172217281514964,0.0203180245074515,0.023467291160332,0.0264807282452787,0.0291356735265923,0.0311949624919455,0.0324341166051252,0.0326735593862184,0.0318110080586421,0.0298476469684467,0.0269013035739936,0.0232011609997096,0.0190617492959237,0.0148386841309578,0.0108738142087617,0.00744150235885207,0.00470899594992495,0.00272110695486613,0.00141286940398389,0.000645284765788957,0.000251857427071431,8.0670261453741e-05,1.99816701211311e-05,3.49054329568828e-06,3.68492403095463e-07,1.7598356839033e-08,1.9843994242318e-10,6.63355795664427e-14,0
0,0.000116839412614779,0.00136315307169785,0.00582363170614755,0.0140964680965322,0.0246575662210522,0.0350155507833974,0.0430100086446723,0.0474786377783409,0.0482953116080121,0.0460626231660739,0.0417249206234633,0.0362551235830257,0.0304658921283763,0.024934142743284,0.0200034517994096,0.0158274904880479,0.0124265526750173,0.00974028552277099,0.00766891748842858,0.00610138714166411,0.00493205361910968,0.00406890541699245,0.00343620615611043,0.00297396911897007,0.00263595062826976,0.00238721317377113,0.00220181677715926,0.0020608619994668,0.00195090914131833,0.00186270494484746,0.00179012862605352,0.00172929264752796,0.00167777271445231,0.00163397464702801,0.00159666071267367,0.0015646523368637,0.00153670562739476,0.00151153079516534,0.00148790609519932,0.00146482774767258,0.00144164126313009,0.00141811447787424,0.00139443367838348,0.00137112598133207,0.00134892888744939,0.0013286385581469,0.00131097082428808,0.00129646409548673,0.00128544351557545,0.00127805401199571,0.00127435949133563,0.00127449894185416,0.0012788891529749,0.00128846833818173,0.00130498391918475,0.00133133856709396,0.00137201774995656,0.00143362531648015,0.00152554669707735,0.00166073817192647,0.00185660250593826,0.00213585529310355,0.00252721502787137,0.00306567028443275,0.00379200246646268,0.00475119225293301,0.00598933842092593,0.00754879938686227,0.00946145911347224,0.0117403378216925,0.0143702094206461,0.0172984114264671,0.0204275536315778,0.0236122160470941,0.0266618073732055,0.0293513624821524,0.031441069996023,0.0327037315237409,0.032957330919806,0.0320978142409951,0.0301256168682123,0.0271590771171897,0.0234291956278118,0.019253437643322,0.0149910526204813,0.0109876399610017,0.00752080846011441,0.00476003521826856,0.00275107740870228,0.00142867282783132,0.000652611579049231,0.000254759640137918,8.1613637254492e-05,2.02188573046825e-05,3.53262269347092e-06,3.73008384115157e-07,1.78179969173841e-08,2.00970674877381e-10,6.72069447887139e-14,0
0,0.0001085760106049,0.00134859290453138,0.0057976496481482,0.0140495681946006,0.0245818548782681,0.0349089816724707,0.0428770379869218,0.0473282253633894,0.0481380269797669,0.0459081825884866,0.0415807232642832,0.0361257771264667,0.0303534376057804,0.024838638308485,0.0199236459013406,0.0157614204383398,0.0123719972528981,0.00969506280844223,0.00763105212560221,0.00606918259393104,0.00490410361717855,0.00404407174438003,0.00341358166398593,0.00295283765990146,0.00261575021774556,0.0023675050665645,0.00218226089419971,0.00204119785938308,0.00193094088182975,0.00184228904165308,0.00176916340845663,0.00170770941004974,0.00165552875571921,0.0016110486328404,0.00157305033114214,0.00154037354652123,0.0015117922675883,0.0014860332098732,0.00146188777997443,0.00143835972374729,0.00141479466252767,0.00139095243980454,0.00136700394304557,0.00134345547077949,0.00132102114136612,0.00130047427799197,0.00128251113706271,0.00126765563278549,0.00125622412618711,0.00124835793778243,0.00124412112363445,0.00124365477409097,0.00124737815783185,0.00125623162084417,0.00127196504380101,0.00129748636389273,0.00133729366145503,0.00139801743300383,0.0014890925681469,0.0016235582419782,0.00181894554453302,0.00209815634653213,0.00249016503707973,0.00303029440981811,0.00375974121102488,0.00472397571828781,0.00596963977029167,0.00753964948981577,0.00946640147186191,0.0117633026267372,0.0144152895134536,0.0173695323629215,0.0205280456163211,0.023744316556653,0.0268261474235141,0.0295465123055976,0.0316632352538438,0.0329466922139624,0.0332126959268496,0.0323556223023868,0.0303752524047996,0.0273903966910806,0.0236336942960548,0.0194252445940415,0.0151275509664391,0.0110895661850194,0.00759179673540157,0.00480570584743882,0.00277788720650219,0.00144280575098107,0.000659162278556361,0.000257353839369352,8.24567173469075e-05,2.04307876205369e-05,3.57021475808305e-06,3.77042145473389e-07,1.80141557047287e-08,2.03230569131605e-10,6.79849814973986e-14,0
0,0.000101721786672716,0.0013361020583063,0.00577389768069091,0.0140050113591988,0.0245089379273362,0.0348060949680741,0.0427489089694181,0.0471838106782012,0.0479876534772542,0.0457611906755117,0.0414441141754179,0.0360038177345191,0.0302479239658288,0.0247494852664451,0.0198495461315758,0.0157004205858358,0.0123219277437873,0.00965381664485964,0.0075967382069931,0.00604018885248841,0.00487910317712624,0.00402199811672508,0.00339359086060121,0.00293426813738253,0.00259808641886731,0.00235034692557514,0.00216529961738215,0.00202419717153365,0.00191372245476501,0.00182472084047495,0.00175115008667866,0.0016891844514673,0.00163644850435261,0.0015913884276289,0.00155280263344095,0.00151954741530057,0.0014904131063305,0.00146414161837587,0.00143953665506502,0.00141560935183327,0.00139170622247153,0.00136758087227596,0.00134339139562395,0.00131962644933739,0.00129698013520556,0.00127620609327275,0.00125798361351222,0.00124282396745189,0.0012310357830871,0.00122275712874819,0.0012180520932103,0.00121706355400474,0.00122021299070782,0.00122844279849249,0.00124350538591744,0.00126831392768468,0.00130737849971894,0.00136735430600649,0.00145772146418357,0.00159159435301239,0.00178661991577707,0.00206586765958453,0.00245854174039595,0.00300026451595071,0.00373260443177538,0.00470146924451435,0.00595398520001242,0.00753356476482349,0.00947305915176565,0.0117862156627704,0.014458109259168,0.0174357520587768,0.0206206165580388,0.0238652030106141,0.026975867912905,0.0297237352063571,0.0318645102298521,0.0331663997466928,0.0334432797873074,0.0325881318942334,0.0306001660334495,0.0275986318050026,0.0238176514285072,0.0195796963749783,0.0152501929012924,0.0111811005484026,0.00765551940032173,0.00484668586008758,0.00280193482953866,0.0014554784016695,0.000665034350146879,0.000259678635526477,8.3212047029896e-05,2.06206128764847e-05,3.60387801647795e-06,3.80653531899599e-07,1.81897372037439e-08,2.05252973549266e-10,6.86811065439172e-14,0
0,9.60222669012981e-05,0.00132531665757023,0.0057520673286124,0.0139626588082709,0.0244388612409824,0.0347070529720725,0.0426257985867134,0.0470454953065134,0.0478441623881894,0.0456214718123413,0.0413147835193004,0.0358888305932936,0.0301488660016527,0.0246661602870472,0.0197806169715825,0.0156439615558728,0.0122758320761789,0.00961605750201525,0.00756550954669757,0.00601396082947281,0.00485662415889988,0.00400226816136343,0.00337582356782055,0.00291785106330459,0.0025825453402505,0.00233531604045845,0.00215049788383483,0.00200941000026073,0.00189878757936382,0.00180951721606953,0.00173558899451502,0.00167320244946177,0.00162000223093873,0.00157445134062702,0.00153536351053799,0.00150161001446649,0.00147199603550128,0.00144527739660934,0.00142026921968014,0.00139598978572331,0.00137178706356793,0.00134740983776782,0.00132300557839315,0.00129904798007899,0.00127621399067922,0.00125524026795013,0.00123679138335818,0.00122136757884765,0.00120927068321055,0.00120063585622204,0.00119552716135556,0.00119408903545465,0.00119674497895814,0.00120443940100188,0.00121892732769323,0.00124312716929689,0.00128156047938871,0.0013409054989566,0.00143068391234181,0.00156407863431775,0.00175884163798268,0.00203819387667531,0.00243154656225141,0.00297479147080193,0.00370983075559043,0.00468296425046295,0.00594175147835393,0.0075300477196172,0.009481108151806,0.0118089799920763,0.0144988553261827,0.0174975960144901,0.0207061790582918,0.0239762097883113,0.0271127391354114,0.0298852247251916,0.0320474678666064,0.0333657302065085,0.0336521559534241,0.0327984860465955,0.0308034322988329,0.0277866548482973,0.0239836233622225,0.019718952476111,0.015360701929786,0.0112635349107907,0.00771287903989443,0.00488355746953592,0.00282356279850442,0.0014668716648414,0.000670311755657021,0.000261767315995761,8.38904528848021e-05,2.07910559293811e-05,3.63409551671701e-06,3.83894363199276e-07,1.8347259445993e-08,2.0706685237924e-10,6.93052593025926e-14,0
0,9.12709711715805e-05,0.00131594458281588,0.00573191436922433,0.0139224031138051,0.0243716611333035,0.0346119767799382,0.0425078295987124,0.0469133326982707,0.0477074968903926,0.0454888491300045,0.0411924476316622,0.035780450859632,0.0300558466074791,0.0245882202557438,0.0197164099197177,0.0155916036742812,0.0122332877400262,0.00958138361653241,0.00753698521229064,0.00599013614733719,0.00483631902220868,0.0039845447042576,0.00335994824556795,0.00290325588587046,0.00256879311347334,0.00232207145887668,0.0021375045819436,0.00199647279628084,0.00188575882441536,0.00179628620102524,0.00172207364531751,0.00165934292304544,0.00160575632729739,0.00155979171401018,0.00152027646120714,0.00148609529612573,0.00145606683066475,0.0014289595648931,0.00140359916481431,0.00137901074060835,0.00135454410637443,0.0013299443655878,0.00130535016539661,0.00128122249544782,0.00125822358121769,0.00123707540685577,0.00121842975915828,0.00120277725063761,0.00119041373614636,0.00118147179060029,0.00117601543317411,0.00117419049461785,0.00117642236035104,0.00118365744537649,0.00119765348510958,0.00122133412832256,0.00125923195200834,0.00131804677022233,0.00140733863183109,0.00154035316318241,0.00173493791797018,0.00201445116360156,0.00240849134231703,0.00295319332762744,0.00369075980096992,0.00466784301206289,0.00593239108586159,0.00752865533727951,0.00949025064159706,0.0118314887654824,0.0145376603534526,0.0175554839434232,0.0207854817645366,0.0240784449252635,0.0272382415890247,0.0300328240965893,0.0322142777789434,0.0335471154333552,0.0338419289008559,0.0329893531586246,0.0309876656617762,0.0279569118556554,0.0241337897828284,0.019844856366894,0.0154605509386793,0.0113379744079116,0.0077646485299073,0.00491681968482005,0.00284306495009583,0.00147714085333401,0.000675066650647343,0.000263648512831389,8.45012557838181e-05,2.09444631507208e-05,3.66128392943538e-06,3.86809386713389e-07,1.84888994644021e-08,2.08697284869007e-10,6.98660641910404e-14,0
0,8.73000407308271e-05,0.00130775074799773,0.00571324454543366,0.0138841596427282,0.0243073638941917,0.0345209528908305,0.0423950810026295,0.046787338741418,0.0475775796578952,0.0453631473403166,0.0410768465373052,0.0356783562510235,0.0299685053738318,0.0245152879913485,0.0196565473917055,0.0155429799200392,0.0121939444227526,0.00954946371136551,0.0075108525339873,0.00596841849519136,0.00481790448545946,0.00396855362458786,0.0033456959056948,0.00289021482348665,0.00255655952608198,0.00231033733216367,0.00212603556791036,0.00198509109014324,0.0018743300278031,0.00178470921268768,0.00171027286511686,0.00164726237383788,0.00159335554987264,0.00154704334792271,0.00150716526177351,0.00147261805542212,0.00144223244058498,0.00141478842925187,0.00138912138209627,0.00136426287693758,0.00133956482918155,0.00131476957319707,0.00129000842711187,0.00126573157532501,0.0012425885847445,0.00122128873759747,0.00120247269746469,0.00118662265993638,0.00117402923145434,0.00116482270082822,0.00115906704866785,0.00115690937840592,0.00115877686101662,0.00116561792182005,0.0011791930872936,0.00120243123840922,0.00123987556015321,0.00129824613383555,0.00138713854148429,0.00151985599229698,0.00171433331783988,0.0019940536962929,0.00238878541073684,0.00293488335286903,0.00367482164513958,0.00465557019006105,0.0059254265665635,0.00752899714879535,0.00950021776431381,0.0118536338275367,0.0145746184222723,0.0176097530674031,0.020859141220339,0.0241728308917986,0.0273536155731235,0.030168083971181,0.0323667707711542,0.0337126123859227,0.0340148058742698,0.0331629983368575,0.0311550885772847,0.028111484710193,0.0242700079701793,0.0199589804662824,0.0155509974590758,0.0114053634427575,0.00781148890590775,0.00494689965821801,0.00286069301120962,0.00148641912728639,0.00067936094756211,0.000265346812950808,8.50524662082044e-05,2.10828527326267e-05,3.6858019650521e-06,3.89437162561432e-07,1.86165353361711e-08,2.10165935321916e-10,7.03709854331328e-14,0
0,8.3972756133712e-05,0.00130054548898065,0.00569590252270535,0.0138478602596613,0.024245985971904,0.0344340388858015,0.042287596533385,0.0466675000657502,0.0474543185800328,0.0452441945240602,0.0409677414653831,0.035582260675655,0.0298865291199132,0.0244470405900752,0.0196007097205875,0.0154977822620652,0.012157510169128,0.00952002328070495,0.00748685366346941,0.00594856449518635,0.00480114865424596,0.00395407115179183,0.00333284746108074,0.00287851014664038,0.00254562513028681,0.00229988977073781,0.00211586022207131,0.00197502574126753,0.00186425226527878,0.001774526796294,0.00169991638158994,0.00163667979804984,0.00158250852858311,0.00153590507109127,0.00149571965225285,0.00146085977514769,0.00143016702395984,0.00140243183621401,0.00137649845582364,0.00135140454216613,0.00132650426464381,0.00130153791470266,0.0012766307189036,0.00125222365457539,0.0012289553812124,0.00120752416231418,0.00118856096457744,0.0011725406149356,0.00115974910662558,0.00115031471381152,0.00114430139879878,0.00114185744715761,0.00114341173963293,0.00114991471898193,0.0011631297671007,0.00118599097291821,0.00122305173546671,0.00128105121876329,0.00136961800705489,0.00150210833889078,0.00169653697872066,0.00197650106555108,0.00237192339066713,0.00291935853167457,0.00366152644341808,0.00464568409388931,0.00592044409420997,0.00753073188328982,0.00951077025733202,0.0118753112599131,0.014609796479094,0.0176606762949053,0.0209276674893314,0.0242601380513125,0.0274599024535487,0.0302923109505074,0.0325064935423719,0.0338639623653047,0.0341726585071814,0.0333213449808058,0.0313075905347018,0.0282521453121037,0.0243938602171835,0.0200626655925708,0.015633114703535,0.0114665086352864,0.00785396518960019,0.00497416276569147,0.00287666245623844,0.00149482054959131,0.00068324771662608,0.000266883306633638,8.55509603643596e-05,2.12079583876075e-05,3.70795801526676e-06,3.91810870458958e-07,1.87317846760629e-08,2.11491485936815e-10,7.08264707789854e-14,0
0,8.11775519678228e-05,0.00129417538690238,0.00567976333973711,0.0138134487062003,0.0241875345454458,0.0343512682732762,0.0421853915629547,0.046553780572891,0.0473376110596277,0.0451318231945341,0.0408649124773973,0.0354919087899684,0.0298096440430205,0.0243831999063132,0.0195486246420384,0.0154557506836088,0.012123740320519,0.00949283367264031,0.007464774907889,0.00593037330582894,0.0047858608506331,0.00394091384027945,0.00332122374735295,0.00286796414560993,0.00253581106531648,0.00229054644910397,0.00210679079075939,0.00196608200032208,0.00185532264541499,0.00176552718784614,0.00169078320563572,0.00162736494444472,0.00157297595850867,0.00152612891846001,0.00148568354489861,0.00145055690275619,0.00141960032590476,0.00139161367417249,0.00136544930947291,0.00134015057732576,0.00131507397519253,0.00128995832679465,0.00126492379130742,0.00124040348343003,0.0012170266413037,0.0011954819466763,0.00117639189347994,0.00116022484526091,0.00114726273635628,0.00113763206991351,0.00113139681755281,0.00112870637722919,0.00112999127815948,0.00113620398387816,0.00114911077460623,0.00117165090024858,0.0012083875896496,0.00126607799831064,0.00135438142611706,0.00148670306435876,0.00168113106684887,0.00196136680660626,0.00235747398848567,0.00290618887211444,0.00365045459271159,0.0046377881548684,0.00591708681852847,0.00753356336213317,0.00952169766566338,0.0118964247503047,0.0146432427084929,0.017708476386198,0.0209914847489949,0.0243410120651867,0.0275579789054676,0.0304066082537494,0.032634754871853,0.034002641324498,0.0343170754398932,0.0334660276086206,0.0314467789015439,0.0283804023942646,0.0245066949458943,0.0201570552734087,0.0157078186362423,0.0115220988929384,0.00789256026562425,0.00499892146778785,0.00289115766845632,0.00150244278491664,0.000686772426359501,0.000268276074437243,8.60026369283547e-05,2.13212683466042e-05,3.72801699214381e-06,3.9395903412543e-07,1.88360393258665e-08,2.12690028675248e-10,7.12380825003352e-14,0
0,7.88232194606323e-05,0.00128851600159219,0.00566472577972269,0.013780877222241,0.0241320083123774,0.034272654603358,0.0420884587021759,0.0464461265793917,0.0472273472433631,0.045025870868804,0.040768156273449,0.0354070713735642,0.0297376092164845,0.024323524774708,0.0195000587780549,0.0154166643481637,0.0120924286543692,0.00946770337583776,0.00744443824211406,0.00591367836777288,0.00477188355280394,0.00392893063440919,0.00331067763069831,0.00285843119630969,0.00252697100349349,0.00228215836882107,0.00209867392279418,0.00195810079878922,0.00184737535452396,0.00175753713602383,0.00168269226561193,0.00161912880344029,0.00156456098787685,0.00151751045958646,0.00147684533005665,0.0014414911658388,0.00141030803074015,0.00138210428722004,0.00135573970049841,0.00133026290847134,0.00130503275173506,0.00127978703923561,0.00125464170999368,0.0012300231474695,0.00120655243022285,0.00118490988558428,0.00116571058544706,0.00114941721127851,0.00113630812098445,0.00112650826314733,0.00112008164875435,0.00111717873201971,0.0011182316373808,0.0011241948447296,0.00113683755233381,0.00115910409925166,0.0011955671619216,0.00125300086833867,0.00134109314718197,0.00147329446252041,0.00166776048622141,0.00194828812952386,0.00234506988639817,0.00289500766966994,0.00364124765689616,0.00463154289299089,0.00591504835306265,0.00753723608655317,0.00953281669566342,0.0119168874397974,0.0146749926190999,0.0177533369777385,0.0210509478297715,0.0244159963100578,0.027648585269757,0.0305119096952888,0.0327526644738126,0.034129902428527,0.0344494070393952,0.0335984369326753,0.0315740224600123,0.0284975417351815,0.0246096621255641,0.0202431253788631,0.0157758914107338,0.0115727228284924,0.00792768695116273,0.00502144303323321,0.00290433644843475,0.00150936946219503,0.000689974031685456,0.000269540615194304,8.64125551236261e-05,2.14240597908739e-05,3.7462063811153e-06,3.95906164146676e-07,1.89304962338564e-08,2.13775415422587e-10,7.16106150947157e-14,0
0,7.68350538695561e-05,0.00128346610647184,0.00565070722316941,0.0137501040860247,0.0240793983749669,0.0341981949461075,0.0419967723493279,0.0463444708716711,0.0471234124467458,0.0449261803079514,0.0406772842048257,0.0353275414128011,0.0296702112067568,0.0242678046493071,0.0194548107278823,0.0153803344739358,0.0120634002687738,0.00944447104656713,0.00742569453516559,0.0058983408313935,0.00475908598834009,0.00391799656963635,0.00330108774813111,0.00284979146892443,0.00251898476155735,0.00227460331764357,0.00209138393675537,0.00195095180245978,0.00184027449252655,0.00175041453249734,0.00167549485602406,0.00161181590509597,0.00155710139877072,0.00150988089473803,0.00146902991780532,0.0014334815864143,0.00140210377311818,0.00137371250460032,0.00134717428681766,0.0013215426656134,0.00129617879628516,0.001270819827309,0.00124557817824902,0.00122087445411982,0.00119732264621871,0.00117559577662587,0.00115630239758504,0.00113990018270286,0.00112666433257358,0.00111671843189269,0.0011101265602137,0.00110704018038276,0.00110789296242313,0.00111364138817552,0.00112605757032917,0.00114809084016121,0.0011843229367331,0.00124154399792483,0.00132946865857551,0.00146158930675079,0.00165612382640171,0.00193695684205109,0.00233439875789009,0.00288550278843092,0.00363360015495383,0.00462665853223049,0.00591406662422752,0.00754153081415509,0.00954396909102968,0.0119366227270157,0.014705073424366,0.0177954111548673,0.0211063554943663,0.0244855502006035,0.0277323489999886,0.030609008012727,0.0328611655962674,0.0342468119420258,0.0345708032656687,0.0337197581631125,0.0316904885179573,0.0286046605321125,0.0247037436234446,0.0203217095737386,0.0158380015444551,0.011618883783479,0.00795969842661547,0.00504195622628976,0.00291633392475011,0.00151567222761343,0.000692885921196885,0.000270690219292457,8.67850553714442e-05,2.15174289968967e-05,3.76272155139029e-06,3.9767332326042e-07,1.9016184679173e-08,2.14759567702154e-10,7.19481998810181e-14,0
0,7.51517548583431e-05,0.00127894310613604,0.00563763964537705,0.0137210918325235,0.0240296891483927,0.034127872821409,0.0419102923836663,0.0462487359057123,0.0470256889710133,0.0448325995396837,0.0405921204999224,0.0352531307934233,0.0296072596175428,0.024215854396369,0.0194127054535841,0.0153465985744564,0.0120365058548424,0.00942299991400279,0.00740841812986005,0.00588424430872728,0.0047473590273686,0.00390800775833116,0.00329235352892056,0.00284194592618533,0.00251175322071731,0.00226778066435848,0.00208481745514404,0.00194452786320105,0.00183390833489239,0.0017440424895721,0.00166906854651092,0.00160529808154492,0.00155046324809972,0.00150310059985116,0.00146209221119263,0.00142637790500094,0.00139483253370489,0.00136627902702316,0.00133959002081762,0.00131382359893994,0.00128834317154495,0.00126288550160651,0.00123756006877278,0.00121278250287339,0.00118916062042977,0.0011673610362316,0.00114798655859146,0.00113149043521369,0.00111814507294518,0.0011080728593362,0.00110133796875564,0.00109809282993742,0.00109877260951065,0.0011043357658585,0.00111655729998309,0.00113839141426431,0.00117442851997547,0.00123147384679957,0.00131926694902424,0.00145133906766849,0.00164596546977861,0.00192711140561819,0.00232519536804375,0.00287740894845178,0.00362725223618306,0.00462288833231963,0.00591391820304769,0.00754626031005524,0.0095550192919925,0.0119555643755243,0.0147335071589787,0.0178348281138619,0.0211579611002555,0.0245500641591233,0.0278098040295006,0.0306985784461817,0.0329610623126475,0.0343542794121747,0.0346822456392355,0.0338310034483242,0.0317971744271177,0.0287026966665077,0.0247897791035742,0.0203935210811472,0.0158947212025194,0.0116610127221297,0.00798889720319662,0.00506065706562775,0.00292726592715701,0.00152141251823005,0.000695536736814809,0.000271736292184584,8.71238640261016e-05,2.16023175493764e-05,3.77773038207979e-06,3.99278619778929e-07,1.90939900892596e-08,2.15652748388214e-10,7.22543971303393e-14,0
0,7.37229281837119e-05,0.00127487938731239,0.00562546649964928,0.0136938059716385,0.0239828592432719,0.0340616606595881,0.0418289671650988,0.0461588363340143,0.0469340574612356,0.0447449817430441,0.0405125006982411,0.0351836675135363,0.029548583401283,0.0241675100273266,0.0193735897104157,0.0153153157941965,0.0120116170757604,0.00940317328033391,0.00739250249404926,0.00587129067165683,0.0047366111007448,0.00389887738739947,0.00328439122442616,0.00283481233678353,0.00250519427770007,0.00226160720757251,0.00207888911976826,0.00193874058040027,0.00182818473084618,0.00173832457635013,0.00166331226564612,0.00159946941392499,0.001544535696275,0.00149705385659231,0.00145591175707154,0.0014200551708031,0.00138836518633447,0.0013596709473506,0.00133285065879606,0.00130696659031827,0.00128138432505041,0.00125584045182326,0.00123044198985645,0.00120560027196593,0.00118191771765603,0.00116005530418725,0.00114061076363668,0.00112403342045362,0.00111059320279832,0.00110041144593216,0.00109355244109102,0.00109016954253818,0.00109069936328497,0.00109610230167498,0.00110815619992885,0.00112981998790684,0.00116569235200687,0.00122259273133958,0.00131028392630951,0.0014423331939337,0.00163706875928281,0.00191853003701953,0.0023172346868202,0.00287050096813582,0.00362198321858274,0.00462002264808576,0.00591441317464596,0.00755126538163941,0.00956585205115159,0.0119736561727217,0.0147603128632121,0.0178716983367189,0.021205981163443,0.0246098718435069,0.0278814067568372,0.0307811983406038,0.033053042331801,0.0344530830013583,0.0347845741640157,0.0339330392755827,0.0318949342719327,0.0287924535405702,0.0248684880504536,0.0204591712238464,0.0159465409477304,0.0116994792528529,0.00801554279999996,0.00507771376170651,0.00293723188273434,0.00152664308691851,0.000697951079514202,0.000272688633325179,8.74321838100224e-05,2.167953500926e-05,3.79137726908623e-06,4.00737635710664e-07,1.91646747464507e-08,2.1646379850803e-10,7.25322766409357e-14,0
0,7.25070684803323e-05,0.00127121940783826,0.00561414028688279,0.0136682140736543,0.023938882294269,0.0339995218628049,0.0417527359707078,0.046074681002593,0.0468483979181267,0.0446631850503269,0.0404382702796059,0.0351189933387054,0.0294940278050765,0.0241226251983161,0.0193373283215762,0.0152863631235913,0.0119886228304774,0.00938489089279346,0.00737785672281548,0.00585939667900347,0.00472676492888897,0.00389053251506785,0.00327713073382795,0.00282832208988555,0.00249923960986753,0.00225601385778848,0.00207352816378032,0.00193351674412836,0.00182302740764724,0.00173318098254742,0.00165814232977902,0.00159424213682124,0.00153922680088155,0.00149164455027883,0.00145038836361985,0.00141440929399747,0.00138259399984616,0.00135377721622521,0.0013268422037548,0.00130085508519667,0.0012751835199497,0.00124956408322292,0.00122410173074759,0.00119920407191444,0.00117546879346219,0.00115355189626367,0.00113404661182482,0.001117398775922,0.00110387611089528,0.00109359902480271,0.00108663194295311,0.0010831291054881,0.0010835285191974,0.00108879247499447,0.00110070159009332,0.00112221935780358,0.00115795233563603,0.00121473331893465,0.00130234677628713,0.00143439334215169,0.00162925011801898,0.00191102475516468,0.00231032592596784,0.00286458788795732,0.00361760593791031,0.00461788369182223,0.0059153905569333,0.00755641125341715,0.00957637011718231,0.0119908513160535,0.0147855080848,0.017906117609478,0.0212506022400996,0.0246652601366052,0.0279475492344194,0.0308573634275055,0.0331376960380161,0.0345438907147022,0.0348785099584132,0.0340266095647763,0.0319845014148616,0.0288746211003382,0.0249404884450833,0.0205191851734348,0.0159938822887342,0.011734601018023,0.0080398582935118,0.00509327093456256,0.00294631729311664,0.00153140930838296,0.000700150114490883,0.000273555675663249,8.77127715609187e-05,2.17497784275714e-05,3.80378657935152e-06,4.02063796407501e-07,1.92288956980308e-08,2.17200342506617e-10,7.27844877984523e-14,0
0,7.14699276709978e-05,0.00126791737025202,0.00560362065780075,0.0136442851236225,0.0238977277197218,0.0339414125283573,0.0416815309740846,0.045996174529924,0.04676859044846,0.0445870723037967,0.0403692834717944,0.0350589618310749,0.0294434518407396,0.0240810683351245,0.0193038011363223,0.0152596323216851,0.0119674262261125,0.00936806601183421,0.00736440271821241,0.00584849126215083,0.00471775489352385,0.00388291150063004,0.00327051305970728,0.00282241764344134,0.00249383208460843,0.0022509429796539,0.00206867566360419,0.00192879547984879,0.00181837299808724,0.00172854542553603,0.00165348923220262,0.00158954331653543,0.00153446009387379,0.00148679265737584,0.00144543851019966,0.00140935339024726,0.00137742892955714,0.00134850489262355,0.00132146912663995,0.00129539129509218,0.00126964102757301,0.00124395500569042,0.00121843645057105,0.00119348973435493,0.00116970837965979,0.00114774398011187,0.00112818576395215,0.00111147645452478,0.0010978818046171,0.00108752140247751,0.00108045981961386,0.00107685214201835,0.00107713771467531,0.00108228066357787,0.00109406429759575,0.0011154564913426,0.00115107126290727,0.00120775393505572,0.00129530914765827,0.00142736844323854,0.00162235401151537,0.00190443626892382,0.0023043074036446,0.00285950789132889,0.00361396183965653,0.00461632095323388,0.00591671425235373,0.00756158430319244,0.00958649205381405,0.012007111649224,0.0148091098849805,0.0179381701420925,0.0212919864604905,0.0247164773094076,0.028008570047998,0.0309275013407619,0.0332155323693619,0.0346272781658668,0.0349646742505385,0.0341123550989493,0.0320665075051374,0.0289497935936339,0.0250063125664885,0.020574015295641,0.016037108327732,0.0117666516721216,0.00806203588940821,0.00510745320625267,0.00295459584689004,0.00153575029409758,0.000702152088374204,0.000274344690560446,8.79680048320573e-05,2.18136490816091e-05,3.81506561720383e-06,4.03268688442753e-07,1.92872201824135e-08,2.17868965386869e-10,7.30133202037998e-14,0
0,7.05831930263805e-05,0.00126493535931218,0.00559387292910217,0.0136219890718438,0.0238593614059954,0.033887282886776,0.0416152788534354,0.0459232185557142,0.0466945158182742,0.0445165107925119,0.0403054022183289,0.0350034366938915,0.0293967261877226,0.0240427202688286,0.0192729005419739,0.01523502740928,0.0119479421194297,0.00935262303648892,0.00735207290989359,0.00583851333525987,0.00470952492067271,0.00387596193688368,0.00326448826339831,0.002817050475185,0.002488923679817,0.00224634625832789,0.0020642823314422,0.00192452595214464,0.00181416864591044,0.0017243626533092,0.00164929504428778,0.00158531215475667,0.00153017179473339,0.00148243137666915,0.00144099240595423,0.00140481477661979,0.00137279456067043,0.00134377604498987,0.0013166512351793,0.00129049304336225,0.00126467295800851,0.00123892785498914,0.00121335949362731,0.00118836942192492,0.0011645474864906,0.00114254136492581,0.00112293671281664,0.0011061734673529,0.00109251561636423,0.00108208201997197,0.00107493740297327,0.00107123765614899,0.00107142340388557,0.00107646054057066,0.00108813496833033,0.00110941874516028,0.00114493293347646,0.00120153457553441,0.00128904705512374,0.0014211304986828,0.0016162486478914,0.00189862960481429,0.0022990421411838,0.00285512393576946,0.00361091673980018,0.00461520722054581,0.00591826950008059,0.00756668915782829,0.00959615023108193,0.0120224068323546,0.0148311354876122,0.0179679309907204,0.0213302759831421,0.0247637396952443,0.0280647632917207,0.0309919828327123,0.0332869920508566,0.0347037434321339,0.0350436043036029,0.0341908298509298,0.0321414984815557,0.029018484545017,0.0250664203369773,0.0206240524366722,0.0160765327769075,0.0117958676456477,0.0080822416517014,0.00512036825330451,0.00296213121635728,0.00153969984163346,0.000703972770064748,0.000275061962629667,8.81999387761252e-05,2.18716667850578e-05,3.8253071636303e-06,4.04362332065939e-07,1.93401388699256e-08,2.18475365020459e-10,7.32207559326229e-14,0
0,6.98234142999209e-05,0.00126224184832036,0.00558486692169892,0.0136012965265963,0.023823746315943,0.033837078500088,0.0415539020981808,0.0458557127286165,0.0466260558574201,0.0444513719858727,0.0402464952881279,0.0349522903813385,0.0293537314534446,0.0240074722888106,0.0192445294255339,0.0152124626229064,0.0119300951162413,0.00933849557674483,0.00734080840861408,0.00582941002446112,0.00470202677130463,0.00386963898284993,0.00325901381792007,0.00281217943333574,0.00248447381074703,0.00224218298283287,0.00206030673839585,0.00192066551459349,0.00181037007363198,0.00172058642570599,0.00164551130946539,0.00158149779780833,0.00152630853978178,0.00147850478496414,0.00143699157918007,0.00140073250255467,0.00136862758919533,0.00133952519069611,0.00131232108039473,0.00128609114676468,0.00126020862364041,0.00123441064358081,0.00120879773070452,0.00118376896090821,0.00115991092504832,0.00113786780991642,0.00111822207228557,0.00110141114670458,0.00108769743328135,0.00107719914182719,0.00106998115270743,0.00106620011903945,0.0010662978826319,0.00107124203138611,0.00108282094922021,0.00110401066609292,0.00113943886781903,0.00119597352655072,0.00128345540294904,0.00141557100876346,0.0016108223188599,0.00189349037955978,0.00229441410097144,0.00285132000979732,0.0036083571795667,0.00461443514206473,0.00591995978724731,0.00757164613262531,0.00960528900519845,0.0120367135020715,0.0148516026742206,0.0179954679386534,0.0213655965837485,0.0248072371502737,0.0281163859740056,0.0310511310808791,0.0333524586187902,0.0347737194678178,0.035115766756457,0.0342625146880181,0.0322099480289583,0.029081139367428,0.0251212105768324,0.0206696354535227,0.0161124275808563,0.0118224538695198,0.00810061950922596,0.00513210939528555,0.00296897858271187,0.0015432872412486,0.000705625825639608,0.000275712938564134,8.84103546132166e-05,2.19242820930384e-05,3.83459164429049e-06,4.05353414089095e-07,1.93880771953674e-08,2.19024482715046e-10,7.34085144352737e-14,0
0,6.91711315544059e-05,0.00125981049913624,0.00557657604991583,0.0135821785493729,0.0237908430243486,0.0337907412589223,0.0414973200705892,0.0457935554872995,0.046563093752166,0.0443915312744258,0.0401924375095407,0.0349054029310939,0.0293143567287546,0.0239752245371942,0.0192185995008074,0.0151918607416943,0.0119138179400683,0.00932562488535829,0.00733055750699266,0.00582113523250651,0.00469521865783795,0.00386390401604329,0.00325405327798959,0.00280776940588136,0.00248044798072748,0.00223841866186026,0.00205671388125607,0.00191717821629324,0.00180694002082446,0.00171717787987121,0.00164209733442477,0.00157805755479002,0.00152282553047446,0.00147496592015608,0.00143338690077618,0.00139705532000024,0.0013648747456036,0.00133569718038361,0.00130842180884876,0.00128212724248438,0.00125618834700357,0.00123034255403336,0.00120468934102768,0.0011796256127259,0.0011557350672863,0.00113365876996426,0.00111397630423237,0.00109712284891704,0.00108335937004031,0.00107280349274673,0.00106552025077126,0.00106166701557917,0.001061686781417,0.0010665487476475,0.00107804365734054,0.0010991512896599,0.00113450552936304,0.00119098450541924,0.00127844504121104,0.00141059794454378,0.0016059802935674,0.0018889216307095,0.00229032498128661,0.00284799793614356,0.00360618730232684,0.00461391426747506,0.00592170417410343,0.0075763889901066,0.00961386308973038,0.012050014457525,0.0148705300007256,0.0180208429572637,0.021398060550429,0.0248471375246503,0.0281636641311372,0.03110522941105,0.0334122676032994,0.0348375844732743,0.0351815687924073,0.0343278288673896,0.0322722688837325,0.0291381459729524,0.0251710304854472,0.0207110592517486,0.0161450293521425,0.0118465886129759,0.00811729464487396,0.00514275778655772,0.00297518592854743,0.0015465379600226,0.000707123136612111,0.000276302353588012,8.8600800847066e-05,2.19718866904642e-05,3.84298897659878e-06,4.06249486506581e-07,1.94314050346095e-08,2.19520614864042e-10,7.3578091010335e-14,0
0,6.86101649659928e-05,0.00125761919647011,0.00556897660648927,0.0135646065233861,0.0237606101852611,0.0337482102112508,0.0414454498683021,0.0457366446777653,0.0465055142536461,0.0443368677242473,0.0401431091125881,0.0348626609835828,0.0292784983871234,0.0239458846828418,0.0191950299330723,0.015173151716539,0.0118990500991576,0.00931395857932597,0.00732127445950108,0.00581364847265859,0.00468906412176423,0.00385872354047493,0.00324957520353784,0.00280379024439751,0.00247681669057008,0.00223502390520063,0.00205347402410358,0.00191403359397964,0.00180384697964836,0.00171410420477287,0.0016390188007398,0.00157495544662688,0.00151968502191735,0.00147177521254233,0.00143013696262683,0.00139374001386532,0.00136149108291287,0.00133224544963166,0.00130490538398987,0.00127855198503363,0.00125256163847875,0.00122667210167818,0.00120098196260792,0.001175886213044,0.00115196597324112,0.00112985950874963,0.00111014381408925,0.00109325202796654,0.00107944381561694,0.00106883627251912,0.00106149457949574,0.00105757678083029,0.00105752695550023,0.00106231582610966,0.00107373636281351,0.00109477186188332,0.00113006198021176,0.00118649424571749,0.00127394027726601,0.00140613318544498,0.00160164218682798,0.00188484112741917,0.00228669149195297,0.00284507464859356,0.00360432618573205,0.00461356851079012,0.00592343498762794,0.00758086298988227,0.00962183611206366,0.0120622978942229,0.0148879368912947,0.0180441133412078,0.021427769022584,0.0248835903271265,0.0282067978769589,0.0311545277078747,0.0334667141770142,0.034895670554634,0.0352413674865995,0.034387139673643,0.03232882232633,0.0291898436936877,0.025216183621808,0.0207485815582482,0.0161745447993506,0.0118684275678392,0.00813237635935734,0.00515238426976446,0.00298079513176979,0.00154947422133136,0.000708475069715598,0.000276834338731246,8.87726282591118e-05,2.20148222194807e-05,3.85056014065577e-06,4.07057135582256e-07,1.94704449513755e-08,2.19967508225548e-10,7.37307896988069e-14,0
0,6.81270355750651e-05,0.00125564926937485,0.00556204720051989,0.0135485520738907,0.0237330049371597,0.0337094222504528,0.0413982070249493,0.04568487804077,0.0464532038231674,0.0442872638483431,0.0400983951647697,0.0348239569575466,0.0292460590851879,0.0239193668244937,0.0191737462063409,0.0151562715447532,0.011885736795045,0.00930344959527433,0.00731291848748008,0.0058069139191718,0.00468353112101644,0.00385406829981121,0.00324555228638506,0.00280021589171043,0.00247355455508072,0.00223197351785407,0.00205056176008616,0.00191120569323376,0.00180106416923581,0.00171133756462381,0.00163624663524085,0.00157216102311703,0.00151685508779263,0.00146889919997561,0.00142720674621671,0.00139075002803743,0.00135843856462019,0.00132913057373403,0.00130173111289177,0.00127532354995622,0.00124928568147506,0.00122335560491746,0.00119763115013336,0.00117250561831669,0.00114855782585969,0.00112642352016695,0.00110667735606542,0.00108975062093752,0.00107590179501929,0.00106524748985501,0.0010578530234089,0.00105387706580029,0.00105376471064387,0.00105848811035048,0.00106984232226279,0.00109081392014625,0.00112604790501873,0.00118244046017245,0.00126987677477829,0.00140211035385389,0.00159773973269497,0.00188117909245784,0.0022834430429574,0.00284247987711214,0.00360270556817845,0.00461333398103072,0.00592509583985428,0.00758502319988519,0.00962917934391607,0.0120735566977334,0.0149038436496039,0.0180653325910197,0.0214548138831123,0.024916729731842,0.028245965576751,0.0311992477382336,0.0335160595272125,0.0349482709560571,0.0352954776278584,0.0344407704965182,0.0323799261484334,0.0292365307781804,0.0252569366179526,0.0207824286243559,0.0162011553019802,0.0118881072937566,0.00814596048884333,0.00516105094177881,0.00298584289049503,0.00155211549514833,0.000709690705336433,0.000277312511728068,8.89270195824276e-05,2.20533877706239e-05,3.85735851345907e-06,4.07782125584416e-07,1.9505479214587e-08,2.2036844109639e-10,7.38677513573695e-14,0
0,6.77104920702326e-05,0.0012538848625701,0.00555576831505993,0.0135339870246537,0.0237079832522687,0.0336743126859968,0.0413555060790363,0.0456381535960944,0.0464060507302698,0.0442426053965664,0.0400581850873861,0.0347891883563937,0.0292169469297072,0.0238955905819215,0.0191546791886848,0.015141161344412,0.0118738280270428,0.00929405533414349,0.00730545296589695,0.00580089963240801,0.00467859128620304,0.00384991255549772,0.0032419606401112,0.0027970236731828,0.00247063958574448,0.00222924576479063,0.00204795524994801,0.00190867227378293,0.00179856870230892,0.00170885422303104,0.00163375608955706,0.00156964839721927,0.00151430860999768,0.00146630947446825,0.00142456652862493,0.00138805433385986,0.00135568489930972,0.00132631907250393,0.00129886442554382,0.00127240639184367,0.00124632407304202,0.00122035591160205,0.00119459908930345,0.00116944540910882,0.00114547162313294,0.00112331120797053,0.00110353669808027,0.00108657769535711,0.00107269159575145,0.00106199456455641,0.00105455204368875,0.00105052328081402,0.00105035431206256,0.00105501862188931,0.00106631320853369,0.0010872276777652,0.00112241194659996,0.00117877012377518,0.00126619978170207,0.00139847298721701,0.00159421490316813,0.00187787627508332,0.00228051978631002,0.00284015418331358,0.00360126791505316,0.00461315713160497,0.00592663993009676,0.00758883303965167,0.00963587059183399,0.0120837878026016,0.014918271416523,0.0180845510998154,0.0214792792917819,0.0249466770483407,0.028281327300062,0.03123958757422,0.0335605361663224,0.034995646100845,0.035344178264155,0.03448900760064,0.0324258613385987,0.0292784706890973,0.0252935248245037,0.0208128000260876,0.0162250207643199,0.0119057481227268,0.00815813144466758,0.00516881247580269,0.00299036150446027,0.0015544789125608,0.000710778030767767,0.000277740053968605,8.90650146398804e-05,2.2087846233432e-05,3.86343100082763e-06,4.0842952082821e-07,1.95367557621894e-08,2.20726292377605e-10,7.39899775823663e-14,0
0,6.7351123570026e-05,0.00125231242788998,0.00555012195838868,0.0135208833791786,0.0236855002362989,0.0336428157162785,0.0413172610355927,0.0455963699448222,0.0463639451155471,0.0442027811642812,0.0400223722408846,0.0347582571839024,0.0291910747821289,0.0238744803415183,0.019137764359506,0.0151277665914183,0.011863277855945,0.00928573695936211,0.00729884475719544,0.00579557692506473,0.00467421931310241,0.00384623349783517,0.0032387792213184,0.00279419371963571,0.00246805260703673,0.0022268217729247,0.00204563560273038,0.00190641416300382,0.00179634090676251,0.00170663382924991,0.00163152598895439,0.00156739545560986,0.00151202245111113,0.00146398181763596,0.00142219098274373,0.00138562649754158,0.0013532025781943,0.0013237824212939,0.00129627586293145,0.00126977021305955,0.00124364577654309,0.00121764133839642,0.00119185352482069,0.00116667280768341,0.00114267408523465,0.00112048878147245,0.00110068750424204,0.00108369831610894,0.00106977761647932,0.00105904115510957,0.00105155448184493,0.00104747737247811,0.0010472567318664,0.0010518672752285,0.00106310779029741,0.00108397066494212,0.00111911030493528,0.00117543802772802,0.00126286263678827,0.00139517299625543,0.0015910183199525,0.00187488232237916,0.00227787095905214,0.00283804729544334,0.00359996477651963,0.00461299318451098,0.00592802859382879,0.00759226302778606,0.00964189323241044,0.0120929916173554,0.0149312420949083,0.0181018166881017,0.0215012429300055,0.0249735427533009,0.0283130276797654,0.0312757252705302,0.0336003523597787,0.0350380286392038,0.0353877181810223,0.0345321057995334,0.0324668776924235,0.0293158973933061,0.0253261570573348,0.0208398727034893,0.0162462828609479,0.0119214566068903,0.00816896393348026,0.00517571723706222,0.002994379534862,0.00155657961601384,0.000711744103599735,0.00027811977559962,8.91875316243976e-05,2.21184296759811e-05,3.86881899691058e-06,4.09003789206968e-07,1.95644932647628e-08,2.21043600276402e-10,7.40983510741749e-14,0
0,6.70410422638447e-05,0.00125092031219548,0.00554509138874511,0.013509213318453,0.0236655103845939,0.0336148648199692,0.041283385740464,0.0455594265063752,0.0463267790272942,0.0441676828191877,0.039990853569193,0.0347310694513354,0.0291683596770171,0.0238559646288865,0.0191229411694083,0.0151160364893745,0.0118540437973559,0.00927845881972392,0.00729306366443848,0.00579091984267156,0.00467039246534785,0.00384301076444355,0.00323598935691639,0.00279170849640746,0.0024657767804209,0.00222468504364892,0.00204358637105384,0.00190441472895132,0.00179436377237351,0.00170465883554295,0.00162953811837027,0.00156538321241764,0.00150997677573862,0.00146189549032163,0.00142005843649558,0.00138344391084576,0.0013509680796387,0.00132149623210251,0.00129394023771189,0.00126738910700475,0.00124122425032497,0.00121518478721389,0.00118936686628965,0.00116415977425853,0.00114013674117967,0.00111792733184695,0.0010981003993761,0.00108108259627783,0.0010671294019905,0.00105635617542888,0.0010488285558923,0.00104470679694436,0.00104443859706252,0.00104899979816264,0.00106019082208933,0.00108100658578198,0.00111610555832119,0.00117240556202526,0.00125982551145627,0.00139216936524435,0.00158810791448295,0.00187215440385118,0.00227545348230775,0.00283611669864141,0.00359875539458514,0.00461280479055688,0.00592923006475553,0.00759528970782453,0.00964723537682922,0.0121011715136093,0.0149427782560516,0.0181171750207944,0.0215207770132649,0.0249974281641211,0.0283411982819541,0.0313078219243951,0.0336356958201769,0.0350756276679267,0.0354263204884071,0.0345702932123686,0.0325031985209284,0.0293490198058753,0.0253550195884745,0.0208638043594814,0.0162650677695609,0.0119353275810389,0.00817852440756216,0.00518180822406215,0.00299792236135572,0.00155843105513839,0.000712595189803612,0.00027845417057413,8.92953851042917e-05,2.21453438993101e-05,3.87355919705239e-06,4.09508889962471e-07,1.95888854217139e-08,2.21322612160151e-10,7.4193652956059e-14,0
0,6.67736228920369e-05,0.00124969842287955,0.00554066089672307,0.0134989492093146,0.0236479678002181,0.033590393079527,0.0412537941833891,0.0455272237035825,0.0462944464388122,0.0441372047452458,0.0399635292943468,0.0347075347609541,0.0291487223347597,0.023839975585976,0.0191101525087998,0.0151059234480293,0.0118460863207362,0.00927218797376967,0.00728808198139169,0.00578690473680887,0.00466709016641023,0.0038402260456541,0.00323357435714637,0.00278955241817531,0.00246379721531423,0.00222282105463516,0.00204179313892811,0.00190265944996233,0.00179262249871372,0.00170291402073161,0.00162777671977906,0.00156359527939235,0.0015081544932116,0.00146003264820169,0.00141815026229377,0.00138148715585674,0.00134896121112824,0.00131943957499745,0.00129183593757566,0.00126524084595814,0.0012390367224279,0.0012129630088242,0.00118711544220333,0.00116188225218509,0.0011378351652935,0.00111560205931876,0.00109575018579436,0.00107870490194806,0.00106472083421451,0.00105391297017413,0.00104634701801207,0.00104218365796423,0.00104187130603162,0.00104638682462784,0.00105753211134367,0.00107830435716602,0.00111336567163829,0.00116963969076297,0.00125705435024903,0.0013894270567424,0.00158544779789249,0.00186965605050241,0.00227323077755496,0.00283432644225605,0.00359760552271976,0.00461256089159755,0.00593021842039633,0.00759789472908304,0.00965188914988314,0.012108333375529,0.0149529030378461,0.0181306699328925,0.0215379491162429,0.0250184268196002,0.0283659595726559,0.0313360242240557,0.0336667367915485,0.035108632259906,0.0354601864628568,0.0346037752532114,0.0325350246032524,0.0293780255241262,0.0253802795020993,0.0208847363200338,0.016281488472213,0.0119474459004728,0.00818687228756995,0.0051871238625941,0.00300101265217759,0.00156004523657128,0.000713336880402833,0.000278745463189213,8.9389301252903e-05,2.21687722919251e-05,3.87768428615103e-06,4.09948348060122e-07,1.96101046045185e-08,2.21565326871843e-10,7.42765774931575e-14,0
0,6.65432885442548e-05,0.001248637955887,0.00553681563298239,0.0134900636192449,0.0236328263790123,0.0335693334482614,0.0412284007429772,0.0454996631063113,0.0462668432515087,0.0441112439023653,0.0399403026539117,0.0346875659533896,0.0291320867523967,0.0238264485343971,0.0190993442657774,0.0150973826506273,0.0118393684348221,0.00926689379694634,0.00728387412153671,0.00578350991371664,0.00466429366409703,0.00383786276041527,0.00323151919808743,0.00278771153322488,0.0024621006504365,0.0022212169338581,0.00204024318442626,0.00190113556243424,0.00179110412505603,0.00170138609989527,0.001626228080024,0.00156201743087134,0.00150654079930552,0.00145837786042587,0.00141645037327084,0.00137973947991358,0.00134716456442326,0.00131759441533493,0.00128994434659414,0.00126330628868603,0.00123706358648312,0.00121095598877469,0.00118507887717527,0.0011598195372204,0.00113574833866154,0.00111349162635563,0.00109361518732016,0.00107654318579648,0.00106252945390002,0.00105168862292198,0.0010440864475965,0.0010398839831803,0.00103953028641447,0.00104400313245657,0.00105510573416341,0.00107583730053721,0.00111086316205616,0.00116711208972831,0.00125451997863463,0.00138691608877361,0.00158300730826319,0.00186735617525802,0.00227117176685753,0.00283264613133699,0.00359648642629469,0.00461223575521614,0.00593097268508986,0.00760006406152559,0.00965585006955787,0.0121144852049696,0.0149616400414674,0.0181423436843088,0.0215528228467962,0.0250366256208414,0.028387422552035,0.0313604665734412,0.0336936306266145,0.0351372144184418,0.0354894987678504,0.034632737978298,0.0325625375063626,0.0294030839662787,0.0254020875174607,0.0209027959416268,0.016295646693495,0.0119578879055218,0.00819406099352363,0.00519169867557292,0.00300367076094629,0.00156143293491843,0.000713974190045718,0.000278995647424301,8.9469930728713e-05,2.21888790913747e-05,3.88122352145332e-06,4.10325317196791e-07,1.96283049452824e-08,2.21773530633498e-10,7.43477445961366e-14,0
0,6.63453342615174e-05,0.00124773117418287,0.00553354147161239,0.0134825293346472,0.02362003996611,0.0335516189704303,0.041207120384242,0.0454766475420229,0.0462438672876506,0.0440896997004197,0.039921079674766,0.0346710788083946,0.0291183798592368,0.023815321609841,0.019090464957429,0.0150903716941715,0.0118338553437321,0.00926254765639382,0.0072804163114719,0.00578071534432216,0.00466198575405866,0.00383590578951584,0.00322981026058885,0.00278617326407284,0.00246067519223743,0.00221986119216922,0.00203892520304978,0.00189983177199988,0.00178979722682403,0.00170006340406586,0.00162488019226521,0.00156063724602749,0.00150512279884373,0.00145691771260289,0.00141494480710248,0.00137818636112509,0.001345563063975,0.00131594514658332,0.00128824936416309,0.00126156888729506,0.00123528789818961,0.00120914643497354,0.00118323957174307,0.00115795375020364,0.00113385811482845,0.00111157761606653,0.00109167669965594,0.00107457842839938,0.00106053589164079,0.00104966337559688,0.00104202665773901,0.00103778711631939,0.00103739437162391,0.0010418270027544,0.00105288937599321,0.00107358246216791,0.00110857439710201,0.00116479842051371,0.00125219735170033,0.00138461075732574,0.0015807602074129,0.00186522824653856,0.0022692500286725,0.00283105007416797,0.00359537403656221,0.00461180815628291,0.00593147606766957,0.0076017873260883,0.00965911651442875,0.0121196367771665,0.014969013231018,0.0181522371597567,0.0215654583977666,0.0250521057756761,0.0284056901141707,0.031381272865531,0.0337165199424246,0.0351615315521186,0.0355144241548515,0.0346573508964074,0.0325859023746854,0.0294243490109143,0.0254205803644398,0.0209180986384219,0.0163076345334751,0.011966722656075,0.00820013881432228,0.00519556384823693,0.00300591506163673,0.00156260387092851,0.000714511640295386,0.000279206520195754,8.95378595686638e-05,2.2205812144069e-05,3.88420322595062e-06,4.10642633173713e-07,1.96436249547062e-08,2.21948827503127e-10,7.44077104400027e-14,0
0,6.61757815404897e-05,0.00124697122699792,0.00553082490157505,0.0134763193805808,0.0236095624878892,0.0335371829622579,0.041189868817358,0.0454580811798951,0.0462254182756508,0.0440724738861227,0.0399057689777389,0.0346579917902316,0.0291075312262466,0.0238065354552483,0.0190834654215921,0.0150848502895771,0.0118295141610222,0.0092591226410803,0.00727768633693513,0.00577850242440007,0.00466015055140457,0.00383434125549188,0.00322843511511855,0.00278492619391099,0.00245951009970719,0.00221874350343222,0.00203782908038928,0.00189873801620906,0.00178869166613952,0.00169893561688487,0.00162372247741933,0.00155944381420049,0.00150388919445152,0.00145564047890506,0.00141362138176233,0.0013768151484214,0.00134414359223712,0.00131447820212498,0.00128673700471375,0.00126001427635179,0.00123369495529127,0.00120751934978842,0.00118158226754996,0.00115626939589704,0.00113214877245769,0.00110984407843697,0.00108991852960977,0.00107279416960964,0.00105872339039985,0.00104782014105517,0.00104015019676046,0.00103587520652963,0.00103544527683299,0.00103983968131512,0.00105086377713435,0.00107152004132884,0.00110647900395119,0.00116267771941831,0.00125006492138667,0.00138248898120566,0.0015786840037069,0.00186324959104263,0.00226744308508706,0.0028295165618324,0.00359424823482219,0.0046112606833915,0.0059317153140857,0.00760305722415963,0.00966168926735946,0.0121237993417964,0.0149750468389049,0.0181603900260186,0.021575912999931,0.0250649435819114,0.0284208581801809,0.0313985579643263,0.0337355364252751,0.0351817285499919,0.0355351157306984,0.0346777693302084,0.0326052702758785,0.0294419612180099,0.0254358827837432,0.0209307495900784,0.0163175358441068,0.0119740129726752,0.00820514964135703,0.00519874770522112,0.00300776223144643,0.00156356686201463,0.000714953330023164,0.000279379709474353,8.95936184027346e-05,2.22197052408531e-05,3.88664720613053e-06,4.10902859110555e-07,1.96561897411942e-08,2.22092665210575e-10,7.44569764812298e-14,0
0,6.60312581374069e-05,0.00124635200208678,0.00552865294028627,0.0134714070405811,0.0236013480628402,0.0335259591604296,0.0411765626246893,0.0454438695937974,0.0462113978300383,0.0440594704413522,0.0398942816084101,0.034648225830397,0.0290994728201145,0.0238000329625718,0.0190782985584662,0.0150807800110989,0.0118263136713276,0.00925659333731638,0.00727566333191134,0.00577685377572977,0.00465877330161961,0.00383315634063169,0.00322738234405003,0.00278395989038291,0.00245859560695394,0.0022178545233689,0.00203694570490153,0.00189784526913306,0.00178777838642593,0.00169799355769129,0.00162274555456002,0.00155842749179153,0.0015028300294747,0.00145453585087549,0.00141246941040124,0.00137561476299134,0.00134289467842629,0.00131318173234328,0.00128539506430195,0.00125862993022901,0.00123227194690349,0.00120606167242963,0.00118009368361184,0.00115475299364486,0.00113060664054029,0.00110827714990791,0.00108832660857551,0.00107117611525181,0.00105707740459286,0.00104614409365721,0.0010384419293407,0.00103413277912747,0.00103366715836567,0.00103802492562439,0.00104901226623963,0.00106963290904717,0.00110455937214107,0.00116073188282089,0.00124810410340871,0.00138053174986572,0.00157675938101545,0.00186140080546474,0.00226573179999416,0.00282802725939097,0.00359309224684504,0.00461057915131674,0.00593168015795939,0.00760386905200407,0.00966357112523521,0.0121269853643787,0.0149797652785368,0.0181668408561576,0.0215842412948286,0.0250752110782156,0.0284330166439883,0.0314124289449884,0.0337508023437491,0.0351979395234575,0.0355517148627573,0.0346941364020372,0.0326207801749302,0.0294560496992375,0.0254481092121887,0.0209408451814344,0.0163254273900856,0.0119798163149661,0.00820913358777697,0.00520127611343464,0.00300922748976503,0.00156432994946709,0.000715302994924594,0.0002795166980674,8.9637690250893e-05,2.22306800940962e-05,3.88857710576764e-06,4.11108323755726e-07,1.96661128921854e-08,2.22206357075895e-10,7.44959971151438e-14,0
0,6.59088986166181e-05,0.00124586800475551,0.00552701306466793,0.0134677658756709,0.0235953510943813,0.0335178818435102,0.0411671193618302,0.0454339198083245,0.046201709427704,0.044050595491592,0.0398865308900735,0.0346417041415921,0.0290941387944626,0.0237957590547829,0.019074919113393,0.0150781240863562,0.0118242241311421,0.00925493564153799,0.00727432760307947,0.00577575308084132,0.00465784022364534,0.00383233913613209,0.00322664139453474,0.0027832647598369,0.00245792277659341,0.00221718573997323,0.00203626681339484,0.00189714538015432,0.00178704924295196,0.00169722900251732,0.00162194105133702,0.001557579701363,0.0015019364753049,0.00145359471280487,0.00141147946487449,0.00137457545032166,0.00134180623967962,0.0013120453357159,0.00128421284261026,0.00125740487706685,0.00123100766046544,0.00120476197980834,0.00117876221179265,0.00115339276791089,0.00112921978414677,0.00110686473421004,0.0010868886680734,0.00106971180680784,0.0010555852632378,0.00104462232513553,0.0010368886843325,0.00103254637456917,0.001032046243011,0.0010363686236495,0.00104732036763018,0.00106790620290854,0.00110280023474406,0.00115894523361232,0.00124629882798645,0.00137872265785629,0.00157496971703649,0.00185966526001004,0.00226409987085484,0.00282656669134017,0.00359189213058832,0.00460975210338414,0.00593136285445055,0.00760422028780458,0.00966476656565795,0.0121292083032839,0.0149831930651078,0.0181716272280889,0.0215904956425603,0.0250829765861766,0.0284422501630746,0.0314229861331335,0.0337624318187195,0.0352102892700387,0.0355643527814057,0.0347065847054681,0.0326325605969819,0.0294667336942558,0.0254573652037938,0.020948474217059,0.0163313798286026,0.0119841855233969,0.00821212751156131,0.0052031728224849,0.00301032480017302,0.00156490050602404,0.000715564057864065,0.000279618843743342,8.96705171234181e-05,2.22388480120039e-05,3.89001270565845e-06,4.11261153958099e-07,1.96734980695997e-08,2.22291100608994e-10,7.45251861798418e-14,0
0,6.58062619348109e-05,0.00124551425863047,0.00552589315599979,0.0134653697420058,0.0235915263482427,0.0335128859308083,0.0411614576373321,0.0454281403312393,0.0461962583815956,0.0440457572232624,0.0398824322954722,0.0346383520578563,0.0290914653119782,0.0237936605012482,0.0190732834936812,0.0150768472198621,0.0118232171018422,0.00925412660374944,0.00727366048329653,0.00577518494532968,0.00465733837933487,0.00383187851677388,0.00322620245640978,0.00278283192650599,0.00245748337832475,0.00221672934971818,0.00203578486323262,0.00189663094068165,0.00178649686274527,0.00169663453608367,0.00162130144715421,0.0015568927653322,0.0015012006551582,0.00145280895540062,0.00141064317933982,0.00137368857398921,0.0013408693655202,0.0013110598346193,0.00128318091089688,0.00125632945974425,0.00122989223660399,0.00120361023607063,0.00117757766161825,0.00115217838876116,0.00112797774072188,0.00110559623437501,0.0010855939671755,0.00106839034379763,0.0010542358867285,0.00104324355514328,0.00103547895844159,0.0010311042446039,0.00103057051596641,0.00103485847284233,0.00104577547055692,0.00106632698569318,0.00110118831542963,0.00115730415573255,0.00124463516102672,0.00137704751214143,0.00157330067683827,0.00185802867923931,0.00226253339937766,0.00282512180667068,0.00359063634280181,0.004608770390023,0.00593075778492083,0.00760411024068386,0.00966528146264569,0.0121304824179861,0.0149853547446772,0.0181747858032639,0.0215947263767256,0.0250883051627767,0.0284486388208635,0.0314303239772005,0.0337705318908596,0.0352188945050622,0.0355731519295187,0.034715237713936,0.0326407310293929,0.0294741239004926,0.025463748629177,0.020953718946769,0.0163354585369321,0.0119871694459645,0.00821416545767203,0.00520445975253612,0.00301106704130639,0.00156528532689224,0.000715739671487972,0.000279687396271552,8.96925056114016e-05,2.22443113172787e-05,3.89097217768764e-06,4.11363302202877e-07,1.96784403634262e-08,2.22347993299149e-10,7.45449224821934e-14,0
0,6.57212630363787e-05,0.0012452862241127,0.0055252814556812,0.0134641928068367,0.0235898290166795,0.0335109070624408,0.0411594971749285,0.0454264411750002,0.0461949518127216,0.0440448658088252,0.0398819033344254,0.0346380968966204,0.0290913903923092,0.0237936857608112,0.0190733496136225,0.015076915444241,0.0118232653093182,0.00925414429623246,0.00727364420898231,0.0057751347828369,0.00465725556457251,0.00383176403654184,0.00322605636063605,0.00278265313211545,0.0024572697881334,0.00221647815487636,0.00203549292640253,0.00189629517371907,0.00178611452854872,0.00169620342918687,0.00162081994320546,0.00155635976806074,0.00150061549781803,0.00145217132098075,0.00140995308689811,0.00137294644393991,0.00134007613815196,0.0013102170881811,0.00128229091807174,0.00125539513591319,0.0012289169638595,0.0012025975826748,0.00117653104622771,0.0011511007540276,0.00112687129859363,0.00110446232752143,0.00108443306332594,0.00106720215025726,0.00105301954850643,0.00104199788760666,0.00103420266672383,0.00102979609636533,0.00102922945795033,0.00103348370965832,0.00104436655044861,0.00106488395760379,0.00109971203086489,0.00115579678593105,0.00124310098452867,0.00137549400069955,0.00157173986970957,0.00185647878804775,0.00226102052872918,0.00282368161110794,0.00358931537230885,0.00460762681182984,0.0059298611216995,0.00760353975255349,0.00966512284439751,0.0121308226046004,0.0149862748313863,0.0181763523899307,0.0215969820163251,0.025091258979031,0.0284522586826894,0.0314345317819704,0.0337752034193305,0.0352238648994832,0.0355782271003753,0.0347202109692147,0.0326454031052907,0.0294783235961851,0.0254673506889024,0.020956655932387,0.0163377243121457,0.0119888134682903,0.00821527903213087,0.00520515723792289,0.00301146615150251,0.00156549070682401,0.000715832754320616,0.000279723511860454,8.97040316251796e-05,2.22471645499544e-05,3.89147230031857e-06,4.11416569975745e-07,1.96810274407583e-08,2.22378046025854e-10,7.45555544950965e-14,0
0,6.56521159898125e-05,0.00124517973124124,0.00552516652962415,0.0134642095626349,0.0235902147714516,0.0335118816637178,0.0411611588613698,0.0454287338695055,0.0461976986210876,0.0440478333386649,0.0398848634549072,0.0346408678391368,0.0290938537814477,0.0237957848479055,0.0190750767628869,0.0150782959943672,0.0118243425255955,0.00925496770311069,0.00727426181721054,0.00577558871870556,0.00465758021822207,0.0038319858414661,0.0032261944946043,0.00278272065226133,0.00245727490441882,0.00221642547815679,0.00203538460151298,0.00189613184217082,0.00178589608249199,0.00169592953691911,0.00162049035456393,0.00155597444128588,0.0015001746160414,0.00145167527465343,0.00140940248351291,0.0013723421732833,0.00133941948242597,0.00130950983585852,0.00128153542843827,0.00125459431051764,0.00122807410659995,0.00120171616226082,0.00117561440264521,0.00115015180627644,0.00112589231075982,0.00110345477541169,0.00108339761947265,0.00106613877813696,0.00105192767434106,0.00104087660546127,0.00103305093233072,0.0010286128766657,0.00102801382356399,0.00103223488146801,0.00104308393380097,0.0010635672134969,0.00109836123960187,0.0011544127536164,0.00124168572678155,0.00137405141267532,0.00157027655929432,0.00185500501250364,0.00225955113682877,0.00282223685604458,0.0035879214296259,0.0046063158172328,0.00592867054384061,0.00760251094494319,0.00966429868710382,0.0121302442551534,0.0149859777524236,0.0181763619944352,0.0215973094425705,0.025091897637695,0.0284531822634634,0.0314356943264936,0.033776541839613,0.035225303955711,0.0355796863985274,0.0347216130854987,0.0326466816039303,0.0294794295899665,0.0254682567706158,0.0209573567811294,0.016338233963342,0.0119891599624033,0.00821549771881559,0.00520528423351703,0.0030115332513637,0.00156552250544483,0.000715846021366098,0.000279728265401464,8.97054444138076e-05,2.22474954880342e-05,3.89152864150213e-06,4.11422627601513e-07,1.96813405218498e-08,2.22382194456609e-10,7.45574043525913e-14,0
0,6.55972866447993e-05,0.0012451909243141,0.00552553723947974,0.0134653948393408,0.0235926398072319,0.033515746996435,0.0411663647824067,0.0454349314677621,0.0462044094560111,0.0440545737588538,0.0398912339555139,0.0346465958263306,0.0290987968390574,0.0237999092178377,0.0190784254943345,0.0150809572005038,0.0118264234686603,0.00925657662715786,0.00727549705907607,0.00577653350903848,0.00465830134577312,0.00383253459664913,0.00322660873132515,0.00278302722658397,0.00245749207803499,0.00221656509156909,0.00203545394051455,0.00189613517253422,0.00178583584595761,0.00169580721400843,0.00162030702040812,0.00155573106876736,0.00149987220529315,0.00145131489694349,0.00140898531447698,0.00137186955869142,0.00133889304040387,0.00130893156652424,0.00128090778575751,0.00125392019534948,0.00122735676058916,0.00120095897070609,0.0011748206407057,0.00114932437885859,0.00112503353817333,0.00110256626493974,0.0010824802416003,0.00106519274162577,0.00105095267312815,0.00103987199756956,0.00103201590917297,0.00102754659002011,0.00102691545427221,0.00103110365405805,0.00104191909971417,0.0010623680379187,0.00109712703002823,0.00115314296113017,0.0012403801344353,0.00137271040190405,0.00156890141858158,0.00185359822689853,0.00225811657692294,0.00282077977531017,0.00358644818417815,0.00460483324635656,0.00592718499611975,0.00760102700409758,0.00966281773959803,0.0121287631374332,0.0149844878002129,0.0181748488632511,0.0215957540470326,0.0250902784406205,0.0284514789219859,0.0314338923856969,0.0337746378037248,0.0352233097479601,0.0355776320524412,0.0347195465989472,0.0326446652973973,0.0294775330248599,0.0254665471749817,0.0209558887669098,0.0163370408134991,0.0119882486671324,0.00821484914804555,0.00520485848973122,0.00301127874771871,0.00156538620267908,0.000715782010078042,0.000279702660862154,8.96970699778361e-05,2.22453860143087e-05,3.89115571406518e-06,4.11383031103352e-07,1.96794552098989e-08,2.22361308741187e-10,7.45507712501802e-14,0
0,6.55554531551533e-05,0.00124531621611819,0.00552638271927805,0.0134677238147701,0.0235970608768592,0.0335224411992265,0.0411750382490011,0.045444948545843,0.0462149966861337,0.0440650028140182,0.0399009379075746,0.0346552134675998,0.0291061624408007,0.0238060116680503,0.0190833575279759,0.015084868397219,0.0118294837173795,0.00925895161088699,0.00727733432652798,0.00577795647249277,0.00465940845512582,0.00383340142499892,0.00322729137006774,0.00278356600030901,0.00245791505378879,0.00221689115699912,0.0020356953875383,0.00189629979125286,0.00178592855277265,0.00169583124425107,0.00162026472918686,0.00155562440677629,0.0014997029592582,0.00145108479414313,0.00140869607953773,0.00137152298035878,0.00133849106633363,0.0013084764087485,0.00128040199921388,0.00125336669112683,0.00122675873161671,0.00120031973271006,0.00117414341592094,0.00114861206627754,0.00112428851771116,0.00110179027367994,0.0010816743417323,0.00106435737739802,0.00105008779411718,0.00103897721263386,0.0010310906322076,0.00102659014498451,0.00102592712045282,0.00103008264902413,0.00104086451222055,0.00106127873191106,0.00109600154115605,0.00115197939801453,0.00123917607979635,0.00137146278693867,0.001567606322665,0.0018522505397321,0.0022567094580232,0.00281930386231037,0.00358489054172506,0.00460317611397463,0.0059254044846856,0.00759909199860937,0.00966068937436703,0.0121263952926334,0.0149818290912296,0.0181718465178235,0.0215923598563419,0.0250864566144517,0.0284472151942584,0.0314292031716574,0.0337695777221513,0.0352179755492253,0.0355721611029494,0.0347141086876335,0.0326394476683584,0.0294727200600025,0.0254622977313731,0.0209523153574082,0.0163341951253032,0.0119861170109435,0.00821335932457647,0.00520389670110517,0.00301071242190893,0.0015650869458284,0.000715643102422866,0.000279647640117974,8.96792139700175e-05,2.22409128532918e-05,3.89036710785057e-06,4.11299236543856e-07,1.96754421971338e-08,2.22316201764295e-10,7.45359343412989e-14,0
0,6.55254730100532e-05,0.00124555225002442,0.00552769235635822,0.0134711720232606,0.0236034353196462,0.0335319033187651,0.0411871038154653,0.0454587011982299,0.0462293743693501,0.0440790379946183,0.0399139000854293,0.0346666549604996,0.0291158948932219,0.0238140462527205,0.0190898356683828,0.0150899998454218,0.0118334996389571,0.009262073869487,0.00727975859036262,0.00577984543261802,0.00466089150241807,0.00383457785563932,0.00322823508645612,0.00278433047517273,0.00245853792139178,0.00221739817644206,0.00203610372772217,0.00189662067150435,0.00178616929338352,0.00169599678156304,0.00162035865610864,0.00155564961766404,0.00149966199922113,0.00145098002332958,0.00140852975348279,0.001371297318192,0.00133820833858365,0.00130813903871361,0.00128001264762184,0.00125292828835229,0.00122627443337719,0.00119979279703652,0.00117357702236405,0.00114800911490677,0.00112365145081316,0.00110112095643434,0.00108097402228417,0.00106362672660119,0.00104932700631476,0.0010381861357692,0.00103026889091941,0.00102573722427492,0.00102504238786797,0.00102916530628421,0.00103991347849392,0.00106029246653038,0.00109497781102922,0.00115091498387899,0.00123806639776877,0.00137030138180935,0.00156638417331642,0.00185095511251115,0.00225532345896294,0.00281780368123933,0.00358324445575944,0.0046013424255303,0.00592332990377872,0.00759671072470444,0.00965792346106808,0.012123156948353,0.0149780255308273,0.018167387783845,0.0215871696376727,0.025080485501803,0.0284404550760088,0.0314217007078059,0.0337614442235654,0.0352093903632968,0.0355633659875794,0.0347053917827425,0.0326311175195187,0.0294650724496267,0.0254555803208659,0.0209466966618678,0.0163297444629954,0.0119828003863169,0.00821105282140468,0.00520241463263127,0.00300984350486087,0.00156462958961097,0.000715431543647504,0.000279564090466192,8.96521641636915e-05,2.22341481984555e-05,3.88917560221297e-06,4.11172612237325e-07,1.96693678662721e-08,2.22247636178071e-10,7.45131552069466e-14,0
0,6.55063554583514e-05,0.00124589586853031,0.00552945577570002,0.013475715362668,0.0236117210837719,0.0335440733332989,0.0412024872909249,0.0454761070294189,0.0462474582228046,0.0440965984880388,0.0399300469036308,0.0346808560195879,0.0291279398591536,0.0238239682085083,0.0190978237333211,0.0150963226653272,0.0118384483268189,0.00926592523360428,0.0072827553474814,0.00578218866894044,0.00466274084617581,0.0038360557803347,0.00322943289039234,0.00278531446810849,0.00245935507422534,0.00221808095021388,0.00203667404428593,0.00189709308860318,0.00178655346809918,0.00169629930062721,0.00162058431081419,0.00155580221424725,0.00149974481492369,0.00145099602953608,0.00140848171955197,0.00137118788148087,0.00133804008568139,0.00130791460281142,0.00127973479884053,0.00125259998384479,0.00122589880143136,0.00119937304819399,0.00117311630230756,0.00114751033074981,0.00112311710944309,0.00110055304938773,0.00108037397833006,0.00106299543509198,0.00104866489650846,0.00103749328410915,0.0010295451222907,0.00102498217487356,0.00102425550466625,0.00102834576771472,0.00103906002882753,0.00105940315883941,0.00109404964837174,0.00114994343534021,0.00123704474775727,0.0013692198526701,0.0015652287503693,0.0018497060062148,0.00225395317081677,0.00281627470705949,0.00358150676761667,0.00459933102113728,0.00592096288878053,0.00759388857502099,0.00965453025924966,0.0121190644448216,0.0149731007834629,0.0181615048162186,0.0215802249884536,0.0250724167237954,0.0284312602628829,0.0314114561470793,0.0337503165457214,0.0351976393771746,0.0355513350375106,0.0346934840884446,0.0326197594920775,0.0294546680356505,0.0254464633212533,0.0209390898121708,0.0163237340003427,0.0119783323833016,0.00820795294475833,0.00520042722731339,0.00300868074101462,0.00156401873026199,0.000715149458265845,0.000279452851027318,8.96161925560471e-05,2.22251602467827e-05,3.88759326191091e-06,4.11004449161936e-07,1.96612948034613e-08,2.22156330401665e-10,7.4482679963649e-14,0
0,6.54972384084218e-05,0.00124634408709597,0.00553166282695297,0.0134813300998373,0.0236218767436346,0.0335588921697628,0.041221115745251,0.0454970851424984,0.0462691655930558,0.0441176051329737,0.0399493063600195,0.0346977538129879,0.0291422442919558,0.0238357338896374,0.0191072864917602,0.0151038087785395,0.0118443075471887,0.00927048810031971,0.00728631057585365,0.00578497487531412,0.00466494720837341,0.00383782741656351,0.00323087809046855,0.00278651207636348,0.00246036117457577,0.0022189345417658,0.00203740168242975,0.00189771258252904,0.00178707674783426,0.00169673455547812,0.00162093749347651,0.00155607801314998,0.00149994721493633,0.00145112859300698,0.00140854771350393,0.00137119034978183,0.00133798192409684,0.00130779865248173,0.00127956394188068,0.00125237721036664,0.0012256272206159,0.00119905583187447,0.00117275656989485,0.00114711100148623,0.00112268075657877,0.00110008178903935,0.00107986941490915,0.00106245866900044,0.00104809658293695,0.00103689371841036,0.0010289143201571,0.00102431991494469,0.00102356130565602,0.00102761877856044,0.00103829881493293,0.00105860536681735,0.00109321152380553,0.00114905915323724,0.00123610549660041,0.00136821259626237,0.00156413458570558,0.00184849805109668,0.00225259396325783,0.00281471318977802,0.0035796750708531,0.0045971414432586,0.0059183056915789,0.0075906314273469,0.00965052032744919,0.0121141341724977,0.0149670782477341,0.0181542291206801,0.0215715664131039,0.0250623003187959,0.0284196903553082,0.0313985380431764,0.0337362708686722,0.0351828043466972,0.0355361529011588,0.0346784700250143,0.032605454507654,0.0294415811675756,0.0254350119864104,0.0209295492877198,0.0163162067832143,0.0119727449886614,0.00820408187479289,0.00519794869789593,0.00300723244284935,0.0015632587346216,0.000714798863696787,0.000279314718206833,8.95715571628807e-05,2.2214013654978e-05,3.88563151895913e-06,4.10795969849182e-07,1.96512822363063e-08,2.22042963746108e-10,7.44447410648986e-14,0
0,6.54973690475835e-05,0.00124689407233258,0.00553430357360483,0.01348799287468,0.0236338615129112,0.0335763017154972,0.041242917510405,0.0455215561252692,0.0462944154264729,0.0441419803766521,0.0399716079837848,0.0347172869054621,0.0291587563771801,0.0238493007108031,0.0191181896097311,0.0151124308577568,0.0118510556929187,0.00927574539095978,0.00729041069589864,0.0057881931243215,0.00466750164124169,0.00383988527611795,0.00323256426376843,0.00278791764795256,0.00246155112423622,0.00221995424797311,0.00203828221888806,0.00189847492635881,0.00178773504106556,0.00169729854466375,0.0016214142578865,0.00155647309557503,0.00150026528492686,0.0014513737848318,0.0014087237765453,0.00137130072313846,0.0013380298058173,0.00130778708926696,0.00127949592961601,0.00125225577720205,0.00122545546371103,0.00119883689191902,0.00117249354657753,0.00114680683050307,0.00112233807889923,0.00109970284354603,0.00107945597697059,0.00106201204317971,0.00104761764211834,0.00103638296811543,0.00102837195835142,0.00102374585489867,0.00102295513111892,0.0010269796038105,0.0010376250236691,0.00105789420020648,0.00109245847755706,0.00114825712693455,0.00123524361923263,0.00136727463677668,0.00156309685631112,0.0018473267361828,0.00225124187112844,0.00281311603925252,0.00357774759614727,0.00459477382442955,0.00591536107485179,0.00758694555031101,0.00964590444625143,0.0121083825194367,0.0149599810356802,0.0181455915728348,0.0215612333890806,0.0250501848613532,0.0284058030338348,0.0313830125825378,0.0337193805996026,0.035164963926081,0.0355179009060868,0.0346604306073907,0.0325882801458024,0.029425883061173,0.0254212887703523,0.0209181271929574,0.0163072039538847,0.0119660687559972,0.00819946078578792,0.0051949926052324,0.0030055065374698,0.00156235376498926,0.000714381681918323,0.000279150450362807,8.95185035525584e-05,2.22007699294328e-05,3.88330124260432e-06,4.10548335984638e-07,1.96393864084686e-08,2.21908180798188e-10,7.43995588427218e-14,0
0,6.55060875573461e-05,0.0012475431237748,0.00553736828384705,0.0134956807029874,0.0236476352539577,0.0335962448254375,0.0412678221779743,0.0455494420343708,0.0463231282399018,0.0441696482345197,0.0399968827877685,0.0347393952069898,0.0291774254804862,0.0238646270966547,0.0191304996027662,0.0151221622828575,0.0118586717433873,0.00928168051461732,0.00729504253722536,0.00579183283671853,0.00467039549886516,0.00384222213830494,0.00323448523015297,0.00278952575655019,0.00246292003956867,0.00222113557397105,0.00203931143617841,0.00189937609959827,0.00178852446594492,0.00169798748186591,0.00162201088033806,0.00155698377424658,0.00150069535249431,0.00145172792955082,0.00140900621564137,0.00137151528008681,0.00133817997409489,0.00130787611840335,0.00127952693036447,0.00125223181990486,0.00122537963954186,0.00119871231695009,0.00117232330642738,0.00114659388099166,0.00112208512972047,0.00109941225449923,0.00107912968994791,0.0010616515604974,0.001047224046753,0.0010359569677466,0.00102791392545905,0.00102325583037351,0.00102243275787339,0.00102642395718609,0.00103703430377682,0.00105726524479352,0.00109178604106721,0.00114753285303672,0.00123445461430211,0.00136640153823907,0.00156211129342709,0.00184618811540171,0.00224989349808862,0.00281148072735197,0.00357572311356348,0.00459222879195374,0.00591213222239128,0.0075828375234771,0.0096406935532445,0.0121018258270415,0.0149518319558408,0.0181356224351885,0.0215492644241,0.0250361175646285,0.0283896542097766,0.031364943783387,0.0336997166170325,0.0351441939503115,0.0354966573690285,0.0346394437693855,0.0325683109672699,0.029407642105582,0.0254053536046619,0.0209048734949385,0.0162967649430422,0.0119583329513752,0.00819410994903626,0.00519157192537008,0.00300351060648593,0.0015613078004007,0.000713899749444573,0.000278960771802041,8.94572661593888e-05,2.21854877601376e-05,3.8806127992485e-06,4.10262654917605e-07,1.9625660900538e-08,2.2175259517632e-10,7.43473428288299e-14,0
0,6.55228134090755e-05,0.00124828865860902,0.00554084742278581,0.0135043709781056,0.0236631584840895,0.0336186653254944,0.0412957605935407,0.0455806663777894,0.0463552260916238,0.0442005342520442,0.0400250632243798,0.0347640199260037,0.0291982021008343,0.0238816724368126,0.0191441837938687,0.0151329771023406,0.011867135229482,0.00928827733645133,0.00730019330985281,0.00579588375509458,0.0046736204127774,0.00384483102698557,0.00323663503028444,0.00279133118007949,0.00246446323027912,0.00222247421177429,0.00204048530075531,0.00190041226558794,0.00178944132669861,0.00169879777105847,0.00162272383333591,0.00155760656548702,0.00150123395746828,0.00145218757356971,0.00140939156998295,0.00137183054216016,0.00133842892602422,0.00130806220955355,0.00127965338689705,0.00125230175773127,0.00122539614899316,0.00119867849511909,0.00117224222974361,0.00114646852850519,0.00112191828055092,0.00109920638748197,0.00107888690928169,0.00106137356025723,0.00104691211295579,0.00103561200284725,0.00102753646936011,0.00102284604526336,0.00102199034066786,0.00102594794076452,0.00103652270358341,0.00105671449802561,0.00109119017033303,0.00114688226626631,0.00123373443241449,0.00136558933000725,0.00156117410529772,0.00184507872776911,0.00224854593470205,0.00280980520479732,0.00357360084951108,0.00458950738697839,0.00590862266303254,0.00757831416967463,0.00963489868811367,0.0120944803529983,0.0149426534996102,0.0181243513726272,0.0215356971060579,0.0250201443690474,0.0283712981551563,0.0313443936671204,0.0336773474808614,0.0351205676778545,0.0354724978622139,0.0346155846420896,0.0325456187915109,0.0293869241268948,0.0253872641365693,0.0208898362271813,0.0162849276345283,0.0119495656782616,0.00818804882110953,0.00518769910709772,0.00300125192022237,0.00156012465487938,0.000713354825884184,0.000278746376208053,8.93880694102973e-05,2.21682233071394e-05,3.87757610385907e-06,4.09939985246362e-07,1.9610156905368e-08,2.21576792753886e-10,7.42882928887343e-14,0
0,6.5547033813598e-05,0.00124912819884263,0.0055447316457201,0.0135140414715931,0.0236803923792027,0.0336435080127303,0.0413266648484165,0.0456151540960527,0.0463906325526159,0.0442345654683602,0.0400560831445966,0.0347911035265809,0.029221037828138,0.0239003970455529,0.0191592102761377,0.0151448499992669,0.0118764262028501,0.00929552014999509,0.00730585057918414,0.00580033592106075,0.00467716827090072,0.00384770519082245,0.00323900790677235,0.00279332888238693,0.00246617618128985,0.00222396602205028,0.00204179994441773,0.00190157975230205,0.00179048209359635,0.00169972598544468,0.00162354976332023,0.00155833816557206,0.00150187782676534,0.00145274945842116,0.00140987658259483,0.0013722432438269,0.00133877338083526,0.00130834206352063,0.00127987198167332,0.00125246225752097,0.00122550164766967,0.00119873207567387,0.001172246963636,0.00114642742063566,0.0011218341799037,0.00109908189002077,0.00107872427748203,0.00106117467431644,0.00104667845535445,0.00103534466397602,0.0010272361500276,0.00102251302322436,0.00102162436229112,0.00102554799358113,0.00103608661796864,0.00105623831419665,0.00109066718915733,0.00114630168061609,0.00123307941504359,0.00136483444334533,0.0015602819114111,0.00184399552945688,0.00224719668873516,0.00280808783042659,0.00357138041614946,0.00458661099575648,0.00590483620612606,0.0075733824977284,0.00962853094637253,0.012086362240369,0.0149324678304744,0.0181118074666893,0.0215205681468948,0.0250023100194309,0.0283507876152842,0.0313214224064486,0.0336523396136602,0.0350941559999411,0.0354454954428558,0.0345889257936456,0.032520272935596,0.029363792615004,0.025367075933798,0.0208730616650296,0.0162717285070303,0.011939793984967,0.00818129611975762,0.00518338612142661,0.0029987374671306,0.00155880799312776,0.000712748601297892,0.000278507929588,8.93111286933766e-05,2.21490304467968e-05,3.87420066416449e-06,4.0958134161979e-07,1.95929234647942e-08,2.21381334430755e-10,7.42226001970597e-14,0
0,6.55782939713368e-05,0.00125005936049252,0.00554901179226537,0.0135246703329696,0.0236992987751274,0.0336707186528381,0.0413604682691899,0.0456528315423665,0.046429272678117,0.0442716703815143,0.0400898777596051,0.0348205896889964,0.0292458853046983,0.0239207621254387,0.0191755478793219,0.0151577562609929,0.0118865252087418,0.00930339365283335,0.00731200224413298,0.00580517965539774,0.00468103119928847,0.00385083808621371,0.00324159828793188,0.00279551399749725,0.0024680545371999,0.00222560701852691,0.00204325164843266,0.00190287503597893,0.00179164338589798,0.00170076884954656,0.00162448547174252,0.0015591754306562,0.00150262385305087,0.00145341049807698,0.0014104581762441,0.00137275030697638,0.00133921025297477,0.00130871258397839,0.00128017960730375,0.00125271020299546,0.00122569301414339,0.001198869936264,0.00117233438848085,0.00114646744268753,0.00112182971822453,0.00109903565577242,0.00107863868755052,0.00106105178969651,0.00104651994882685,0.00103515180749886,0.00102700979929693,0.00102225356633987,0.00102133159104634,0.00102522084781603,0.00103572274315627,0.00105583335772166,0.00109021374077268,0.00114578773918663,0.00123248624246148,0.00136413365736796,0.00155943168646255,0.00184293583591894,0.00224584362579511,0.00280632731098227,0.00356906175133932,0.00458354129124365,0.005900776886808,0.00756804965402713,0.00962160144045296,0.0120774874919528,0.0149212967757573,0.0180980192288997,0.021503913421429,0.0249826581324737,0.028328173906745,0.0312960884539692,0.0336247574577332,0.0350650276216572,0.0354157208515428,0.0345595374363951,0.032492340420506,0.0293383089194016,0.025344842661316,0.0208545944769201,0.0162572027562791,0.0119290439572889,0.00817386988934222,0.00517864450424265,0.0029959739791389,0.00155736134405001,0.000712082702538763,0.000278246072811959,8.92266511924131e-05,2.21279609839496e-05,3.87049561873162e-06,4.09187698874223e-07,1.95740076735821e-08,2.21166758521197e-10,7.41504480779491e-14,0
0,6.56161888297172e-05,0.00125107984444604,0.00555367888114752,0.0135362360886613,0.0237198401670476,0.0337002439753503,0.0413971054054505,0.0456936264618967,0.046471072979499,0.0443117789151046,0.040126383604709,0.034852423273147,0.0292726981898508,0.0239427297342976,0.0191931661396979,0.0151716717521082,0.0118974132618833,0.00931188292511739,0.00731863651790183,0.00581040554069179,0.00468520154622135,0.00385422336248119,0.00324440077373286,0.00279788181603025,0.00247009408891248,0.00222739335460414,0.00204483682992989,0.00190429472711823,0.00179292195728877,0.00170192322392837,0.00162552789894189,0.00156011535968289,0.00150346907658324,0.00145416775964989,0.00141113343294975,0.00137334881921695,0.00133973662920499,0.0013091708534135,0.00128057334140431,0.00125304266861238,0.00122596732290329,0.00119908915507846,0.00117250158932598,0.00114658568840806,0.00112190199797886,0.0010990647939729,0.00107862725177138,0.00106100201667778,0.0010464336958468,0.00103503052212532,0.00102685448652731,0.00102206471983806,0.00102110904445075,0.00102496349139464,0.00103542803812371,0.00105549656325236,0.00108982674654987,0.00114533737137288,0.00123195188930132,0.0013634840529151,0.00155862071254948,0.00184189727253379,0.0022444849187264,0.00280452264981647,0.00356664506753643,0.00458030018346356,0.00589644891959095,0.00756232288160741,0.00961412126706459,0.012067871949156,0.0149091618205463,0.0180830146133706,0.0214857680019949,0.0249612312561205,0.0283035070030999,0.0312684486542408,0.0335946636117301,0.0350332492192212,0.0353832426843603,0.0345274876064466,0.0324618861498456,0.0293105324187121,0.0253206162343099,0.0208344778552566,0.01624138440074,0.0119173407986197,0.00816578755740431,0.00517348539317219,0.00299296795355966,0.00155578811243655,0.000711358698729862,0.000277961423806497,8.91348366077261e-05,2.21050648351697e-05,3.86646976985053e-06,4.08759995605952e-07,1.95534548555432e-08,2.20933582815893e-10,7.40720127307777e-14,0
0,6.56603561041369e-05,0.00125218742870963,0.00555872410552765,0.013548717640234,0.0237419797072737,0.0337320316669372,0.0414365120160044,0.0457374679703718,0.0465159613964408,0.0443548223861426,0.0401655385051923,0.0348865502844315,0.0293014311273526,0.0239662627550426,0.019212035272767,0.0151865728900843,0.0119090718249113,0.00932097341047665,0.00732574191099759,0.00581600440606662,0.00468967186828474,0.0038578548489543,0.00324741012358907,0.00280042777343249,0.00247229076208031,0.00222932131181357,0.00204655203020008,0.00190583555846032,0.00179431468339794,0.00170318609212479,0.00162667411036565,0.00156115507979371,0.00150441066972394,0.00145501844693617,0.00141189957651268,0.00137403601537378,0.00134034974907712,0.00130971411260897,0.00128105042514694,0.00125345689725648,0.00122632182126768,0.00119938698705831,0.00117274583147161,0.00114677943498603,0.0011220483080963,0.00109916660333216,0.00107868727504066,0.00106102266153049,0.00104641699857274,0.00103497810030372,0.00102676748924797,0.00102194374193048,0.00102095395820408,0.00102477313601694,0.00103519969161427,0.0010552251015847,0.0010895033707052,0.00114494775627427,0.00123147358658526,0.00136288297314538,0.00155784653834122,0.00184087773246572,0.00224311900443308,0.00280267310315939,0.00356413080827294,0.00457688977731739,0.00589185665902374,0.00755620948562954,0.00960610147989583,0.0120575312747169,0.0148960841035044,0.0180668210288245,0.0214661661895764,0.0249380709221284,0.0282768356102322,0.031238558341927,0.0335621189499774,0.0349988855771271,0.035348127542781,0.0344928423198975,0.0324289730652013,0.0292805206679774,0.0252944469510158,0.0208127536299999,0.0162243063733114,0.0119047088994274,0.00815706598371339,0.00516791955954015,0.0029897256720761,0.00155409158908887,0.000710578106009898,0.000277654579454791,8.90358777804817e-05,2.20803901874516e-05,3.86213161200857e-06,4.0829913726421e-07,1.9531308715997e-08,2.20682306366833e-10,7.39874638582928e-14,0
0,6.57104703597068e-05,0.00125337996181013,0.00556413882874751,0.0135620942620021,0.0237656812016124,0.0337660303631009,0.04147862505384,0.0457842865321486,0.0465638672694019,0.044400733473994,0.0402072815438756,0.0349229178417429,0.0293320397151141,0.0239913248679202,0.0192321261483524,0.0152024366232288,0.0119214827889798,0.00933065089895924,0.00733330721613834,0.00582196731368553,0.00469443491811749,0.00386172654365148,0.00325062124569719,0.00280314743973589,0.00247464060707931,0.00223138728983033,0.00204839390459051,0.00190749437462893,0.00179581855106476,0.00170455454941807,0.00162792128475556,0.0015622918338333,0.00150544592368406,0.00145595988634308,0.00141275395758272,0.00137480926167631,0.00134104698824367,0.00131033974310878,0.00128160824492389,0.00125395028116524,0.00122675390963968,0.00119976084354939,0.00117306453957833,0.00114704612165788,0.00112226610209893,0.00109933854968914,0.0010788162320348,0.00106111120316953,0.00104646733495147,0.00103499201373036,0.00102674626802579,0.0010218880779885,0.0010208637596205,0.00102464718978624,0.00103503509389674,0.00105501635047491,0.00108924099009213,0.00114461629138042,0.00123104878923323,0.00136232798982621,0.00155710694416406,0.00183987534064905,0.00224174454700163,0.00280077814280704,0.00356151961108111,0.0045733123367171,0.00588700456636015,0.00754971680429148,0.00959755306686609,0.0120464809387247,0.0148820844143109,0.0180494653501597,0.0214451415419994,0.0249132176928844,0.0282482072329421,0.0312064714281587,0.0335271827271828,0.0349619997082339,0.0353104401647239,0.0344556657092725,0.0323936622817009,0.029248329527077,0.0252663836084646,0.0207894623675963,0.016206000601151,0.0118911718977159,0.00814772150293482,0.00516195743616146,0.00298625321724899,0.00155227495961963,0.000709742391657009,0.000277326117247412,8.89299612349788e-05,2.20539836360277e-05,3.85748935661442e-06,4.0780599883637e-07,1.95076114741111e-08,2.20413411036395e-10,7.38969652116739e-14,0
0,6.5766237984766e-05,0.0012546553571555,0.00556991458040823,0.0135763455980879,0.0237909091045439,0.0338021896385219,0.0415233826500623,0.0458340139378622,0.0466147213123941,0.0444494461902741,0.0402515530301466,0.0349614741472827,0.0293644804769438,0.0240178805248346,0.0192534102677441,0.0152192404106006,0.0119346284562137,0.00934090151169501,0.00734132149476369,0.00582828554675235,0.00469948363357399,0.00386583260331117,0.00325402918768352,0.00280603651060376,0.00247713979026962,0.00223358779779171,0.00205035921374487,0.00190926812317211,0.00179743064907299,0.00170602579316831,0.00162926670398544,0.00156352296961508,0.0015065722371504,0.00145698951482122,0.0014136940408598,0.00137566604220985,0.00134182584416234,0.00131104525219582,0.00128224431663885,0.00125452034558514,0.00122726112458691,0.00120020827486262,0.00117345527975781,0.00114738333136584,0.00112255297934773,0.00109957824685084,0.0010790117476314,0.00106126527313383,0.00104658233822447,0.00103506989234588,0.00102678844491183,0.00102189533839767,0.00102083604484551,0.00102458323373883,0.00103493181255168,0.00105486786961942,0.00108903716830644,0.00114434056573298,0.00123067514822287,0.00136181687445891,0.00155639991210752,0.00183888842297117,0.0022403604061742,0.00279883742426168,0.00355881227589118,0.00456957025409394,0.00588189718133779,0.00754285218437097,0.00958848693125573,0.0120347362074511,0.014867183192502,0.0180309739296468,0.0214227268996519,0.0248867112033681,0.0282176682341356,0.0311722404769146,0.0334899126707393,0.0349226529593929,0.0352702435396334,0.0344160201431688,0.0323560132067648,0.0292140132731282,0.0252364736037165,0.0207646434574504,0.016186498075416,0.0118767527318227,0.00813776996187313,0.00515560914159066,0.00298255648691483,0.00155034131212644,0.000708852977683711,0.000276976596721037,8.88172676511528e-05,2.20258903044214e-05,3.85255095353077e-06,4.07281427186028e-07,1.94824039781077e-08,2.20127362845556e-10,7.38006750647918e-14,0
0,6.58273929151529e-05,0.00125601158819497,0.00557604305271341,0.0135914516590032,0.0238176285133874,0.0338404599962789,0.0415707240969843,0.0458865832817638,0.04666845558605,0.0445008958496001,0.0402982944702817,0.0350021684579583,0.0293987108360315,0.0240458949254575,0.0192758597426006,0.0152369622036045,0.0119484915237381,0.0093517116870255,0.00734977406490831,0.0058349505987846,0.00470481112808458,0.00387016733456567,0.00325762912835694,0.00280909079946477,0.00247978458634376,0.00223591944671814,0.0020524448159761,0.00191115384678117,0.00179914816012177,0.00170759711445119,0.00163070774428829,0.00156484593066868,0.00150778710649345,0.00145810486948517,0.00141471739409328,0.0013766039472759,0.00134268392381716,0.00131182825999129,0.00128295627221706,0.00125516473473617,0.00122784112430972,0.00120072695529499,0.00117391574418926,0.0011477887750015,0.00112290666893154,0.0010998834401305,0.00107927158008756,0.00106148263838546,0.00104675977932083,0.00103520950629069,0.00102689178492517,0.00102196327953395,0.00102086855928605,0.00102457900168551,0.00103488757167674,0.00105477737917052,0.00108888963345458,0.00114411833688931,0.0012303504867002,0.00136134757351121,0.00155572360039688,0.00183791547987323,0.00223896561036934,0.00279685075950769,0.00355600973808378,0.00456566602447896,0.00587653909830521,0.00753562296070781,0.00957891387613999,0.0120223121345823,0.0148514005275149,0.0180113726078253,0.0213989544091123,0.0248585901989998,0.0281852638877295,0.031135916772927,0.0334503650624973,0.0348809051047867,0.035227599009979,0.0343739663316295,0.0323160836445682,0.0291776246992661,0.0252047630227559,0.020738335187804,0.0161658289124214,0.0118614736866939,0.00812722675210024,0.00514888450135748,0.00297864120678962,0.00154829364390668,0.000707911243981615,0.000276606560716579,8.86979722776498e-05,2.19961539493701e-05,3.84732410988805e-06,4.06726243095286e-07,1.94557258058669e-08,2.19824613150854e-10,7.36987466280722e-14,0
0,6.58936929913947e-05,0.00125744668424656,0.00558251609702217,0.0136073928178149,0.0238458051616095,0.0338807928561304,0.0416205898305338,0.0459419289388328,0.0467250034709889,0.0445550190411141,0.0403474485389056,0.0350449510581599,0.0294346890899386,0.0240753339948801,0.0192994472753604,0.0152555804290246,0.0119630550690575,0.00936306816788727,0.00735865449023821,0.00584195416397019,0.00471041068203473,0.00387472518608532,0.00326141637040003,0.00281230623056858,0.00248257137159465,0.0022383789428663,0.0020546476605964,0.0019131486765041,0.00180096835383977,0.00170926589079821,0.00163224186865514,0.00156625824823671,0.00150908811730952,0.00145930357865815,0.00141582167859848,0.00137762066336391,0.00134361893314415,0.00131268648834762,0.00128374184799255,0.00125588119973008,0.00122849167613242,0.00120131467023556,0.00117444373787678,0.00114826027784204,0.00112332501579785,0.00110025199217662,0.00107959360655957,0.00106176118650325,0.00104699755170213,0.00103540875037419,0.00102705418011738,0.00102208978739274,0.00102095918077127,0.00102463236286799,0.00103490023399817,0.00105474274125778,0.00108879625903631,0.00114394751111844,0.00123007277944947,0.00136091818714251,0.00155507632139379,0.0018369551637082,0.0022375593335711,0.00279481809373109,0.00355311304550323,0.00456160222347483,0.00587093494605079,0.00752803643904136,0.00956884459163763,0.0120092235544983,0.0148347561597576,0.0179906867241474,0.0213738555450055,0.0248288925699935,0.0281510384262127,0.0310975503823787,0.0334085948115752,0.03483681442881,0.0351825663611966,0.0343295634193651,0.0322739298883356,0.0291392152018239,0.0251712967188754,0.0207105748125928,0.0161440224074896,0.0118453564346059,0.00811610683865115,0.00514179306663387,0.00297451294154318,0.0015461348673552,0.00070691853108234,0.00027621653648337,8.85722452942275e-05,2.19648170528461e-05,3.84181630657916e-06,4.06141243054692e-07,1.94276153530684e-08,2.19505599675163e-10,7.35913284107882e-14,0
0,6.59649168502149e-05,0.00125895872688269,0.00558932572056963,0.0136241498059521,0.0238754054114114,0.0339231405420183,0.0416729214121099,0.0459999865417417,0.0467842996414813,0.0446117536007096,0.0403989590514642,0.0350897732337511,0.0294723743869025,0.024106164362602,0.0193241461409602,0.0152750739732992,0.0119783025365936,0.00937495799026988,0.00736795257008176,0.00584928812844931,0.00471627573501302,0.00387950074154894,0.00326538633385792,0.00281567883282421,0.00248549661796411,0.00224096308187206,0.00205696478205772,0.00191524982580037,0.00180288858068121,0.00171102957986859,0.00163386662022356,0.00156775753432665,0.00151047293708962,0.00146058335411986,0.00141700464105582,0.00137871396448597,0.00134462866789897,0.00131361775125984,0.00128459887468535,0.00125666758814454,0.00122921064571006,0.00120196930504064,0.00117503716722433,0.00114879576784856,0.00112380596878822,0.00110068187074862,0.00107997581061246,0.00106209891291228,0.00104729365829209,0.00103566563068178,0.00102727363583215,0.00102227286347475,0.00102110590503653,0.00102474130701034,0.00103496778545527,0.00105476194406718,0.00108875504747765,0.00114382612634799,0.00122984013522233,0.00136052695090231,0.00155445652268563,0.00183600625929802,0.00223614087551177,0.00279273948539716,0.00355012333884377,0.0045573814885417,0.00586508937078444,0.00752009988170617,0.00955828964455729,0.011995485077295,0.0148172694825547,0.0179689411274084,0.0213474611303454,0.0247976553827273,0.0281150350836507,0.0310571902074522,0.033364655519527,0.034790437800032,0.0351352039017709,0.0342828690686104,0.0322296068022585,0.029098834857619,0.0251361183820949,0.0206813986106036,0.0161211070825635,0.0118284220711454,0.00810442478536419,0.00513434413070926,0.00297017710456826,0.00154386781516443,0.000705876142590817,0.000275807036651906,8.84402521308933e-05,2.19319209030607e-05,3.83603481277373e-06,4.05527200837656e-07,1.93981099106877e-08,2.19170747413558e-10,7.34785645392639e-14,0
0,6.60408612677451e-05,0.00126054584678319,0.00559646408332137,0.0136417037087037,0.0239063962457098,0.033967456268933,0.0417276615100089,0.0460606929577366,0.0468462800394171,0.0446710385839029,0.0404527709376021,0.035136587247131,0.0295117267032954,0.0241383533426881,0.0193499301696882,0.0152954221678703,0.0119942177252243,0.00938736847259897,0.00737765833031527,0.00585694456238933,0.00472239987880223,0.00388448871331977,0.00326953455030735,0.00281920473430494,0.00248855688775508,0.00224366874356473,0.00205939329478013,0.00191745458530917,0.00180490626656936,0.00171288571391028,0.00163557961650409,0.00156934147565587,0.00151193930884198,0.00146194198437277,0.00141826410639568,0.00137988170466573,0.00134571100574664,0.00131461994656429,0.00128552526872764,0.00125752183500287,0.00122999598769207,0.00120268883541188,0.00117569403015538,0.00114939326554758,0.00112434757029355,0.00110117113814881,0.00108041627142319,0.00106249390984617,0.00104764620018134,0.00103597825300239,0.00102754825883415,0.00102251061259385,0.00102130683318629,0.0010249039314106,0.00103508832189157,0.0010548330880994,0.00108876411592195,0.00114375233745513,0.00122965078150321,0.00136017221996202,0.00155386277080676,0.00183506766721672,0.00223470964466152,0.00279061508919006,0.00354704183491045,0.0045530065031073,0.00585900702180589,0.00751182049576235,0.00954725947008576,0.01198111108529,0.0147989595448338,0.017946160185987,0.02131980135558,0.0247649149085628,0.0280772961347943,0.0310148840356243,0.0333185995389793,0.0347418307375371,0.035085568534894,0.0342339395331267,0.0321831678945437,0.029056532492784,0.0250992706009194,0.0206508419380543,0.0160971107284896,0.0118106911471399,0.00809219477735357,0.00512654674359253,0.00296563896663405,0.00154149524492828,0.000704785347338551,0.000275378560094249,8.83021537500534e-05,2.18975056660468e-05,3.82998669873876e-06,4.04884868890516e-07,1.93672457333859e-08,2.18820469432305e-10,7.33605950373425e-14,0
0,6.6121338885123e-05,0.00126220622098061,0.00560392349493594,0.0136600359604549,0.0239387452596138,0.0340136941292582,0.041784753880517,0.0461239862654928,0.0469108818485802,0.0447328142393064,0.0405088302153609,0.0351853463132532,0.0295527068221007,0.0241718689149502,0.0193767737310276,0.0153166047754674,0.0120107847766909,0.00940028720591904,0.00738776201498502,0.00586491571274187,0.00472877685100825,0.00388968393672595,0.00327385665760766,0.00282288015732256,0.0024917488289101,0.00224649288735284,0.00206193038856559,0.00191976031822424,0.00180701890817465,0.0017148318948905,0.00163737854431726,0.0015710078283538,0.00151348504552319,0.00146337732877186,0.00141959797160435,0.00138112181140674,0.0013468638993886,0.00131569104873062,0.00128651902473599,0.00125844195494849,0.00123084573762487,0.00120347131905327,0.00117641240754741,0.00115005087526073,0.00112494794728915,0.00110171794206532,0.00108091315442692,0.00106294435678634,0.00104805336684524,0.00103634481280798,0.00102787624703197,0.00102280123232405,0.00102156016084459,0.00102511842977243,0.00103526003754271,0.00105495437428667,0.00108882168394698,0.0011437244035568,0.00122950305135289,0.00135985245550787,0.001553293737205,0.00183413838939902,0.00223326514361235,0.00278844514139342,0.00354386981233152,0.00454847998308537,0.00585269253946338,0.00750320542320073,0.00953576436521436,0.0119661157307877,0.0147798450544374,0.0179223677979152,0.0212909057965181,0.0247307066504725,0.0280378629308446,0.0309706785844555,0.0332704780266704,0.0346910474707361,0.0350337158229087,0.034182829724619,0.0321346653828698,0.02901235574436,0.0250607949175375,0.0206189392755422,0.0160720604427398,0.0117921836971194,0.00807943064102688,0.00511840972501021,0.0029609036635846,0.00153901984323559,0.000703647381297112,0.00027493159268822,8.81581068969892e-05,2.18616104491761e-05,3.82367884720882e-06,4.04214979564716e-07,1.93350581000987e-08,2.18455167576272e-10,7.32375560745122e-14,0
0,6.62061762582473e-05,0.0012639380704353,0.00561169641181538,0.0136791283397004,0.0239724206514853,0.0340618090787004,0.0418441433487616,0.0461898057319972,0.0469780434692366,0.0447970219826634,0.0405670839661226,0.0352360045765023,0.0295952763122971,0.0242066797070332,0.0194046517183726,0.0153386019772083,0.0120279881647602,0.00941370204477062,0.00739825407856715,0.00587319399658874,0.00473540052923852,0.00389508136486076,0.00327834839515091,0.00282670141398926,0.00249506917077394,0.00224943254809841,0.00206457332451102,0.00192216445618542,0.00180922406873331,0.00171686579019597,0.00163926115533487,0.00157275441330773,0.00151510802515622,0.00146488731238814,0.00142100420031239,0.00138243227999316,0.00134808537057165,0.00131682910258372,0.00128757820895883,0.00125942603543661,0.00123175800490972,0.00120431488841763,0.0011771904557871,0.00115076677748372,0.00112560530354642,0.00110232050761872,0.0010814647031946,0.00106344851216171,0.00104851342765317,0.00103676358655788,0.00102825588056174,0.00102314300384577,0.00102186416874642,0.00102538308252249,0.00103548121505874,0.0010551240936968,0.00108892606292674,0.00114374067700729,0.00122939537202668,0.00135956621297922,0.00155274818612518,0.00183321751673454,0.00223180695650626,0.00278622994735492,0.00354060859936345,0.00454380466544891,0.00584615054506535,0.00749426173291571,0.00952381448364422,0.0119505129349139,0.0147599443819592,0.017897587400789,0.0212608034312836,0.0246950653677758,0.0279967759323411,0.0309246195425058,0.0332203409916814,0.0346381409935708,0.0349797000455586,0.0341295932726445,0.0320841502533276,0.0289663511156775,0.0250207318773929,0.0205857242701603,0.0160459826632192,0.0117729192648046,0.00806614586199701,0.00510994167602935,0.0029559762032182,0.00153644422932578,0.000702463449285983,0.000274466607999089,8.80082643231689e-05,2.18242733577564e-05,3.81711796351222e-06,4.03518246213545e-07,1.93015813679319e-08,2.18075233097766e-10,7.31095801862729e-14,0
0,6.62952121826985e-05,0.00126573965788846,0.00561977543422842,0.0136989629638736,0.0240073912136591,0.0341117569218918,0.0419057757893936,0.0462580917894996,0.0470477044930434,0.0448636043714179,0.040627480310242,0.0352885170883486,0.0296393975090538,0.0242427549773077,0.0194335395345125,0.0153613943604202,0.0120458126850501,0.00942760109867322,0.007409125178782,0.00588177199499857,0.0047422649257557,0.003900676063831,0.00328300559954193,0.00283066490219861,0.00249851472027184,0.00225248483240951,0.00206731943134863,0.00192466449561194,0.00181151937432714,0.00171898512881887,0.00164122526213606,0.00157457911205659,0.00151680618653339,0.00146646992149657,0.00142248081804924,0.00138381116849921,0.00134937350484813,0.00131803221781796,0.00128870095355509,0.00126047223079305,0.00123273096666062,0.00120521774438287,0.00117802640028209,0.00115153922224669,0.0011263179128495,0.00110297713043692,0.00108206923236271,0.00106400470612542,0.0010490247244816,0.00103723292413555,0.00102868551403389,0.00102353428398843,0.00102221721456098,0.00102569624839796,0.00103575021683804,0.00105534061859416,0.00108907564679955,0.00114379959385564,0.0012293262551099,0.0013593121318846,0.00155222496413174,0.00183230421835926,0.00223033473821052,0.00278396987073143,0.00353725956348315,0.00453898329855776,0.0058393856324585,0.00748499641418438,0.00951141983194876,0.0119343163873534,0.0147392755650154,0.0178718419815286,0.0212295226564204,0.0246580250992348,0.0279540747395629,0.0308767516069098,0.0331682373395232,0.0345831631138904,0.0349235742529063,0.0340742825789218,0.032031672313755,0.0289185640263978,0.0249791210739185,0.0205512297734622,0.0160189031987098,0.0117529169260378,0.00805235360118441,0.00510115098949828,0.00295086147146276,0.00153377095836831,0.00070123472650372,0.000273984067890365,8.78527749862178e-05,2.17855315456832e-05,3.81031058462795e-06,4.02795364172478e-07,1.92668490203064e-08,2.17681047217833e-10,7.29767964706386e-14,0
0,6.63882962525617e-05,0.00126760928594987,0.00562815330349475,0.0137195222840239,0.0240436263228911,0.0341634942977454,0.0419695981071699,0.0463287860125767,0.0471198056782848,0.0449325050797932,0.040689968383316,0.0353428397857124,0.0296850334946605,0.0242800645984821,0.0194634130778026,0.0153849629070957,0.012064243445437,0.00944197272413972,0.00742036616989311,0.00589064244732821,0.00474936418254388,0.003906463208394,0.00328782420064986,0.0028347671019681,0.00250208235844529,0.00225564691529245,0.0020701661021529,0.00192725799441408,0.0018139025105581,0.00172118769795814,0.00164326873470317,0.0015764798631526,0.00151857752541832,0.00146812319959689,0.00142402590806608,0.0013852565934033,0.00135072644697694,0.00131929856418765,0.00128988545158267,0.00126157875701389,0.00123376286233123,0.00120617815072272,0.00117891852979044,0.00115236652331377,0.0011270841130715,0.00110368617060965,0.00108272512146301,0.00106461133425329,0.0010495856652718,0.00103775124225456,0.0010291635697757,0.00102397349829709,0.00102261772576946,0.00102605635712161,0.00103606547748434,0.00105560239466225,0.00108926890403985,0.00114389966555244,0.00122929428795204,0.00135908892696804,0.00155172299103381,0.00183139773239925,0.0022288482049876,0.00278166532425685,0.00353382410250801,0.00453401863398456,0.00583240236102741,0.00747541637142866,0.00949859026680402,0.0119175395468515,0.0147178563128755,0.0178451540859904,0.0211970913022479,0.0246196191847212,0.0279097981207718,0.0308271185180576,0.0331142149126402,0.0345261644986565,0.0348653903136494,0.0340169488668064,0.0319772802422403,0.0288690388579492,0.0249360011890992,0.020515487875847,0.0159908472564165,0.0117321953095127,0.0080380667093609,0.00509204585946951,0.00294556423794512,0.0015310025244183,0.000699962359906965,0.000273484423073556,8.76917842297926e-05,2.17454212609739e-05,3.80326308732239e-06,4.02047011639319e-07,1.92308937101502e-08,2.17272981629409e-10,7.28393307640911e-14,0
0,6.64852876183468e-05,0.00126954529538434,0.00563682289922168,0.0137407890793712,0.0240810959305927,0.0342169786646312,0.0420355582174947,0.046401831095342,0.047194288925445,0.0450036688743628,0.040754498313051,0.0353989294699829,0.0297321480801248,0.0243185790418669,0.0194942487289471,0.0154092889829163,0.0120832658569802,0.00945680551715924,0.00743196809643172,0.00589979824591324,0.00475669256673479,0.00391243807793211,0.00329280021798186,0.00283900457209439,0.0025057690372969,0.00225891603711389,0.002073110791363,0.00192994256903013,0.00181637121956165,0.00172347133997668,0.00164538949729415,0.00157845465892322,0.00152042009117473,0.00146984524388978,0.00142563760764443,0.00138676672571896,0.00135214239687259,0.0013206263672757,0.0012911299525937,0.00126274388719879,0.00123485198899987,0.0012071944292577,0.00117986519145037,0.00115324705310122,0.0011279023009869,0.00110444604739659,0.00108343080952375,0.00106526685203209,0.00105019471839705,0.0010383170186953,0.00102968853192713,0.00102445913497682,0.00102306419344672,0.0010264619030088,0.00103642549722625,0.00105590793422208,0.00108950437066191,0.00114403947172782,0.00122929812621392,0.00135889538053258,0.00155124125201204,0.00183049735795833,0.00222734712644472,0.00277931676181325,0.00353030363702262,0.0045289134196213,0.00582520524990759,0.00746552842006996,0.00948533549312462,0.0119001956423558,0.0146957040113847,0.0178175458284345,0.0211635366475519,0.0245798802856306,0.0278639840385747,0.0307757630917623,0.0330583205278054,0.0344671947155338,0.0348051989594531,0.0339576422265877,0.0319210216314434,0.0288178189949818,0.0248914100304327,0.020478529937853,0.0159618394670099,0.0117107726156014,0.00802329774034761,0.00508263428974386,0.00294008916103727,0.00152814136309251,0.000698647469458192,0.000272968113605255,8.7525433946119e-05,2.17039778868853e-05,3.79598169549202e-06,4.01273850467904e-07,1.91937472988195e-08,2.16851398950313e-10,7.26973057998046e-14,0
0,6.6586053914613e-05,0.00127154606356682,0.00564577723658689,0.0137627464517648,0.0241197705529027,0.0342721682854322,0.0421036050269692,0.0464771708288353,0.0472710972531251,0.0450770415900985,0.040821021196695,0.0354567437866434,0.0297807057873817,0.0243582693622293,0.0195260233383369,0.015434354326783,0.0121028656253074,0.00947208830609548,0.00744392218729701,0.00590923243110073,0.00476424446634937,0.00391859605272242,0.00329792975733762,0.0028433739470805,0.00250957177690304,0.00226228950083126,0.00207615101207787,0.00193271589174373,0.0018189232973118,0.00172583394966468,0.00164758552563841,0.00158050154257658,0.001522331983761,0.00147163420214342,0.00142731410482081,0.00138833978756848,0.00135361960602348,0.00132201390475764,0.00129243275875011,0.00126396594752732,0.00123599669721857,0.00120826495558921,0.00118086478641035,0.00115417923821212,0.00112877092771572,0.00110525523458213,0.00108418479033269,0.00106596977002573,0.00105085040772484,0.00103892878725475,0.00103025894126934,0.00102498973959057,0.00102355516681898,0.00102691143937471,0.00103682883616303,0.00105625581030514,0.00108978064410899,0.00114421765388834,0.00122933648736991,0.0013587303357565,0.00155077879077611,0.00182960244817248,0.00222583131858044,0.00277692467161843,0.00352669960392405,0.00452367039388064,0.00581779877323386,0.00745533928331379,0.00947166506296684,0.0118822976746963,0.01467283572812,0.0177890389008464,0.0211288854336793,0.0245388404041938,0.0278166696746383,0.0307227272492313,0.0330006000108081,0.0344063022713376,0.0347430498258192,0.0338964116571543,0.0318629430292924,0.0287649468633723,0.024845384564766,0.0204403866187729,0.0159319039075008,0.011688666633536,0.0080080589630483,0.00507292410165416,0.00293444079244977,0.00152518985400355,0.000697291149259888,0.000272435569338685,8.7353862723536e-05,2.16612359792136e-05,3.78847248681966e-06,4.00476526887078e-07,1.91554408913272e-08,2.16416653132873e-10,7.25508413505449e-14,0
0,6.66904703324404e-05,0.00127361000308114,0.00565500946366267,0.013785377820071,0.0241596212606434,0.0343290222125344,0.0421736884139984,0.0465547500786204,0.0473501747743143,0.0451525701068843,0.0408894890790075,0.0355162412054657,0.0298306718320706,0.0243991071831894,0.0195587142138897,0.0154601410408058,0.0121230287424118,0.00948781014495561,0.0074562198501897,0.00591893818658437,0.00477201438631697,0.00392493261046522,0.00330320900770936,0.00284787193430015,0.00251348766275961,0.00226576466945603,0.00207928433358738,0.00193557568824378,0.00182155659117796,0.0017282734717668,0.0016498548444111,0.00158261860560227,0.00152431135103937,0.00147348826989525,0.00142905363546877,0.00138997404913655,0.00135515637431319,0.00132345950309089,0.0012937922213855,0.00126524331370176,0.00123719538734674,0.00120938815533454,0.00118191576597515,0.00115516155550074,0.00112968849471044,0.00110611225638584,0.00108498560826905,0.00106671864962408,0.00105155130827623,0.00103958513330918,0.00103087339068282,0.00102556391040478,0.00102408924848844,0.00102740357362931,0.00103727410922066,0.00105664465146098,0.00109009637790369,0.00114443290990384,0.0012294081450308,0.00135859269086232,0.00155033470360757,0.00182871240417991,0.00222430063777246,0.00277448957037076,0.00352301345092507,0.00451829228083351,0.00581018735627257,0.00744485558972502,0.00945758837507985,0.011863858418713,0.01464926821773,0.0177596545821123,0.0210931638780955,0.0244965309018076,0.027767891452954,0.0306680520451144,0.0329410982287728,0.0343435346477356,0.0346789914899376,0.0338333051045001,0.0318030899765222,0.0287104639652255,0.024797960949417,0.0204010879029411,0.0159010641222323,0.0116658947571599,0.00799236237247142,0.00506292294118899,0.00292862358143254,0.00152215032298432,0.00069589446859026,0.000271887210335748,8.71772059810417e-05,2.16172293002845e-05,3.78074139883576e-06,3.9965567215491e-07,1.9116004868371e-08,2.15969089835985e-10,7.24000543582907e-14,0
0,6.67984188157043e-05,0.00127573556044139,0.00566451285877877,0.0138086669145098,0.0242006196691998,0.0343875002727959,0.0422457592094918,0.0466345147626172,0.047431466673022,0.0452302023264889,0.0409598549307441,0.0355773810012401,0.0298820121068391,0.0244410646831169,0.0195922991093498,0.0154866315807083,0.0121437414788222,0.00950396030699167,0.00746885266634347,0.00592890883500843,0.00477999694474027,0.00393144332304073,0.00330863423839764,0.00285249531136984,0.00251751384333153,0.00226933896372008,0.00208250837910895,0.00193851973539491,0.00182426899770011,0.00173078789873761,0.00165219552494797,0.00158480398542704,0.00152635638635599,0.0014754056879424,0.00143085448068837,0.00139166782595094,0.00135675104718825,0.00132496153456976,0.00129520673795123,0.00126657440779093,0.00123844650630151,0.00121056250079297,0.00118301662819589,0.00115619252859279,0.00113065355021018,0.00110701568385138,0.00108583185462527,0.00106751209929351,0.00105229604239967,0.00104028468990464,0.00103153052114781,0.00102618029429262,0.00102466509023215,0.00102793696296433,0.00103775998171917,0.00105707313719708,0.00109045027695328,0.00114468398917385,0.00122951192397258,0.00135848139401936,0.00154990813416361,0.00182782666987808,0.00222275497557363,0.00277201199821525,0.0035192466318784,0.00451278178614771,0.00580237537230759,0.00743408387147497,0.00944311467500327,0.0118448904257534,0.014625017927414,0.0177294137470458,0.0210563976874517,0.0244529825164936,0.0277176850618188,0.0306117776938549,0.032879859120398,0.0342789383345448,0.0346130715058954,0.0337683694974642,0.0317415070414575,0.0286544109112558,0.0247491745609286,0.0203606631239921,0.0158693431422301,0.0116424739994338,0.00797621969987183,0.00505263828554196,0.00292264187863384,0.00151902504412991,0.000694458472853282,0.000271323447244727,8.69955960915399e-05,2.15719908500666e-05,3.77279423446266e-06,3.9881190315664e-07,1.90754689155821e-08,2.15509046764539e-10,7.22450590523243e-14,0
0,6.69097873633098e-05,0.00127792121491851,0.00567428082792172,0.0138325977709612,0.0242427379283584,0.0344475630525363,0.042319769177697,0.0467164118291911,0.0475149191812813,0.0453098871499897,0.0410320726276382,0.0356401232350139,0.0299346931651417,0.0244841145814897,0.0196267562130119,0.0155138087466132,0.0121649903761117,0.00952052827860218,0.00748181238552359,0.00593913783381179,0.00478818686937877,0.00393812385346807,0.00331420179631764,0.00285724092370383,0.00252164752778094,0.00227300985991976,0.00208582082370357,0.00194154585919146,0.00182705846055363,0.00173337526869519,0.0016546056831686,0.00158705586329101,0.00152846532635528,0.00147738474008142,0.00143271496446101,0.00139341947644515,0.0013584020131248,0.00132651841469583,0.00129667474929361,0.00126795769542004,0.00123974854466753,0.00121178650798342,0.00118416591484278,0.00115727072479876,0.00113166468609784,0.00110796413164804,0.00108672216435112,0.00106834877126003,0.00105308327638813,0.00104102613430258,0.00103222901821219,0.00102683758311808,0.0010252813892961,0.00102851031055091,0.00103828516546709,0.00105753999396371,0.0010908410934196,0.00114496968837977,0.00122964669577349,0.00135839543887798,0.00154949826893616,0.00182694472735781,0.00222119425420297,0.0027694925144151,0.00351540060280501,0.0045071415937119,0.00579436714016941,0.00742303056315844,0.009428253055624,0.011825406026475,0.0146001010025017,0.0176983368752626,0.0210186120702023,0.0244082253795706,0.0276660854746729,0.03055394359454,0.0328169257243588,0.0342125588609089,0.0345453364375632,0.0337016507810462,0.0316782378523769,0.0285968274508734,0.0246990600217479,0.0203191409873438,0.0158367635031188,0.0116184210058537,0.00795964242212338,0.0050420774491594,0.00291649993966097,0.00151581624168032,0.000692984184454037,0.000270744681648046,8.68091624952344e-05,2.15255528947776e-05,3.76463666710828e-06,3.97945822953605e-07,1.90338620503534e-08,2.15036853980425e-10,7.20859670572834e-14,0
0,6.70244694222429e-05,0.00128016547745728,0.00568430690216956,0.0138571547252567,0.0242859487121353,0.0345091718825826,0.0423956709971948,0.0468003892355224,0.0476004795565301,0.0453915744556446,0.041106096929865,0.0357044287358161,0.0299886822055063,0.0245282301256882,0.0196620641368374,0.0155416556741776,0.0121867622397148,0.00953750375350622,0.00749509092126686,0.00594961877128765,0.00479657899432771,0.00394496995304415,0.00331990810347444,0.00286210568223077,0.00252588598385308,0.00227677488791619,0.0020892193923491,0.00194465193287184,0.00182992296867975,0.0017360336635472,0.00165708347768083,0.0015893724623152,0.00153063644899731,0.00147942375106392,0.00143463345153386,0.00139522739976493,0.00136010770135352,0.0013281285998208,0.00129819473721712,0.00126939168325914,0.00124110003411723,0.00121305873400323,0.00118536220870862,0.001158394752367,0.00113272053510533,0.0011089562552286,0.00108765521316279,0.00106922735856618,0.0010539117174795,0.00104180818491853,0.00103296760886337,0.00102753451053548,0.0010259368851169,0.00102912236217791,0.00103884841531105,0.00105804399160948,0.00109126762307632,0.0011452888477424,0.00122981137497587,0.0013583338606487,0.00154910433327577,0.00182606609292064,0.0022196184226347,0.00276693169362948,0.00351147681852633,0.00450137436284602,0.00578616692231231,0.00741170200109339,0.00941301245811709,0.0118054173338953,0.0145745332921023,0.0176664440599027,0.020979831748807,0.0243622890316169,0.0276131269699146,0.0304945883544134,0.0327523402060805,0.0341444408246017,0.0344758318894306,0.033633193947581,0.0316133251277492,0.0285377525002499,0.0246476512250847,0.0202765495911214,0.0158033472617783,0.0115937520669142,0.00794264177041728,0.00503124758934848,0.00291020192837963,0.00151252609176373,0.000691472603608651,0.00027015130638382,8.66180318044059e-05,2.14779469932977e-05,3.75627424536601e-06,3.97058021289327e-07,1.89912126465509e-08,2.14552834188721e-10,7.19228874924475e-14,0
0,6.71423633585659e-05,0.00128246688967151,0.00569458473516153,0.0138823224074736,0.0243302252086231,0.0345722888234025,0.0424734182420862,0.0468863959262719,0.047688096059379,0.0454752150772074,0.0411818834619743,0.0357702590828493,0.0300439470562433,0.0245733850781955,0.0196982019059369,0.0155701558260523,0.0122090441320297,0.00955487662716673,0.00750868034634094,0.0059603453628382,0.00480516825687264,0.0039519774586439,0.003325749654589,0.00286708656125398,0.00253022653590152,0.00228063162927345,0.00209270185815195,0.00194783587517385,0.00183286055456114,0.00173876120726782,0.00165962710804324,0.00159175204573587,0.0015328680717517,0.00148152108473953,0.00143660834550348,0.00139709003378629,0.00136186657980842,0.00132979058502537,0.00129976522229543,0.00127087491677039,0.00124249954509975,0.00121437777466484,0.00118660413119865,0.00115956325803066,0.00113381976832011,0.00110999074829587,0.00108862971496773,0.00107014659245146,0.0010547801111885,0.00104262959860115,0.00103374505874946,0.00102826984914826,0.00102663035641341,0.00102977190327171,0.00103944852607896,0.00105858394024367,0.0010917287020875,0.00114564034771648,0.00123000491570135,0.00135829573265181,0.0015487255879029,0.00182519031359916,0.00221802745320245,0.00276433012271272,0.00350747672981493,0.0044954827260135,0.00577777892335823,0.00740010442302867,0.00939740167320676,0.0117849362466388,0.0145483303547918,0.0176337550161941,0.020940080971544,0.0243152024377858,0.027558843149793,0.030433749811192,0.0326861438830611,0.0340746279196638,0.034404602535623,0.0335630430660205,0.0315468107045872,0.0284772241686021,0.0245949813581612,0.0202329164457068,0.0157691160118918,0.0115684831297309,0.00792522873836715,0.00502015571149877,0.00290375191998367,0.00150915672401723,0.000689924709096797,0.000269543705844404,8.64223279006266e-05,2.14292040216597e-05,3.7477123973691e-06,3.96149075058034e-07,1.89475484573727e-08,2.14057303002137e-10,7.17559270633494e-14,0
0,6.72633719954033e-05,0.0012848240229072,0.00570510810060274,0.0139080857362441,0.0243755411098789,0.0346368766503539,0.0425529653633933,0.046974381812562,0.047777717931772,0.0455607607826845,0.0412593886932828,0.0358375765881313,0.0301004561605792,0.0246195537041854,0.0197351489483968,0.0155992929836424,0.0122318233657828,0.00957263699144257,0.00752257288840376,0.00597131144740624,0.00481394969450285,0.0039591422901653,0.00333172301485901,0.00287218059643985,0.00253466656303759,0.00228457771551905,0.00209626604068127,0.00195109564871424,0.001835869292625,0.00174155606430703,0.00166223481316604,0.00159419291528444,0.00153515854994556,0.00148367514236237,0.00143863808707277,0.00139900585331717,0.00136367715327001,0.0013315029022031,0.00130138476189743,0.00127240597817985,0.0012439456847632,0.00121574226237361,0.00118789034016865,0.00116077492480978,0.00113496109295308,0.00111106634053665,0.00108964441956348,0.00107110524001315,0.00105568723892612,0.00104348916820606,0.00103456016970356,0.00102904240797935,0.00102736061859903,0.00103045775624636,0.00104008432986421,0.00105915868745115,0.00109222320415105,0.00114602310606326,0.00123022630865841,0.00135828016327393,0.00154836132584063,0.00182431696411163,0.0022164213386477,0.00276168839796237,0.0035034017809903,0.00448946928696289,0.00576920728903784,0.00738824396819548,0.00938142934269218,0.0117639744523415,0.0145215074643157,0.0176002890898583,0.0208993835239593,0.0242669940025279,0.0275032669584651,0.0303714650543043,0.0326183772488907,0.0340031629625519,0.0343316921472972,0.0334912413095295,0.0314787355651287,0.0284152797828918,0.0245410829240374,0.0201882684920713,0.0157340908985108,0.0115426298089208,0.00790741408958992,0.00500880867396247,0.00289715390386202,0.00150571022309955,0.000688341458963554,0.000268922256254661,8.62221720253123e-05,2.13793541958452e-05,3.73895643484113e-06,3.9521954874015e-07,1.89028966365769e-08,2.13550569186349e-10,7.15851901466445e-14,0
0,6.7387402208589e-05,0.00128723547736472,0.00571587088980406,0.0139344299130922,0.0244218706018769,0.0347028988390743,0.042634267670699,0.0470642977512871,0.0478692953755466,0.0456481642535324,0.0413385699187163,0.0359063442795742,0.0301581785621965,0.0246667107594759,0.0197728850854294,0.015629051239151,0.0122550874976376,0.00959077512945213,0.00753676092584701,0.00598251098406858,0.00482291844206911,0.00396646044810567,0.00333782481784137,0.00287738488292127,0.00253920349739071,0.00228861082651334,0.00209990980441182,0.0019544292584783,0.0018389472977589,0.0017444164381165,0.00166490486983363,0.00159669340969511,0.00153750627524624,0.00148588436104006,0.00144072115245923,0.0014009733684596,0.00136553796167803,0.00133326411832271,0.00130305194840046,0.00127398348464452,0.00124543709507974,0.00121715086421535,0.00118921952797899,0.00116202847003498,0.00113614325033373,0.00111218179558835,0.00109069811057449,0.00107210210211099,0.00105663191586877,0.00104438572042601,0.00103541177753103,0.00102985103021184,0.00102812652147232,0.00103117877814063,0.00104075469360584,0.00105976711581301,0.00109275003795862,0.00114643607525114,0.00123047457849002,0.00135828629327704,0.00154801086971182,0.00182344564419207,0.00221480008955174,0.00275900712275397,0.00349925340789691,0.0044833366192365,0.005760456105469,0.00737612667764781,0.00936510396119082,0.0117425434311745,0.0144940796152854,0.0175660652653531,0.0208577627399722,0.0242176915837667,0.0274464306992903,0.0303077704451533,0.0325490799960998,0.0339300879169495,0.0342571436185843,0.0334178309815757,0.0314091398620262,0.0283519559111165,0.0244859877621672,0.0201426321190255,0.0156982926317496,0.0115162073968215,0.0078892083648216,0.00499721319263197,0.00289041178628609,0.00150218863010804,0.000686723791176457,0.000268287325932303,8.60176828643856e-05,2.13284270930842e-05,3.73001155687787e-06,3.94269994808604e-07,1.88572837582711e-08,2.1303293488847e-10,7.14107788690369e-14,0
0,6.75143645720102e-05,0.00128969988127312,0.00572686710925793,0.0139613404168105,0.0244691883545426,0.0347703195510325,0.042717281314041,0.047156095524766,0.0479627795313999,0.0457373790642924,0.0414193852400952,0.0359765258844876,0.0302170838911647,0.024714831478834,0.0198113905218317,0.015659414987889,0.0122788243220332,0.00960928151063345,0.00755123698380947,0.00599393804877789,0.00483206972907311,0.00397392801125707,0.00334405176344466,0.00288269657350468,0.0025438348224683,0.00229272868891645,0.00210363105726387,0.00195783475040735,0.00184209272392656,0.00174734056977853,0.00166763559133438,0.00159925190332509,0.00153990967426257,0.00148814721230809,0.0014428560519357,0.00140299112311187,0.00136744757859208,0.00133507283384631,0.00130476540756687,0.00127560608658987,0.00124697245114749,0.00121860228022665,0.00119059041973695,0.00116332264356437,0.00113736501410303,0.00111333590920816,0.00109178960359617,0.00107313601148387,0.00105761298904488,0.00104531811384398,0.00103629875002574,0.00103069459116518,0.0010289269471498,0.00103193385850444,0.00104145851692604,0.00106040814069309,0.00109330814493049,0.00114687824014106,0.00123074878141639,0.00135831329341334,0.00154767356935244,0.0018225759762453,0.00221316373209897,0.00275628690550909,0.00349503303621078,0.00447708726499301,0.00575152939872125,0.00736375849484445,0.00934843387805853,0.0117206544594559,0.0144660615288488,0.0175311021739512,0.0208152415126532,0.0241673225065646,0.027388366051427,0.0302427016364908,0.0324782910379435,0.0338554439173717,0.0341809989912251,0.033342853540666,0.0313380629421974,0.0282872883843364,0.0244297270678209,0.0200960331795024,0.0156617414997004,0.0114892308731235,0.0078706218886188,0.00498537584524799,0.00288352939293736,0.00149859394391062,0.000685072624242697,0.000267639275532295,8.58089766277079e-05,2.12764516718267e-05,3.72088285349101e-06,3.93300954109278e-07,1.88107358354279e-08,2.12504695850604e-10,7.12327931809483e-14,0
0,6.76441730458531e-05,0.00129221589011008,0.00573809087825076,0.0139888029978841,0.0245174695118863,0.0348391036192605,0.0428019632660801,0.0472497278207486,0.0480581224582639,0.0458283596626623,0.0415017935478548,0.0360480858134962,0.0302771423502509,0.0247638915646172,0.0198506458367355,0.0156903689208357,0.0123030218652364,0.00962814678598785,0.00756599373034806,0.00600558683124165,0.00484139887707813,0.00398154113451068,0.00335040061602158,0.00288811287697095,0.00254855807160557,0.00229692907474288,0.00210742774922999,0.00196131021007358,0.00184530376287268,0.00175032673672671,0.0016704253261856,0.00160186680487406,0.00154236720725048,0.00149046220081423,0.00144504132848753,0.00140505769359386,0.00136940460978219,0.001336927681284,0.00130652379706355,0.00127727246619632,0.00124855045964713,0.00122009524182488,0.00119200177170334,0.00116465622616915,0.00113862518857928,0.00111452750761893,0.00109291774451988,0.00107420583105188,0.00105862933561111,0.0010462852371807,0.00103721998518593,0.00103157199647631,0.00102976080820969,0.00103272191750272,0.00104219473019178,0.00106108070825597,0.00109389649718989,0.00114734861591973,0.00123104800313448,0.00135836036230569,0.00154734879969908,0.00182170760328363,0.00221151230612677,0.00275352835795084,0.00349074208002815,0.00447072373409808,0.00574243113462255,0.00735114526643219,0.00933142729945173,0.0116983186133253,0.0144374676583205,0.0174954181016523,0.0207718423046894,0.0241159135763161,0.0273291040857827,0.0301762935909781,0.0324060485292178,0.0337792712916733,0.0341032994780216,0.0332663496238597,0.0312655433694692,0.0282213123175646,0.0243723314104868,0.0200484970059725,0.0156244573806506,0.0114617149139746,0.00785166477568913,0.00497330307546664,0.00287651047129204,0.0014949281224016,0.000683388857790779,0.000266978458277048,8.55961671238509e-05,2.12234562905303e-05,3.71157530893978e-06,3.92312956218442e-07,1.87632783372654e-08,2.11966141610131e-10,7.1051330925518e-14,0
0,6.77767447019319e-05,0.00129478218586255,0.00574953642651278,0.0140168036729732,0.0245666896822507,0.0349092165342828,0.0428882713045546,0.0473451482127861,0.0481552771130963,0.0459210613500041,0.0415857545031977,0.0361209891448623,0.0303383247015963,0.024813867175738,0.019890631974639,0.0157218980174393,0.0123276683795976,0.00964736178349578,0.00758102397275593,0.0060174516319282,0.00485090129723112,0.00398929604676106,0.00335686820255298,0.0028936310564618,0.00255337082649686,0.00230120979999528,0.0021112978710802,0.00196485376143356,0.00184857864290745,0.00175337325154823,0.00167327245694304,0.00160453655619191,0.00154487736691119,0.00149282786310038,0.00144727555657244,0.00140717168738058,0.00137140769193332,0.00133882732386839,0.00130832580510688,0.00127898133601646,0.00125016985743406,0.00122162851037832,0.00119345236984319,0.00116602802806694,0.00113992260727507,0.00111575544600986,0.00109408140801611,0.00107531045238003,0.0010596798612944,0.00104728600771222,0.0010381744096045,0.00103248218046017,0.0010306270460201,0.00103354190420897,0.00104296229277212,0.00106178379368692,0.00109451409574607,0.00114784624624891,0.00123137135694107,0.00135842672455933,0.00154703595891488,0.001820840187108,0.0022098458634236,0.00275073209360757,0.0034863819406967,0.00446424850344369,0.0057331652187703,0.00733829274319537,0.00931409229050146,0.0116755467724564,0.0144083121947575,0.0174590309969275,0.0207275871585504,0.0240634910914941,0.0272686752803664,0.0301085805989968,0.0323323898861883,0.0337016095825569,0.0340240854852115,0.0331883590691735,0.0311916189461292,0.0281540621296298,0.0243138307513524,0.0200000484250755,0.015586459754671,0.01143367390061,0.00783234693688814,0.0049610011967099,0.00286935869287753,0.00149119308368946,0.000681673373120283,0.00026630522017388,8.53793658306917e-05,2.11694687253894e-05,3.70209380487289e-06,3.91306519779625e-07,1.87149362056172e-08,2.11417555688155e-10,7.08664879034423e-14,0
0,6.79119994811271e-05,0.00129739747632366,0.00576119809190614,0.0140453287194604,0.024616824928684,0.0349806244302573,0.0429761639950349,0.047442311140974,0.048254197331088,0.0460154402622855,0.0416712285206687,0.0361952016092044,0.0304006022537512,0.0248647349169421,0.0199313302367057,0.0157539875386447,0.0123527523379986,0.00966691750369482,0.00759632065401846,0.00602952685919131,0.00486057248788853,0.00399718904890278,0.00336345141091569,0.00289924842794424,0.00255827071580116,0.00230556872337021,0.00211523945313784,0.00196846356565231,0.0018519156277626,0.00175647846085944,0.00167617539908597,0.00160725963116504,0.00154743867727146,0.00149524276647059,0.00144955734097116,0.00140933174193144,0.00137345549145068,0.00134077045433479,0.00131017014921811,0.00128073143770725,0.00125182941024965,0.00122320087589904,0.00119494102850279,0.00116743688758473,0.00114125613154703,0.00111701860717282,0.00109527949615643,0.00107644879428411,0.00106076349897932,0.00104831936983636,0.00103916097701212,0.00103342410462699,0.00103152462922841,0.00103439279506493,0.00104376019146666,0.0010625163995885,0.0010951599688598,0.00114837020160333,0.00123171798205095,0.00135851162907515,0.001546734466723,0.0018199734067015,0.00220816446624215,0.00274789872653083,0.00348195400585491,0.00445766401646245,0.00572373549671416,0.00732520658114194,0.00929643677757383,0.0116523496237895,0.0143786090724688,0.017421958478294,0.0206824977063655,0.0240100808559759,0.0272071095350825,0.0300395962957659,0.0322573518057022,0.0336224975681643,0.0339433966338576,0.0331089209369729,0.0311163267334813,0.0280855715621039,0.02425425445995,0.0199507117715424,0.015547767714635,0.0114051219275535,0.00781267808491468,0.00494847639582057,0.00286207765541313,0.00148739070722301,0.000679927033722917,0.000265619900221014,8.51586819622538e-05,2.11145161871118e-05,3.69244312330012e-06,3.90282152822011e-07,1.86657338703929e-08,2.1085921576735e-10,7.06783579340874e-14,0
0,6.80498599786626e-05,0.00130006049442218,0.00577307031815218,0.0140743646700696,0.0246678517594513,0.035053294071339,0.0430656006739883,0.047541171893073,0.0483548378062921,0.0461114533514537,0.0417581767511514,0.0362706895746053,0.0304639468490559,0.0249164718283884,0.0199727222723228,0.01578662302014,0.0123782624284829,0.00968680511541122,0.00761187684939879,0.00604180702650554,0.00487040803233837,0.00400521651191239,0.00337014718822793,0.00290496235874687,0.00256325541381555,0.0023100037450293,0.00211925056411986,0.00197213781999161,0.00185531301551221,0.00175964074424732,0.00167913259997006,0.00161003453467286,0.0015500496926372,0.00149770550793599,0.00145188531571876,0.00141153652360431,0.00137554670335404,0.0013427557937947,0.00131205557507633,0.00128252154086363,0.00125352791153759,0.00122481115584434,0.00119646658919818,0.00116888166993596,0.00114262464936225,0.00111831590025803,0.00109651093715736,0.00107761980156106,0.001061879207423,0.0010493842937699,0.00104017866695436,0.00103439675633728,0.00103245255239219,0.00103527359248585,0.0010445874390839,0.00106327755453176,0.00109583317056862,0.00114891957777368,0.00123208704208565,0.00135861434753892,0.00154644376292106,0.00181910695680762,0.00220646818599907,0.00274502887019853,0.00347745964865045,0.00445097268280774,0.00571414575428296,0.00731189234270029,0.00927846855059469,0.0116287376652661,0.0143483719744493,0.0173842178417204,0.0206365951795209,0.0239557081909705,0.0271444361860002,0.029969373677813,0.0321809702835433,0.0335419732818203,0.0338612717803315,0.0330280735304358,0.0310397030714909,0.0280158736973764,0.0241936313300393,0.0199005109014714,0.0155083999767194,0.0113760728104285,0.00779266773973258,0.00493573473653973,0.00285467088484588,0.0014835228348619,0.000678150685777573,0.0002649228306032,8.49342225321527e-05,2.10586253368364e-05,3.68262794941015e-06,3.89240353062201e-07,1.86156952642208e-08,2.10291393860246e-10,7.0487032913254e-14,0
0,6.81902512535617e-05,0.00130276999758141,0.00578514765259869,0.0141038983075625,0.0247197471186918,0.0351271928382792,0.0431565414321625,0.0476416865860161,0.0484571540726744,0.0462090583672402,0.0418465610652776,0.0363474200321015,0.0305283308513631,0.0249690553755231,0.0200147900709084,0.0158197902658109,0.0124041875490612,0.00970701595163709,0.00762768576314591,0.00605428674980583,0.00488040359661243,0.00401337487501003,0.00337695253926646,0.00291077026616236,0.00256832263921118,0.00231451280543063,0.0021233293100358,0.00197587475675653,0.00185876913755197,0.00176285851327048,0.00168214253784131,0.00161285980160755,0.00155270899661275,0.0015002147132283,0.00145425814310797,0.00141378472664511,0.00137768005025127,0.00134478209069222,0.00131398085545778,0.00128435044194195,0.00125526418135313,0.00122645819401372,0.00119802791950189,0.00117036126609831,0.00114402707416776,0.00111964625963494,0.00109777468423173,0.00107882244382935,0.00106302597008247,0.00105047977436079,0.0010412264835868,0.00103539914757792,0.00103340983473457,0.0010361833235936,0.00104544307315146,0.0010640663117434,0.00109653277935228,0.00114949349451432,0.00123247772371169,0.00135873417306458,0.00154616330605362,0.00181824054666959,0.00220475710213675,0.00274212313657803,0.00347290022711199,0.00444417687817475,0.00570439971803143,0.0072983554980049,0.00926019526541963,0.0116047212095515,0.0143176143377299,0.0173458260678601,0.020589900417988,0.0239003979465665,0.0270806840191308,0.0298979451188411,0.0321032806320829,0.0334600740309937,0.0337777490359602,0.0329458544151605,0.0309617835975924,0.0279450009759447,0.0241319895947907,0.0198494692050106,0.0154683748904308,0.0113465400934126,0.00777232523374257,0.00492278216282262,0.00284714183729083,0.00147959127189657,0.000676345158621753,0.000264214336877936,8.47060924139626e-05,2.10018223012699e-05,3.67265287424899e-06,3.88181608190884e-07,1.85648438363513e-08,2.09714356468898e-10,7.02926028679183e-14,0
0,6.8333100659133e-05,0.00130552476710488,0.00579742474402789,0.0141339166595184,0.0247724883772325,0.0352022887152671,0.0432489470982969,0.0477438121478042,0.0485611024855873,0.0463082138393938,0.0419363440372479,0.0364253605815477,0.0305937271340897,0.0250224634392396,0.0200575159539602,0.0158534753413983,0.0124305168026837,0.00972754150554642,0.00764374072531873,0.00606696074492531,0.0048905549273831,0.00402166064389533,0.00338386452495049,0.00291666961611136,0.00257347015382679,0.0023190938842152,0.00212747383314058,0.00197967264229523,0.00186228235763197,0.00176613021051427,0.00168520372090534,0.00161573399595071,0.00155541520117924,0.00150276903587487,0.0014566745127568,0.00141607507224473,0.00137985428138234,0.00134684811983409,0.001315944789252,0.00128621696326305,0.00125703706535474,0.00122814085953093,0.00119962391201679,0.00117187459178066,0.00114546234385096,0.00112100864384606,0.001099069714535,0.00108005571446621,0.00106420279404115,0.00105160483000201,0.00104230345457426,0.00103643031384496,0.00103439551900911,0.00103712103906264,0.00104632615474219,0.00106488174791228,0.00109725789692144,0.00115009109431825,0.00123288923540983,0.00135887041897241,0.00154589257222293,0.00181737389891021,0.0022030313011261,0.00273918213532782,0.00346827708365281,0.00443727894424075,0.0056945010557863,0.0072846014262519,0.00924162444623337,0.0115803103877336,0.0142863493586363,0.0173067998291153,0.0205424338793875,0.0238441745129166,0.027015881283738,0.0298253423850287,0.0320243174972737,0.0333768364155274,0.0336928657858968,0.0328623004379813,0.0308826032647228,0.0278729852129812,0.024069356941326,0.0197976096184981,0.0154277104481979,0.0113165370563654,0.00775165971672523,0.00490962450200631,0.00283949390088402,0.00147559778802168,0.000674511265201409,0.000263494738153076,8.44743943987719e-05,2.09441326871143e-05,3.66252239727155e-06,3.87106396145796e-07,1.85132025658855e-08,2.09128364736708e-10,7.00951560082309e-14,0
0,6.84783376917799e-05,0.00130832360758652,0.00580989634050583,0.0141644069932007,0.0248260533235622,0.0352785502770214,0.0433427792231647,0.0478475062997942,0.0486666402036673,0.0464088790603387,0.0420274889290563,0.0365044794178496,0.0306601090685943,0.0250766743063157,0.0201008825673375,0.0158876645683482,0.012457239492372,0.00974837342664354,0.00766003518872051,0.00607982382512607,0.00490085784993981,0.00403007038905295,0.00339088026088799,0.00292265792186343,0.00257869576151573,0.00232374499914449,0.00213168231093693,0.0019835297760477,0.00186585107093818,0.00176945430869511,0.00168831468644677,0.00161865570990157,0.00155816694582628,0.00150536715632931,0.00145913314073402,0.00141840630765643,0.00138206817172658,0.00134895268148569,0.00131794620054648,0.00128811995208644,0.00125884543386904,0.00122985804590125,0.00120125348342729,0.00117342058646909,0.00114692941978107,0.00112240203464336,0.00110039502819573,0.00108131862963093,0.00106540870902321,0.00105275850163517,0.00104340863008192,0.0010374893131208,0.00103540867046163,0.00103808581206538,0.00104723576740276,0.00106572296210152,0.00109800764711493,0.00115071154130393,0.00123332080635982,0.00135902241768578,0.00154563105402083,0.00181650674853436,0.00220129087559176,0.00273620647311875,0.00346359154468736,0.00443028118870618,0.00568445337727401,0.00727063541710832,0.0092227634879645,0.0115555151529871,0.0142545899979516,0.0172671554965288,0.0204942156477996,0.0237870618310748,0.0269500557052049,0.0297515966497938,0.0319441148750251,0.0332922963451861,0.0336066587072664,0.0327774477450473,0.0308021963586362,0.0277998576142315,0.0240057605246623,0.0197449546360974,0.0153864242945613,0.0112860767216554,0.00773068016057317,0.00489626746784117,0.00283173039755495,0.0014715441182672,0.000672649802500968,0.000262764347256568,8.42392292501637e-05,2.08855815948423e-05,3.65224092877712e-06,3.86015185372142e-07,1.84607939743911e-08,2.085336745931e-10,6.98947787770196e-14,0
0,6.86258938558008e-05,0.00131116534634347,0.00582255728727387,0.0141953568105143,0.0248804201549748,0.0353559466761395,0.0434380000639536,0.0479527275393821,0.0487737251711547,0.046511014068256,0.0421199596751147,0.0365847453175598,0.0307274505128715,0.0251316666601218,0.0201448728737703,0.0159223445178499,0.0124843451165068,0.00976950351703856,0.00767656272593838,0.00609287089871809,0.0049113082662408,0.00403860074412378,0.00339799691598038,0.00292873274281134,0.00258399730704264,0.00232846420508525,0.00213595295522352,0.0019874444896394,0.00186947370321885,0.00177282930981,0.00169147399999458,0.00162162356305225,0.00156096289673205,0.0015080077811521,0.00146163276873688,0.00142077720536762,0.00138432052116652,0.00135109460052597,0.00131998393777264,0.0012900582797479,0.00126068818102128,0.00123160867013615,0.00120291557361949,0.00117499821254345,0.0011484272859222,0.00112382543609784,0.00110174964742079,0.00108261022736431,0.00106664276648574,0.00105393985183377,0.00104454108184812,0.00103857522493493,0.00103644837587775,0.00103907673730565,0.00104817101617266,0.00106658907475363,0.00109878117489307,0.00115135402020103,0.00123377168542667,0.00135918951973217,0.00154537825956695,0.00181563884203904,0.0021995359235442,0.00273319675305894,0.00345884492034447,0.00442318588542044,0.0056742602348147,0.00725646267216112,0.00920361965870391,0.0115303452841946,0.0142223489859776,0.0172269091465064,0.0204452654423239,0.0237290834034996,0.0268832344974799,0.0296767385080518,0.0318627061269968,0.0332064890565623,0.033519163786633,0.0326913317992123,0.0307205965145489,0.0277256487912874,0.0239412269811029,0.019691526320967,0.0153445337349915,0.0112551718607071,0.00770939536382805,0.00488271666339639,0.002823854584725,0.00146743196389008,0.000670761551955093,0.000262023470898917,8.40006957568273e-05,2.08261936318752e-05,3.64181279223811e-06,3.84908435071494e-07,1.84076401379535e-08,2.07930536891644e-10,6.96915558970066e-14,0
0,6.87757025421682e-05,0.00131404883286979,0.00583540252468269,0.0142267538430573,0.0249355674688846,0.0354344476307073,0.0435345725689864,0.0480594351230818,0.0488823161006358,0.0466145796305841,0.042213720867273,0.0366661276258287,0.0307957258005565,0.0251874195715927,0.0201894701455878,0.0159575020050555,0.0125118233642621,0.00979092372784453,0.00769331702648335,0.00610609696676216,0.00492190215303618,0.00404724840433801,0.00340521171108224,0.00293489168329528,0.00258937267502659,0.00233324959303838,0.00214028401118566,0.0019914151460167,0.00187314870995217,0.00177625374432746,0.00169468025452939,0.00162463620160579,0.00156380174598748,0.00151068964223684,0.00146417216331593,0.00142318656232069,0.00138661015370289,0.00135327272565556,0.00132205687290679,0.00129203084085399,0.0012625642239244,0.00123339167193821,0.0012046091448629,0.00117660645445673,0.00114995494801085,0.00112527787377459,0.0011031326156672,0.00108392956675612,0.00106790403878041,0.00105514796395744,0.00104569990232962,0.00103968714949893,0.0010375137427066,0.00104009293013041,0.00104913102668365,0.00106747922677832,0.00109957764541589,0.0011520177354235,0.0012342411402368,0.00135937109283604,0.00154513371164055,0.00181476993661742,0.00219776654770495,0.00273015357420832,0.00345403850426324,0.00441599527457881,0.00566392512406945,0.00724208830639413,0.00918420010211709,0.0115048103895178,0.0141896388274915,0.0171860765673699,0.0203956026253976,0.0236702623042347,0.0268154443751181,0.0296007979899917,0.0317801239958417,0.0331194491293781,0.0334304163368305,0.0326039873967791,0.030637836733157,0.0276503887762783,0.0238757824411112,0.0196373463159939,0.0153020557443595,0.011223835000289,0.00768781395603637,0.00486897758384853,0.00281586965693694,0.00146326299322964,0.000668847279843537,0.000261272409828942,8.37588907829784e-05,2.07659929252075e-05,3.63124222653039e-06,3.83786595440086e-07,1.83537626987079e-08,2.07319197542154e-10,6.94855704159282e-14,0
0,6.89276989195506e-05,0.00131697293830958,0.00584842708616934,0.0142585860472696,0.0249914742543173,0.0355140234121741,0.0436324603627844,0.0481675890500005,0.0489923724562043,0.0467195372279343,0.0423087377402276,0.0367485962437066,0.0308649097302343,0.0252439124904572,0.0202346579576612,0.015993124083475,0.0125396641111846,0.00981262615569158,0.00771029189402657,0.00611949712085285,0.00493263556005879,0.00405601012500676,0.00341252191771281,0.00294113239147403,0.00259481978892769,0.00233809928920891,0.00214467375652553,0.0019954401386208,0.00187687457555221,0.00177972617041672,0.00169793206972934,0.00162769229763349,0.00156668221086067,0.00151341149607802,0.0014667501151429,0.00142563319917848,0.00138893591671581,0.00135548592865276,0.00132416390072086,0.00129403655252784,0.00126447250192079,0.00123520601293994,0.00120633318104751,0.00117824431797091,0.00115151143279062,0.00112675839396626,0.00110454299687348,0.00108527572717321,0.00106919161837685,0.00105638194136924,0.00104688420391143,0.00104082420690769,0.00103860389825228,0.00104113352571084,0.00105011494433053,0.00106839257871363,0.00110039624319675,0.00115270191022016,0.00123472845633362,0.00135956652109304,0.00154489694689469,0.00181389979944559,0.00219598285491301,0.00272707753117074,0.00344917357345951,0.00440871156297835,0.00565345148482948,0.00722751734968279,0.00916451183984156,0.0114789199099112,0.0141564718065942,0.0171446732657413,0.0203452462108766,0.0236106211887791,0.0267467115649376,0.0295238045743929,0.0316964006199261,0.0330312105022142,0.0333404510131896,0.0325154486836355,0.0305539493960643,0.0275741070360151,0.0238094525417008,0.0195824358541203,0.0152590069750841,0.011192078428559,0.00766594440193623,0.00485505561916116,0.00280777874742038,0.00145903884252903,0.000666907737670258,0.000260511458983279,8.35139093167447e-05,2.07050031335189e-05,3.62053338807235e-06,3.82650107897268e-07,1.82991828758913e-08,2.06699897637218e-10,6.92769037497175e-14,0
0,6.90818198360734e-05,0.00131993655494852,0.00586162609627747,0.0142908415996792,0.025048119883582,0.0355946448334958,0.0437316277314754,0.0482771500457091,0.0491038544370396,0.0468258490384175,0.0424049761573152,0.0368321216157893,0.0309349775550463,0.025301125236719,0.0202804201805552,0.0160291980395412,0.0125678574149104,0.00983460303935384,0.0077274812437278,0.00613306654097802,0.00494350460827964,0.00406488272006942,0.00341992485681658,0.00294745255824039,0.00260033661007457,0.00234301145411442,0.00214912050062942,0.00199951789059786,0.0018806498126104,0.00178324517321239,0.00170122809125166,0.00163079054836852,0.00156960303309826,0.00151617212307663,0.00146936543831771,0.00142811595963018,0.00139129668026795,0.00135773310367306,0.00132630393807791,0.00129607435370116,0.00126641197587165,0.00123705067599138,0.00120808668697041,0.00117991082944335,0.00115309578729855,0.00112826606297893,0.00110597987474439,0.00108664780754195,0.00107050461714154,0.00105764090670956,0.00104809311817453,0.00104198553639961,0.00103971798892588,0.00104219767828566,0.00105112193350557,0.00106932830995237,0.0011012361713231,0.00115340578589418,0.00123523293640365,0.00135977520421605,0.00154466751514315,0.00181302820704193,0.00219418495560233,0.00272396921375316,0.00344425138825255,0.00440133692432283,0.00564284270183768,0.00721275474829792,0.00914456177386249,0.0114526831225758,0.0141228599914494,0.01710271447276,0.0202942148718851,0.0235501823036574,0.0266770618173034,0.0294457872015043,0.031611567547552,0.032941806487697,0.0332493018291969,0.0324257491708156,0.030468966280654,0.0274968324856185,0.0237422624383694,0.0195268157682871,0.0152154037649741,0.0111599142008827,0.00764379500548559,0.00484095605666249,0.00279958492959726,0.00145476111672516,0.00066494366252787,0.000259740907630074,8.32658445166568e-05,2.06432474588086e-05,3.60969035287896e-06,3.81499405304823e-07,1.8243921476448e-08,2.06072873573559e-10,6.90656357238939e-14,0
0,6.92380037305212e-05,0.00132293859572245,0.00587499476872124,0.0143235088922499,0.0251054841041233,0.0356762832375465,0.0438320396085459,0.048388079546507,0.0492167229613995,0.046933477922378,0.0425024025966842,0.036916674718201,0.0310059049725895,0.0253590379923831,0.020326740973881,0.0160657113873404,0.0125963935110157,0.00985684675648489,0.00774487909965263,0.00614680049345157,0.00495450548822493,0.00407386306069374,0.00342741789757029,0.00295384991617844,0.00260592113673038,0.00234798428172981,0.00215362258376954,0.00200364685404257,0.00188447296117008,0.00178680936411197,0.00170456699004727,0.00163392967553279,0.00157256297826087,0.00151897032688079,0.00147201696971133,0.00143063370973428,0.00139369133644598,0.00136001316658803,0.00132847592326844,0.00129814320444818,0.00126838162748929,0.00123892466449168,0.00120986868766748,0.00118160503515897,0.00115470707819795,0.0011297999664653,0.00110744235208366,0.00108804492567945,0.00107184216566635,0.00105892400122076,0.0010493257952152,0.00104317029566988,0.00104085517955168,0.00104328456045979,0.00105215117688983,0.00107028561802704,0.00110209665073705,0.00115412862108384,0.00123575389956541,0.00135999655684508,0.00154444497871172,0.0018121549446904,0.00219237296334133,0.00272082920668302,0.00343927319224265,0.00439387349956773,0.00563210210563412,0.00719780536641129,0.00912435668886056,0.0114261091443463,0.0140888152389111,0.0170602151501359,0.0202425269484391,0.0234889674956975,0.0266065204170552,0.0293667742855024,0.0315256557507052,0.0328512697871681,0.0331570021716116,0.0323349217495165,0.0303829185744344,0.0274185935016611,0.0236742368166037,0.0194705065010175,0.0151712621447852,0.0111273541454377,0.00762137391374172,0.00482668408352714,0.00279129121853117,0.00145043139020883,0.000662955777448318,0.000258961039507208,8.30147877563635e-05,2.05807486575833e-05,3.5987171185366e-06,3.80334912177749e-07,1.81879989052189e-08,2.05438357168575e-10,6.88518446132838e-14,0
0,6.93961905518512e-05,0.00132597799374221,0.0058885284044928,0.01435657652783,0.0251635470305576,0.0357589104858016,0.0439336615609375,0.0485003396840788,0.049330939651022,0.0470423874075274,0.042600984137839,0.0370022270469102,0.0310776681150998,0.0254176312934212,0.0203736047798473,0.0161026518635032,0.012625262808998,0.00987934982045811,0.00776247959227496,0.00616069432891647,0.00496563445835194,0.00408294807392649,0.00343499845623412,0.00296032223856042,0.00261157140319514,0.00235301599866605,0.00215817837633843,0.00200782550927345,0.00188834258803204,0.00179041738010414,0.00170794746170612,0.00163710842469496,0.00157556083508996,0.0015218049337584,0.00147470356834163,0.00143318533729546,0.00139611879873693,0.00136232505436042,0.00133067881538375,0.00130024208535771,0.00127038045870841,0.00124082700176044,0.00121167822778548,0.00118332600070364,0.00115634439115313,0.00113135920880032,0.00110892955016993,0.00108946621766884,0.00107320341264188,0.00106023038411732,0.00105058140301105,0.00104437766023113,0.00104201465272192,0.00104439336255282,0.00105320187479545,0.00107126371794682,0.00110297691956955,0.00115486969109816,0.00123629068071414,0.00136023000791384,0.00154422891184649,0.00181127980592016,0.00219054699442674,0.00271765808937572,0.00343424021233217,0.00438632339729775,0.00562123297341862,0.00718267398759659,0.00910390325452684,0.0113992069350099,0.0140543491990386,0.017017189996037,0.0201902004548499,0.0234269982210279,0.0265351121940901,0.0292867937265471,0.0314386956383478,0.0327596325048606,0.0330635848150675,0.0322429987055967,0.0302958368888848,0.027339417934848,0.0236053999029766,0.0194135281136579,0.0151265978455049,0.0110944098686163,0.00759868912060018,0.00481224478916774,0.00278290057232356,0.00144605120755709,0.000660944791740629,0.000258172132955408,8.27608286676821e-05,2.05175290516254e-05,3.58761760610334e-06,3.79157044887042e-07,1.81314351747412e-08,2.04796575772393e-10,6.86356071801848e-14,0
0,6.95563216860431e-05,0.00132905370183399,0.00590222239001344,0.0143900333157037,0.0252222891368929,0.0358424989472906,0.0440364597754857,0.0486138932705397,0.0494464668159344,0.047152541674476,0.0427006884485515,0.0370887506063699,0.0311502435399164,0.0254768860219721,0.0204209963170032,0.0161400074222513,0.0126544558883819,0.00990210487730823,0.00778027695606168,0.00617474348041536,0.00497688784348144,0.0040921347413921,0.00344266399504499,0.00296686733838126,0.00261728547894263,0.00235810486338123,0.00216278627811407,0.00201205236413768,0.00189225728608908,0.00179406788312568,0.00171136822583112,0.00164032556465715,0.00157859541490392,0.00152467479199958,0.00147742411477966,0.00143576975127272,0.00139857800143672,0.00136466772445217,0.0013329115937233,0.00130236999693997,0.00127240749109311,0.00124275673044548,0.00121351437099123,0.00118507281037509,0.00115800683024212,0.00113294291249554,0.00111044060817186,0.00109091083727419,0.00107458752427119,0.00106155923199723,0.00105185912682889,0.00104560682281705,0.00104319560819536,0.00104552329199225,0.00105427324455377,0.00107226184158157,0.00110387623252245,0.00115562828730149,0.00123684262991654,0.001360475000067,0.00154401890017277,0.00181040259203514,0.00218870716752513,0.00271445643574564,0.00342915365878299,0.00437868869413034,0.00561023852992404,0.00716736531632072,0.00908320802784089,0.0113719853005544,0.014019473319499,0.0169736534508176,0.0201372530869115,0.0233642955538003,0.0264628615336139,0.0292058729224487,0.0313507170692758,0.0326669261616043,0.0329690819361827,0.0321500117335821,0.0302077512728264,0.0272593331222583,0.0235357754758587,0.019355900295297,0.0150814263053822,0.0110610927602366,0.00757574847040098,0.00479764316754109,0.0027744158934601,0.00144162208423912,0.000658911401316451,0.000257374461046521,8.25040551820785e-05,2.04536105383674e-05,3.57639566193936e-06,3.77966211854975e-07,1.80742499146824e-08,2.04147752375685e-10,6.84169987110701e-14,0
0,6.97183398894319e-05,0.00133216469209423,0.0059160721953284,0.0144238682672449,0.0252816912489337,0.0359270214878197,0.0441404010456999,0.048728703783867,0.0495632674396611,0.0472639055426531,0.0428014837721322,0.0371762178984782,0.0312236082202187,0.0255367833987694,0.0204689005741683,0.0161777662305953,0.0126839634949472,0.00992510470277088,0.00779826552713655,0.00618894346152594,0.00498826203328399,0.00410142009803748,0.00345041202114984,0.00297348306742892,0.00262306146778992,0.00236324916542205,0.00216744471755393,0.00201632595334394,0.00189621567368781,0.00179775955944534,0.00171482802543886,0.00164357988686853,0.00158166555102122,0.00152757877134659,0.00148017751058404,0.00143838588121624,0.00140106789908815,0.00136704015426272,0.00133517325723308,0.00130452595906521,0.00127446176527618,0.00124471291196354,0.00121537619941426,0.00118684456662794,0.00115969351740399,0.00113455021764833,0.00111197468259873,0.00109237795539153,0.00107599368372011,0.00106290973829055,0.00105315816867056,0.00104685699282461,0.00104439726233532,0.00104667357274712,0.00105536451994469,0.00107327923708802,0.00110479386029385,0.00115640371654225,0.00123740911185027,0.00136073098912247,0.00154381454019907,0.00180952311168747,0.00218685360335602,0.0027112248140546,0.00342401472530468,0.00437097143513959,0.00559912194829545,0.00715188397942072,0.00906227745530844,0.0113444528963424,0.0139841988498565,0.0169296197025866,0.0200837022288769,0.0233008801946473,0.0263897923860705,0.0291240387799627,0.0312617493645582,0.0325731817080781,0.0328735251271994,0.0320559919501995,0.0301186912253394,0.0271783658991694,0.0234653868757617,0.0192976423713756,0.0150357626767128,0.0110274139985732,0.00755255966140863,0.00478288411937347,0.00276584003010941,0.00143714550729724,0.000656856289004039,0.000256568291707226,8.2244553570664e-05,2.03890146008934e-05,3.56505505947116e-06,3.76762813743271e-07,1.80164623809296e-08,2.03492105713519e-10,6.81960930519222e-14,0
0,6.98821892277853e-05,0.00133530995545866,0.00593007337234519,0.0144580705916742,0.0253417345368693,0.0360124514594637,0.044245452758881,0.0488447353537119,0.0496813051648287,0.0473764444566123,0.0429033389150562,0.0372646019118504,0.0312977395360312,0.0255973049757926,0.0205173028045447,0.0162159166636799,0.0127137765370748,0.00994834219941665,0.00781643974102058,0.00620328986455889,0.00499975348081834,0.00411080123092076,0.00345824008557737,0.00298016731538878,0.002628897507098,0.00236844722469436,0.00217215215111648,0.00202064483782164,0.00190021639401621,0.00180149111907305,0.00171832562638557,0.00164687020486415,0.00158477009820895,0.00153051576244953,0.00148296267776144,0.001441032676731,0.0014035874659463,0.00136944134059539,0.00133746282397265,0.00130670901043163,0.00127654234042836,0.00124669462597141,0.00121726281312032,0.00118864038954982,0.00116140359191777,0.00113618028142315,0.00111353094678333,0.00109386675953257,0.00107742109060081,0.00106428111274178,0.0010544777467532,0.00104812739579135,0.00104561884758351,0.00104784344479804,0.00105647495066337,0.00107431516837406,0.00110572908904221,0.00115719530062116,0.00123798950528363,0.0013609974435743,0.00154361543886128,0.00180864118049011,0.0021849864244118,0.00270796378679269,0.00341882458916827,0.00436317363429568,0.00558788635097054,0.00713623452756282,0.00904111787515612,0.0113166182302114,0.0139485368457493,0.0168851026926188,0.0200295649602296,0.0232367724788815,0.0263159282767615,0.0290413177257232,0.0311718213195736,0.032478429537629,0.0327769454091718,0.0319609699074599,0.0300286857082474,0.0270965426104815,0.0233942570153314,0.0192387733120041,0.0149896218323924,0.0109933845552137,0.00752913024917236,0.00476797245430897,0.00275717577737695,0.00143262293600418,0.000654780124851286,0.000255753887838403,8.19824084827861e-05,2.03237623175875e-05,3.55359950089335e-06,3.75547243634588e-07,1.79580914643523e-08,2.02829850365451e-10,6.79729626422737e-14,0
0,7.00478150204814e-05,0.00133848850128467,0.00594422155311502,0.0144926296919193,0.0254024005080463,0.0360987626903239,0.0443515828835744,0.0489619527475889,0.0498005442791602,0.047490124472714,0.0430062232349358,0.0373538761113991,0.0313726152654895,0.0256584326291358,0.0205661885200067,0.0162544473002721,0.012743886082207,0.00997181039387697,0.0078347941304461,0.00621777835881592,0.00501135870111958,0.00412027527804241,0.00346614578224628,0.00298691800898068,0.00263479176700207,0.00237369739076113,0.00217690706260867,0.00202500760410509,0.00190425811451551,0.00180526129519291,0.00172185981681654,0.00165019535372721,0.00158790793215505,0.00153348467634588,0.00148577855825145,0.00144370910696509,0.0014061356954691,0.00137187029914949,0.0013397793306085,0.00130891820806008,0.00127864829375486,0.00124870096986473,0.00121917332961299,0.00119045941636605,0.00116313620991002,0.00113783227756182,0.00111510859039436,0.00109537645333829,0.00107886896048562,0.00106567258092299,0.00105581709502067,0.00104941727290451,0.00104685961196627,0.00104903216364048,0.00105760380182063,0.00107536891459746,0.00110668121988572,0.00115800237579537,0.00123858320259142,0.00136127384413175,0.0015434212131027,0.00180775662066408,0.00218310575470968,0.00270467391058712,0.00341358441134131,0.00435529727491579,0.00557653481055763,0.00712042143668054,0.0090197355194809,0.0112884896654989,0.0139124981729554,0.0168401161206132,0.0199748580622536,0.0231719923844443,0.0262412923151644,0.0289577357168303,0.0310809612156584,0.0323826994986737,0.0326793732447223,0.031864975605309,0.0299377631581854,0.0270138891217616,0.0233224083890044,0.0191793117399991,0.0149430183722488,0.0109590151997521,0.00750546764977202,0.00475291289298457,0.00274842587851588,0.00142805580249786,0.000652683566418329,0.000254931507430392,8.17177029832835e-05,2.0257874371447e-05,3.54203261881101e-06,3.74319887207635e-07,1.78991556992575e-08,2.02161196852067e-10,6.77476785480255e-14,0
0,7.02151637892219e-05,0.00134169935694667,0.00595851244815737,0.0145275351605766,0.0254636709999229,0.036185929474551,0.0444587599573531,0.0490803213574364,0.049920949701853,0.0476049122461799,0.0431101066288346,0.0374440144282134,0.0314482135763624,0.0257201485520883,0.0206155434855634,0.0162933469183878,0.0127742833534191,0.00999550243415848,0.00785332332324218,0.00623240468890576,0.00502307426983535,0.00412983942721682,0.0034741267470087,0.00299373311112703,0.00264074244967004,0.0023789980421666,0.00218170796255826,0.00202941286374142,0.00190833952631495,0.00180906884361881,0.00172542940663797,0.00165355418957364,0.00159107794896272,0.00153648444396246,0.00148862411343404,0.00144641416012119,0.00140871159983148,0.00137432606403643,0.00134212183193189,0.00131115262681377,0.00128077872001717,0.0012507310583025,0.00122110688336121,0.00119230080097048,0.00116489054388899,0.0011395053959206,0.0011167068189758,0.00109690625611984,0.00108033652444855,0.00106708338377494,0.00105717546268356,0.00105072588053916,0.00104811881863035,0.001050238999818,0.00105875035347416,0.001076439769696,0.0011076495684335,0.00115882429231481,0.0012391896093035,0.00136155968329112,0.00154323148948625,0.0018068692607165,0.00218121171957202,0.00270135573613499,0.00340829533664039,0.00434734431012281,0.00556507035070821,0.0071044491093891,0.00899813651635285,0.0112600754239906,0.0138760935113466,0.0167946734497996,0.0199195980244076,0.0231065595396114,0.0261659072039605,0.0288733182511005,0.0309891968313828,0.0322860209066988,0.0325808385503805,0.0317680385038624,0.0298459514982715,0.02693043082992,0.023249863082345,0.0191192759386525,0.0148959666291619,0.0109243165043234,0.00748157914295479,0.00473771006903529,0.00273959302609706,0.00142344551239457,0.000650567259060211,0.000254101403674321,8.14505185884689e-05,2.01913710590769e-05,3.53035797782564e-06,3.73081122906245e-07,1.78396732715508e-08,2.01486351728155e-10,6.75203104931069e-14,0
0,7.03841832107915e-05,0.00134494156744388,0.00597294184482692,0.014562776775976,0.0255255281732054,0.0362739265626296,0.0445669530749287,0.0491998071865436,0.0500424869703338,0.0477207750185101,0.0432149595219149,0.0375349912497319,0.0315245130178231,0.025782435248422,0.0206653537139886,0.0163326044910543,0.0128049597260982,0.0100194115870434,0.00787202204028893,0.00624716467311616,0.00503489682190813,0.00413949091498286,0.00348218065672719,0.00300061062015065,0.00264674778858798,0.00238434758578542,0.0021865533876095,0.00203385925272103,0.00191245934368849,0.00181291254227131,0.00172903322700978,0.00165694558905751,0.0015942790646658,0.00153951401563851,0.00149149832365835,0.00144914684298947,0.00141131420946143,0.00137680768731813,0.00134448940039934,0.00131341135894089,0.00128293273107829,0.0012527840227552,0.00122306262535076,0.00119416371348047,0.00116666578230305,0.00114119884203173,0.00111832485351099,0.00109845540242438,0.00108182302863204,0.00106851277717392,0.00105855211378528,0.00105205248982279,0.00104939574540568,0.00105146323848303,0.00105991390018757,0.0010775270419459,0.00110863346434567,0.00115966041398795,0.00123980814368284,0.00136185446493702,0.00154304590383555,0.0018059789351461,0.00217930444543149,0.00269800980815686,0.00340295849389785,0.00433931666330901,0.00555349594698124,0.00708832187637435,0.00897632689186974,0.0112313835887941,0.0138393333587338,0.0167487879118967,0.0198638010505081,0.0230404932304613,0.0260897952477799,0.0287880903769932,0.0308965554534647,0.0321884225558735,0.0324813707085225,0.0316701875352423,0.0297532781493945,0.0268461926735372,0.023176642781073,0.0190586838592433,0.0148484806749804,0.0108892988479884,0.00745747187516748,0.00472236853103232,0.00273067986313993,0.00141879344538173,0.000648431836200065,0.000253263825069694,8.11809353008982e-05,2.01242722993799e-05,3.51857907606728e-06,3.71831322102697e-07,1.77796620266179e-08,2.0080551767266e-10,6.72909268900345e-14,0
0,7.05548220734304e-05,0.00134821419501996,0.00598750560572279,0.0145983444983458,0.0255879545051621,0.0363627291519213,0.0446761318765835,0.0493203768368368,0.0501651222273848,0.0478376806052595,0.0433207528564122,0.0376267814102021,0.0316014925124645,0.0258452755258802,0.0207156054606158,0.0163722091822029,0.012835906724727,0.0100435312355727,0.00789088509353828,0.00626205420183968,0.0050468230503021,0.0041492270255518,0.00349030522838404,0.00300754856900115,0.00265280604787139,0.00238974445619567,0.00219144189994139,0.00203834543092936,0.00191661630353211,0.00181679119067477,0.00173267012985835,0.0016603684488962,0.0015975102147638,0.00154257236066839,0.00149440018779138,0.00145190618050075,0.00141394257259641,0.00137931423856617,0.00134688112569421,0.0013156935136387,0.00128510945546952,0.00125485901107481,0.00122503972265774,0.00119604733981408,0.00116846112912156,0.00114291183668766,0.00111996193000958,0.00110002314162406,0.00108332773383709,0.00106996003152218,0.00105994632679194,0.00105339638622421,0.00105068968439273,0.00105270417898271,0.00106109375061506,0.00107863005354635,0.0011096322509199,0.00116051011777421,0.00124043823633047,0.00136215770397018,0.00154286410090192,0.00180508548417326,0.00217738405965819,0.00269463666536792,0.00339757499613996,0.00433121622860186,0.0055418145276971,0.00707204399775441,0.00895431257216271,0.0112024221071348,0.0138022280346031,0.0167024725119252,0.0198074830647256,0.0229738124081139,0.026012978361674,0.028702076703223,0.0308030638873358,0.0320899327302902,0.0323809985789241,0.0315714511150291,0.029659770041135,0.0267611991428523,0.0231027687797964,0.0189975531283024,0.0148005743262444,0.0108539724209733,0.00743315286248862,0.00470689274435721,0.00272168898420589,0.00141410095579087,0.000646277919593202,0.000252419015528391,8.09090316429783e-05,2.00565976419557e-05,3.50669934667521e-06,3.70570849255529e-07,1.77191394769406e-08,2.00118893575592e-10,6.70595948694226e-14,0
0,7.07270302364443e-05,0.00135151631879437,0.00600219966713924,0.0146342284660781,0.0256509327831159,0.0364523128774623,0.0447862665369206,0.0494419974965204,0.0502888222086323,0.0479555973841617,0.0434274580809292,0.0377193601814211,0.0316791313485513,0.0259086524898635,0.0207662852182907,0.0164121503426896,0.0128671160197678,0.0100678548766106,0.00790990738409917,0.00627706923605165,0.00505884970477267,0.00415904508979136,0.0034984982182215,0.00301454502450868,0.00265891552160115,0.00239518711507452,0.00219637208670727,0.00204287008161918,0.00192080916486088,0.00182070360947366,0.0017363389874081,0.00166382168541427,0.00160077035377557,0.00154565846686304,0.00149732872278539,0.00145469121529853,0.00141659575485906,0.00138184480444038,0.00134929611430793,0.00131799821663749,0.00128730803797749,0.00125695518708516,0.00122703735804266,0.00119795088128799,0.00117027580343647,0.00114464361554603,0.00112161729911549,0.00110160873752611,0.00108484991513471,0.00107142443135993,0.00106135739420428,0.00105475686916465,0.00105199994157255,0.00105396113446771,0.00106228922710939,0.00107974814022773,0.00111064528470197,0.00116137279340065,0.00124107932981465,0.00136246892595955,0.00154268573405477,0.00180418875349189,0.00217545069040608,0.0026912368404645,0.00339214594077402,0.00432304487133005,0.00553002897477935,0.00705561966441284,0.0089320993853525,0.0111731987930784,0.0137647876837472,0.016655740032879,0.0197506597173995,0.022906535695746,0.0259354780793219,0.0286153014080686,0.0307087484673719,0.0319905792148441,0.0322797505099423,0.0314718571533439,0.0295654536223321,0.0266754742894278,0.0230282619904595,0.0189359010546414,0.0147522611497208,0.0108183472287714,0.00740862899346459,0.00469128709301438,0.00271262293645578,0.00140936937315179,0.000644106119582507,0.000251567214475236,8.06348846894656e-05,1.99883662752221e-05,3.49472215922952e-06,3.69300062062104e-07,1.76581228094575e-08,1.99426674622006e-10,6.68263803084947e-14,0
0,7.09007585927201e-05,0.00135484703440477,0.00601702003755752,0.0146704189920923,0.0257144460981107,0.0365426538030123,0.0448973277539243,0.0495646369280644,0.0504135542303923,0.0480744942835976,0.0435350471400424,0.0378127032637485,0.0317574091725048,0.0259725495373059,0.0208173797124797,0.0164524175064391,0.0128985794246462,0.0100923761184856,0.00792908390038492,0.00629220580583826,0.0050709735906774,0.00416894248424419,0.00350675742091178,0.00302159808666375,0.00266507453318306,0.00240067405061578,0.00220134255949479,0.00204743191090228,0.00192503670832479,0.00182464863996719,0.00174003869173107,0.00166730423410502,0.00160405845481056,0.00154877134012895,0.00150028296326304,0.00145750100732889,0.0014192728388508,0.00138439848828561,0.00135173348913967,0.0013203246098032,0.00128952763924991,0.00125907173019122,0.0012290547295635,0.00119987355423447,0.00117210903908321,0.00114639342875413,0.00112329022573424,0.00110321146800254,0.00108638886149717,0.00107290527499742,0.00106278462218979,0.00105613325164949,0.00105332583643765,0.00105523343152222,0.00106349966535136,0.00108088065088156,0.00111167193511831,0.00116224784300095,0.00124173087832244,0.00136278766681612,0.00154251046499315,0.00180328859404099,0.00217350446647641,0.00268781086012344,0.00338667240978244,0.00431480442848758,0.00551814212458272,0.00703905299930218,0.00890969306345598,0.0111437213301771,0.0137270222797901,0.0166086030402564,0.0196933463906759,0.0228386813953896,0.0258573155609812,0.0285277882483874,0.0306136350667972,0.0318903893057653,0.0321776543493381,0.0313714330655736,0.0294703548713089,0.0265890417355008,0.0229531429505172,0.0188737446361522,0.014703554467759,0.0107824330961105,0.0073839070318533,0.00467555588138473,0.00270348422067289,0.00140460000272867,0.000641917035345485,0.000250708656945273,8.03585700988969e-05,1.99195970342695e-05,3.48265082113552e-06,3.68019311606138e-07,1.75966288926814e-08,1.98729052373195e-10,6.65913478586386e-14,0
0,7.10759590338549e-05,0.00135820545366027,0.00603196279617817,0.0147069065602968,0.0257784778387498,0.0366337284123509,0.045009286738328,0.0496882634565327,0.0505392861778648,0.0481943407713965,0.0436434924642139,0.0379067867773872,0.0318363059816124,0.0260369503507376,0.0208688758965283,0.0164930003867091,0.0129302888928288,0.0101170886787082,0.00794840971632072,0.00630746000897324,0.00508319156782666,0.00417891663017981,0.00351508066875568,0.00302870588792235,0.00267128143473008,0.00240620377696824,0.00220635195380552,0.00205202964725974,0.0019292977357424,0.00182862514366128,0.00174376815431347,0.00167081504920883,0.00160737350915673,0.00155191000406381,0.00150326196111911,0.00146033463344703,0.00142197292376231,0.00138697440974553,0.00135419238911324,0.00132267185075736,0.00129176743541887,0.001261207835006,0.00123109105020648,0.00120181458963622,0.0011739600842794,0.0011481605405912,0.00112497998867848,0.00110483062463803,0.00108794387544762,0.00107440187416543,0.00106422733023353,0.00105752485991879,0.00105466670164198,0.00105652040981335,0.00106472441399901,0.00108202694721056,0.00111271158412892,0.00116313468077462,0.00124239234733139,0.00136311347248689,0.00154233796347638,0.00180238486179373,0.00217154551719624,0.00268435924501251,0.00338115546992178,0.00430649670919467,0.00550615676870631,0.00702234805871749,0.00888709924424288,0.0111139972740427,0.0136889416286105,0.0165610738864563,0.0196355582039727,0.022770267494519,0.0257785116011886,0.0284395605683458,0.0305177491072745,0.0317893898208158,0.0320747374547527,0.0312702057827524,0.0293744993057697,0.0265019246830341,0.0228774318308463,0.0188111005663882,0.0146544673634732,0.0107462396707927,0.00735899361927921,0.00465970333592238,0.00269427529225277,0.00139979412603877,0.000639711255133281,0.000249843573677887,8.00801621439997e-05,1.9850308408459e-05,3.47048857896302e-06,3.66728942500401e-07,1.75346742835828e-08,1.98026214845197e-10,6.63545609720477e-14,0
0,7.12525844176436e-05,0.00136159070420514,0.00604702409149306,0.014743681822146,0.0258430116852038,0.0367255136008145,0.045122115203281,0.049812845958245,0.0506659864936684,0.0483151068439662,0.0437527669600007,0.0380015872539239,0.0319158021169579,0.0261018388925284,0.020920760947066,0.016533888872471,0.0129622365149935,0.0101419863817613,0.00796787998960924,0.00632282800954123,0.00509550054937254,0.00418896499267856,0.00352346583090862,0.00303586659253505,0.00267753460646623,0.00241177483369396,0.00221139892855316,0.00205666204106998,0.00193359106965166,0.00183263200183711,0.00174752630563848,0.00167435310330756,0.00161071452588433,0.00155507349956787,0.00150626478513804,0.0014631911870398,0.00142469512500006,0.00138957170439258,0.0013566719688102,0.00132503911251344,0.0012940266177406,0.00126336271099401,0.00123314554753351,0.00120377323277775,0.00117582820128025,0.00114994422912751,0.0011266858803301,0.00110646551239465,0.00108951427272658,0.00107591355368294,0.00106568485080623,0.00105893103311538,0.00105602188266869,0.00105782142175852,0.00106596283435501,0.00108318640339702,0.00111376362589873,0.00116403273266505,0.00124306321329995,0.00136344589866686,0.0015421679070721,0.00180147741756247,0.00216957397231018,0.00268088250981024,0.00337559617292547,0.00429812349515385,0.00549407565479081,0.00700550883353905,0.00886432347304297,0.0110840340548467,0.0136505553716642,0.0165131647150418,0.0195773100192779,0.0227013116724344,0.0256990866362197,0.0283506413078739,0.030421115568191,0.0316876071091611,0.0319710267038498,0.0311682017616112,0.0292779119923802,0.0264141459224764,0.0228011484434022,0.0187479852409333,0.0146050126857588,0.0107097764274103,0.00733389527780284,0.0046437336067968,0.00268499856216116,0.00139495300135434,0.000637489356502,0.000248972191207876,7.97997337411183e-05,1.97805185487755e-05,3.45823861974214e-06,3.65429293024787e-07,1.74722752342497e-08,1.97318346584752e-10,6.6116081927486e-14,0
0,7.14305885376958e-05,0.00136500192919264,0.00606220013989657,0.0147807355932919,0.0259080316033847,0.0368179866670734,0.0452357853543093,0.0499383538497636,0.0507936241667086,0.0484367630157408,0.0438628440005545,0.0380970816281228,0.0319958782565648,0.0261671993993076,0.0209730222595521,0.0165750730249036,0.0129944145162895,0.0101670631569608,0.00798748996005242,0.00633830603660643,0.00510789750073485,0.00419908507974646,0.00353191081263315,0.00304307839589947,0.00268383245615137,0.00241738578524573,0.00221648216557968,0.0020613278641538,0.00193791555287699,0.00183666811513554,0.00175131209478448,0.00167791738693402,0.00161408053146467,0.00155826088447033,0.00150929052062639,0.00146606977766305,0.00142743857382773,0.00139218952337297,0.00135917139811811,0.00132742558312847,0.00129630439225057,0.00126553558213019,0.00123521746334503,0.00120574874291244,0.00117771266604951,0.00115174378589896,0.00112840720631814,0.00110811544929227,0.00109109938197426,0.00107743965114069,0.00106715652904848,0.00106035112296923,0.00105739073751435,0.00105913583220951,0.00106721430005093,0.00108435840578828,0.00111482746648622,0.00116494143605456,0.00124374296337483,0.00136378451052775,0.00154199998092003,0.00180056612681787,0.00216758996188395,0.00267738116323353,0.00336999555570872,0.00428968654110046,0.00548190148729913,0.00698853925044416,0.00884137120450405,0.011053838979748,0.0136118729892075,0.0164648874648737,0.0195186164462834,0.0226318313064454,0.0256190607513152,0.0282610530108537,0.0303237589956507,0.0315850670609282,0.0318665485041346,0.0310654469943062,0.0291806175560413,0.0263257278412431,0.0227243122486313,0.0186844147635675,0.0145552030541476,0.0106730526709431,0.00730861841240802,0.00462765076948232,0.00267565639786128,0.00139007786418854,0.000635251906536596,0.000248094731953605,7.95173564786953e-05,1.97102452749435e-05,3.44590407221745e-06,3.64120695259932e-07,1.74094476983319e-08,1.96605628742783e-10,6.58759718552129e-14,0
0,7.16099260949853e-05,0.00136843828696864,0.00607748722433518,0.0148180588503284,0.0259735218392823,0.0369111253051392,0.0453502698795644,0.0500647570772009,0.0509221687213722,0.0485592803089411,0.0439736974164048,0.0381932472299662,0.0320765154087479,0.026233016376554,0.0210256474439611,0.0166165430739965,0.0130268152536833,0.010192313036385,0.00800723494792758,0.00635389038292483,0.00512037943856268,0.00420927444145981,0.00354041355457691,0.00305033952393483,0.00269017341852596,0.00242303522046282,0.00222160036918858,0.00206602590933563,0.00194227004811198,0.00184073240315654,0.00175512448903808,0.00168150690819606,0.00161747056940326,0.00156147123316983,0.00151233826905946,0.00146896953069322,0.00143020241702198,0.00139482703306598,0.00136168986189329,0.00132983046536908,0.00129859997943312,0.00126772568657324,0.00123730605335744,0.00120774039294392,0.00117961276794493,0.00115355851559624,0.00113014328521111,0.00110977976610356,0.00109269854442761,0.00107897951659948,0.00106864172246985,0.00106178449349679,0.00105877263638834,0.00106046301815188,0.00106847819674704,0.00108554235259788,0.00111590252354782,0.00116586023947551,0.00124443109511417,0.00136412888246199,0.00154183387751017,0.00179965085952098,0.0021655936162182,0.00267385570807201,0.00336435464057447,0.00428118757524632,0.00546963692827988,0.00697144317308791,0.00881824780430117,0.0110234192352515,0.013572903803425,0.0164162538741194,0.0194594918473618,0.0225618434778633,0.0255384536876793,0.0281708178330489,0.0302257035111814,0.0314817951164616,0.0317613288024611,0.0309619670178384,0.0290826401888681,0.0262366924319258,0.0226469423626465,0.018620404952236,0.0145050508635082,0.0106360775402404,0.00728316931340979,0.004611458826297,0.00266625112421149,0.00138516992776583,0.000632999462067628,0.000247211414302353,7.92331006448435e-05,1.96395060823161e-05,3.43348800806199e-06,3.62803475216544e-07,1.73462073372782e-08,1.95888239145513e-10,6.56342907611009e-14,0
0,7.17905526711508e-05,0.00137189895076477,0.00609288169299458,0.014855642727626,0.0260394669134613,0.0370049075966024,0.0454655419403523,0.0501920261058359,0.0510515902070376,0.0486826302436374,0.0440853014865173,0.0382900617769352,0.0321576949056679,0.0262992745933524,0.0210786243205998,0.0166582894152597,0.0130594312133895,0.0102177301528704,0.00802711035241601,0.00636957740369853,0.0051329434297303,0.00421953066913839,0.00354897203207496,0.00305764823247808,0.00269655595477501,0.00242872175208438,0.00222675226569457,0.00207075499002036,0.00194665343751696,0.00184482380407318,0.00175896247352115,0.00168512069241439,0.00162088369988647,0.00156470363628854,0.00151540714774134,0.00147188958699236,0.0014329858165416,0.00139748341475683,0.00136422655963701,0.00133225297639118,0.00130091261390473,0.00126993227635277,0.00123941058689415,0.00120974746912132,0.0011815278094174,0.00115538773576767,0.00113189344822308,0.00111145780606278,0.001094311113631,0.00108053251230237,0.00107013980066184,0.00106323052071445,0.00106016696142643,0.00106180236841873,0.00106975392184664,0.00108673765362138,0.00111698822605706,0.00116678860233587,0.00124512711622506,0.00136447859784065,0.00154166929647405,0.00179873148996686,0.00216358506577167,0.00267030664122778,0.00335867443541964,0.00427262829971623,0.00545728459811319,0.00695422440325295,0.00879495855079791,0.0109927818894965,0.0135336569814631,0.0163672754841384,0.0193999503423882,0.0224913649778051,0.0254572848492599,0.0280799575497853,0.0301269728201675,0.0313778162752848,0.031655393094238,0.0308577869231743,0.0289840036588838,0.026147061300243,0.0225690575641755,0.0185559713448284,0.014454568288598,0.0105988600113933,0.00725755415878589,0.00459516170789257,0.00265678502433443,0.00138023038347737,0.000630732569881123,0.000246322452692936,7.89470352540418e-05,1.95683181485444e-05,3.42099344305261e-06,3.61477952960621e-07,1.72825695263751e-08,1.95166352363311e-10,6.53910975499778e-14,0
0,7.19724247033945e-05,0.00137538310840081,0.00610837995802371,0.0148934785142558,0.0261058516157137,0.0370993120030905,0.0455815751619376,0.0503201319100356,0.0511818591878956,0.0488067848281083,0.0441976309296196,0.0383875033665237,0.0322393983970807,0.0263659590773116,0.0211319409160558,0.016700302606536,0.0130922550083814,0.0102433087380706,0.00804711165008215,0.00638536351537071,0.00514558659036628,0.0042298513945463,0.00355758425447573,0.00306500280670048,0.00270297855201047,0.00243444401627966,0.00223193660298901,0.0020755139397851,0.0019510646223309,0.00184894127425932,0.00176282505083132,0.00168875778177354,0.00162431899944128,0.00156795720033901,0.00151849628947776,0.00147482910258591,0.00143578794920942,0.00140015786432222,0.00136678070518458,0.00133469234743248,0.00130324154411009,0.00127215461706919,0.00124153034658952,0.00121176927074712,0.00118345710572283,0.00115723077653474,0.00113365703893248,0.00111314892458715,0.00109593645515986,0.0010820980123997,0.00107165014502394,0.00106468859236508,0.00106157310641768,0.00106315328341785,0.00107104088422381,0.00108794372996569,0.00111808401403725,0.0011677259946585,0.00124583054431447,0.00136483324878434,0.00154150594438804,0.00179780789663873,0.00216156444109231,0.00266673445375976,0.00335295593394053,0.00426401039097631,0.00544484707623874,0.00693688668196837,0.0087715086366602,0.0109619338944778,0.0134941415383715,0.0163179636432483,0.0193400058134135,0.0224204123128175,0.0253755733093149,0.027988493563389,0.0300275902200163,0.0312731551047797,0.0315487664323434,0.0307529313640775,0.0288847313184383,0.026056855672737,0.0224906763012888,0.0184911292047755,0.0144037672884701,0.0105614089009995,0.0072317790164345,0.00457876327469733,0.00264726034045878,0.00137526040132211,0.000628451766921818,0.000245428057695728,7.86592280729866e-05,1.94966983400366e-05,3.40842333820812e-06,3.60144442734697e-07,1.72185493605933e-08,1.94440139777344e-10,6.51464500482231e-14,0
0,7.21554994608355e-05,0.00137888996199594,0.00612397849429477,0.0149315576510006,0.0261726609998643,0.0371943173589455,0.0456983436246145,0.0504490459634722,0.0513129467330711,0.0489317165494873,0.0443106608957891,0.0384855504689782,0.0323216078442793,0.0264330551096378,0.0211855854592701,0.0167425733649134,0.0131252793759816,0.0102690431205783,0.00806723439340187,0.00640124519445978,0.00515830608491439,0.00424023428911929,0.00356624826448952,0.00307240156054406,0.00270943972277136,0.00244020067219447,0.00223715215012044,0.00208030161198517,0.00195550252249697,0.00185308378793052,0.00176671124069541,0.0016924172349855,0.00162777556060734,0.00157123104740337,0.00152160484226108,0.00147778724835255,0.00143860800640635,0.00140284959192805,0.00136935152640645,0.00133714782351708,0.00130558603203037,0.0012743919876057,0.00124366462810483,0.00121380510989724,0.00118539998464607,0.00115908698031969,0.00113543341301286,0.00111485248901045,0.0010975739463562,0.00108367540268623,0.00107317214850174,0.00106615810765676,0.00106299047654348,0.00106451517487121,0.00107233850396373,0.00108916001379105,0.00111918933830684,0.00116867189683295,0.00124654090665261,0.00136519243594589,0.0015413435345877,0.00179687996207168,0.0021595318727558,0.00266313963093175,0.00334720011583699,0.00425533550025402,0.00543232690186573,0.00691943369059809,0.00874790317042383,0.0109308820882014,0.0134543663399565,0.0162683295103766,0.0192796719091914,0.0223490017103248,0.0252933378167738,0.0278964469103912,0.029927578608067,0.0311678357485916,0.0314414734357579,0.0306474245656617,0.0287848461123606,0.0259660964042293,0.0224118166979156,0.0184258935264688,0.0143526596107418,0.0105237328693257,0.00720584984636084,0.00456226731831354,0.00263767927473441,0.00137026113033392,0.000626157580489993,0.000244528436090159,7.83697456456301e-05,1.94246632182132e-05,3.39578060089165e-06,3.58803253075264e-07,1.71541616602499e-08,1.93709769644118e-10,6.49004050256475e-14,0
0,7.23397350221958e-05,0.00138241872768874,0.00613967383819838,0.0149698717274506,0.0262398803787252,0.0372899028641119,0.0458158218550391,0.0505787402296274,0.0514448244070372,0.0490573983646882,0.0444243669582924,0.0385841819202594,0.0324043055142193,0.0265005482203601,0.0212395463777325,0.0167850925637337,0.0131584971755276,0.0102949277241056,0.00808747420933793,0.00641721897643139,0.00517109912522543,0.00425067706321776,0.00357496213755883,0.00307984283617697,0.0027159380045408,0.00244599040151317,0.00224239769688954,0.00208511687937381,0.00195996607630114,0.00185725033679765,0.00177062007963498,0.00169609812696533,0.00163125249162088,0.0015745243148241,0.0015247319689669,0.00148076320972563,0.00144144519377694,0.00140555782173868,0.00137193826492097,0.00133961866317161,0.00130794535290291,0.00127664367985186,0.00124581273985569,0.00121585431115241,0.00118735578623619,0.00116095570158436,0.00113722193797498,0.00111656787832767,0.00109922297607552,0.00108526408034955,0.00107470521533643,0.00106763847701301,0.00106441848812834,0.00106588746556619,0.0010736462121147,0.00109038594806475,0.00112030366023663,0.00116962579937901,0.00124725773994764,0.00136555576830415,0.00154118178699211,0.00179594757272501,0.00215748749131028,0.00265952265226345,0.00334140794701463,0.00424660525394938,0.00541972657466483,0.00690186905189905,0.00872414717801628,0.0108996331967745,0.0134143401055462,0.0162183840585979,0.0192189620495665,0.0222771491239066,0.0252105968023986,0.0278038382685064,0.0298269604892513,0.0310618819347704,0.0313335382979262,0.030541290332675,0.028684370585856,0.0258748039850409,0.0223324965601542,0.0183602790405106,0.0143012567957287,0.0104858404233703,0.00717977250279521,0.00454567756287108,0.00262804399002206,0.00136523369899542,0.000623850528432147,0.000243623790939792,7.80786533174339e-05,1.93522290455667e-05,3.38306808587839e-06,3.57454686926517e-07,1.70894209764926e-08,1.92975407157998e-10,6.46530182166804e-14,0
0,7.25250902547057e-05,0.00138596863536555,0.00615546258647325,0.0150084124791825,0.0263074953191958,0.0373860480772323,0.0459339848178158,0.0507091871525782,0.0515774642603157,0.0491838036916024,0.0445387251056721,0.0386833769152153,0.0324874739738244,0.026568424183703,0.0212938122937944,0.0168278512296946,0.0131919013861111,0.0103209570657233,0.00810782679796102,0.00643328145460683,0.00518396296967855,0.00426117746540427,0.00358372398124964,0.00308732500346726,0.00272247195927951,0.00245181190803556,0.00224767205345805,0.002089958633735,0.00196445424002341,0.00186143992973254,0.0017745506206438,0.00169979954851819,0.00163474891610987,0.001577836154906,0.00152787684706163,0.00148375618640556,0.00144429873094579,0.00140828179163696,0.00137454017581787,0.00134210413815227,0.00131031879495182,0.00127890899843785,0.00124797400275027,0.00121791621134024,0.00118932386255239,0.0011628363065797,0.00113902199291944,0.00111829448295038,0.00110088294444425,0.00108686345372915,0.00107624876082497,0.00106912912183371,0.00106585656840128,0.00106726958911761,0.0010749634504511,0.00109162098632588,0.00112142645151788,0.00117058720272108,0.00124798059013111,0.00136592286296782,0.00154102042793767,0.00179501061886243,0.00215543142722687,0.00265588399158386,0.00333558037978461,0.00423782125403711,0.00540704855544214,0.00688419633104972,0.00870024560423404,0.0108681938364344,0.0133740714106723,0.0161681380785635,0.0191578894297245,0.0222048702384113,0.0251273683847538,0.0277106879633922,0.0297257579835134,0.0309553169836556,0.0312249847948565,0.0304345520575231,0.0285833268921536,0.0257829985479862,0.0222527333823857,0.018294300218799,0.0142495701804501,0.0104477399198311,0.00715355273624473,0.00452899766633872,0.00261835661065831,0.00136017921563878,0.000621531119325721,0.000242714321665048,7.77860152588665e-05,1.92794117915316e-05,3.37028859639004e-06,3.56099041750542e-07,1.70243415966131e-08,1.92237214511759e-10,6.44043443408937e-14,0
0,7.27115247941313e-05,0.00138953892839687,0.00617134139506911,0.0150471717850195,0.0263754916375043,0.0374827329089443,0.0460528079073299,0.0508403596480541,0.0517108388204529,0.0493109064005604,0.0446537117340711,0.0387831150009631,0.0325710960844659,0.0266366690136005,0.0213483720210959,0.016870840540042,0.0132254851043887,0.0103471257541552,0.00812828793111498,0.00644942927910667,0.00519689492233128,0.00427173328174485,0.00359253193466279,0.00309484645947405,0.0027290401729749,0.00245766391726816,0.00225297404997097,0.00209482578552888,0.00196896598760096,0.00186565159244522,0.00177850193287646,0.00170352060603751,0.00163826397280003,0.00158116573462879,0.00153103866832068,0.00148676539208259,0.00144716785124448,0.0014110207529548,0.00137715652739226,0.00134460353318215,0.00131270565912881,0.00128118726047904,0.00125014774993766,0.00121999015928753,0.00119130357742003,0.00116472817310527,0.00114083296829934,0.00112003170447202,0.00110255326262719,0.00108847294208546,0.00107780221109035,0.00107062947426612,0.00106730415526754,0.00106866098973997,0.00107628967124665,0.00109286459246038,0.00112255719394069,0.00117155561697282,0.00124870901215333,0.00136629334498881,0.00154085919002033,0.00179406899443952,0.00215336381085515,0.00265222411708647,0.00332971835306064,0.00422898507845956,0.0053942952667952,0.00686641903664932,0.00867620331417641,0.0108365705155145,0.0133335686896695,0.0161176021818253,0.019096467024312,0.0221321804749099,0.025043670375988,0.0276170159751974,0.0296239928329977,0.030848163815515,0.0311158362929658,0.0303272327280426,0.0284817367999162,0.0256906998751486,0.0221725443531958,0.0182279712794542,0.0141976109025086,0.0104094395679794,0.00712719619548127,0.00451223122179465,0.00260861922319678,0.00135509876883418,0.000619199852658085,0.00024180022411368,7.74918944881711e-05,1.92062271381731e-05,3.35744488509716e-06,3.54736609634086e-07,1.69589375491947e-08,1.91495350955261e-10,6.41544371228834e-14,0
0,7.2898999025833e-05,0.00139312886338182,0.00618730697804254,0.0150861416643697,0.026443855394587,0.0375799376153723,0.0461722669398216,0.05097223109476,0.0518449210832651,0.0494386808060485,0.0447693036397887,0.0388833760704709,0.0326551549966099,0.0267052689593485,0.0214032145611031,0.01691405181985,0.0132592415424603,0.0103734284881266,0.00814885345112437,0.0064656591558283,0.00520989233209697,0.00428234233513305,0.00360138416786475,0.00310240562795572,0.00273564125520524,0.00246354517602912,0.00225830253619155,0.00209971726354917,0.00197350031030293,0.0018698843671723,0.00178247310134783,0.00170726042121349,0.00164179681523107,0.00158451223536982,0.0015342166385566,0.00148979005416965,0.00145005180144828,0.00141377397021348,0.00137978660088832,0.00134711614569834,0.00131510525886389,0.00128347779533031,0.0012523333265659,0.0012220755155821,0.00119329430619616,0.00116663069027826,0.00114265426569238,0.00112177895544261,0.00110423335260429,0.00109009197537829,0.00107936500286115,0.00107213897698534,0.00106876069708965,0.0010700611220293,0.00107762433705718,0.00109411624048566,0.00112369537918211,0.00117253056173118,0.00124944256978792,0.0013666668471843,0.00154069781194583,0.00179312259699767,0.00215128477238317,0.00264854349138583,0.00332382279255281,0.00422009828151032,0.0053814690937514,0.00684854062168851,0.0086520250946368,0.0108047696363525,0.0132928402381951,0.0160667868040556,0.0190347075914273,0.0220590949954961,0.024959520287437,0.027522841944906,0.029521686409013,0.0307404449579442,0.0310061157566807,0.0302193549350308,0.0283796217004185,0.0255979274044446,0.0220919463611126,0.0181613061915922,0.0141453899038498,0.0103709474324458,0.00710070842946776,0.00449538175865764,0.00259883387712643,0.0013499934277662,0.000616857218999985,0.00024088169062907,7.71963528934299e-05,1.91326904856993e-05,3.3445396550905e-06,3.53367677392022e-07,1.68932226091008e-08,1.90749972852304e-10,6.39033493115354e-14,0
0,7.30874740667761e-05,0.00139673770990007,0.00620335610648431,0.015125314274642,0.0265125728916027,0.0376776427918109,0.0462923381456924,0.0511047753259556,0.051979684504345,0.0495671016586744,0.044885478012061,0.0389841403563336,0.0327396341446284,0.02677421050139,0.021458329099752,0.0169574765393847,0.0132931640258147,0.0103998600547646,0.00816951926954301,0.00648196784545608,0.00522295259194877,0.00429300248463597,0.00361027888133708,0.00311000095889426,0.00274227383871836,0.00246945445206648,0.00226365638114854,0.00210463201459225,0.00197805621641613,0.00187413731237591,0.00178646322664274,0.00171101813075182,0.00164534661148283,0.00158787485263653,0.00153740997735685,0.00149282941354462,0.00145294984152245,0.00141654072087345,0.00138242969025245,0.00134964128560844,0.00131751691982519,0.00128577994434946,0.00125453008954923,0.00122417165234365,0.00119529543554405,0.00116854325831141,0.00114448529758179,0.00112353565915232,0.0011059226469564,0.00109171999405414,0.00108093658326008,0.00107365708298374,0.00107022565247756,0.00107146945075398,0.00107896692051257,0.0010953754143443,0.00112484050860309,0.00117351156587942,0.00125018083544503,0.00136704300996696,0.00154053603838721,0.00179217132756406,0.00214919444180133,0.00264484257157505,0.00331789461095816,0.00421116239420843,0.00536857238438884,0.00683056448449204,0.00862771565545266,0.0107727974971395,0.0132518942156725,0.0160157022081698,0.0189726236764887,0.0219856287079371,0.0248749353350515,0.027428185180484,0.0294188597187785,0.0306321825530372,0.0308958457558017,0.0301109408795428,0.0282770026145029,0.0255047002359848,0.0220109560001672,0.0180943186799504,0.0140929179344056,0.0103322714359198,0.00707409488922494,0.00447845274388021,0.00258900258556758,0.00134486424259857,0.000614503700173656,0.000239958910116416,7.68994512539495e-05,1.9058816957804e-05,3.33157556082256e-06,3.51992526667641e-07,1.68272103023104e-08,1.90001233735732e-10,6.36511326986946e-14,0
0,7.32769117484218e-05,0.00140036475027121,0.00621948560747786,0.015164681908736,0.026581630665576,0.0377758293665919,0.0464129981620385,0.0512379666212838,0.0521151029908203,0.0496961441373719,0.0450022124260583,0.0390853884247379,0.0328245172417674,0.026843480347229,0.021513705004196,0.01700110631155,0.0133272459913386,0.0104264153280484,0.00819028136594206,0.00649835216250298,0.0052360731381491,0.00430371162486146,0.00361921430544376,0.00311763092803519,0.00274893657902417,0.00247539053368897,0.00226903447279523,0.00210956900313727,0.00198263273094137,0.00187840950245291,0.0017904714246356,0.00171479288610187,0.00164891254391082,0.00159125279580812,0.00154061791783071,0.00149588272430167,0.00145586124437738,0.00141932029509298,0.00138508510189525,0.00135217827505579,0.0013199399796877,0.0012880930606695,0.00125673740734387,0.00122627795300339,0.00119730636321633,0.00117046528829942,0.0011463254871458,0.0011253012494234,0.00110762058865922,0.00109335644884184,0.00108251640960086,0.0010751832553687,0.00107169849008714,0.00107288545065396,0.00108031690411704,0.00109664160770625,0.001125992093054,0.00117449816739835,0.00125092338999261,0.00136742148118275,0.00154037361984915,0.00179121509055717,0.00214709294886988,0.0026411218092839,0.00331193470814752,0.00420217892466322,0.00535560745044003,0.00681249396963399,0.0086032796308153,0.0107406602937142,0.0132107386476588,0.0159643584873516,0.0189102276159827,0.021911796270181,0.0247899324446575,0.0273330646628353,0.0293155334119625,0.0305233983643335,0.0307850484726402,0.0300020123799618,0.02817390019932,0.0254110371382384,0.0219295895752819,0.0180270222293705,0.014040205555625,0.010293419361766,0.00704736092964087,0.00446144758310517,0.0025791273259468,0.00133971224482784,0.000612139769415785,0.000239032068106902,7.66012492609924e-05,1.89846214068464e-05,3.31855520902018e-06,3.50611434029864e-07,1.67609139106047e-08,1.89249284360847e-10,6.33978381372625e-14,0
0,7.34672746004316e-05,0.00140400927932132,0.00623569236308761,0.015204236992605,0.0266510154851688,0.0378744785951314,0.0465342240254036,0.0513717796988417,0.0522511508933577,0.0498257838418401,0.0451194848360926,0.0391871011696082,0.0329097882752678,0.0269130654274694,0.0215693318196524,0.0170449328894115,0.0133614809853872,0.0104530892673082,0.00821113578673612,0.00651480897438257,0.00524925144950368,0.00431446768534548,0.00362818869991567,0.0031252940364425,0.00275562815400059,0.002481352229409,0.00227443571767971,0.0021145272110369,0.00198722889530002,0.00188270002745379,0.00179449682621946,0.00171858385319424,0.00165249380889079,0.00159464528788615,0.00154383970636494,0.00149894925351127,0.0014587852956324,0.00142211199549543,0.00138775215446206,0.00135472644819329,0.00132237378791034,0.00129041650897915,0.0012589546597322,0.00122839381209161,0.00119932649784609,0.00117239620201345,0.00114817426805492,0.00112707517041009,0.00110932663088531,0.00109500080055615,0.001084103949193,0.00107671696716833,0.00107317868842665,0.00107430860624808,0.00108167378005751,0.00109791432377898,0.00112714965268799,0.00117548991318546,0.00125166982258522,0.00136780191595585,0.00154021031253857,0.00179025379369725,0.00214498042308948,0.00263738165073719,0.00330594397134868,0.00419314935842979,0.00534257656787877,0.00679433236882644,0.00857872158054048,0.0107083641213021,0.0131693814281406,0.0159127655679856,0.0188475315410973,0.0218376120947241,0.0247045282570539,0.0272374990515741,0.0292117277870177,0.0304141137835519,0.0306737457089348,0.0298925908788521,0.0280703347548618,0.0253169565540083,0.0218478631074938,0.0179594300891442,0.0139872631438976,0.0102543988565602,0.00702051181122504,0.00444436962178686,0.00256921004065095,0.00133453844762617,0.000609765891535502,0.000238101346819906,7.63018055378763e-05,1.8910118418873e-05,3.30548115956956e-06,3.49224671067502e-07,1.66943464761119e-08,1.88494272757195e-10,6.31435155587413e-14,0
0,7.36585258351293e-05,0.00140767060415636,0.00625197330937652,0.0152439720828888,0.0267207143465733,0.037973572054151,0.0466559931647445,0.0515061897074845,0.0523878029984042,0.0499559967852067,0.0452372735690283,0.0392892598069293,0.0329954315016336,0.0269829528919734,0.0216251992663455,0.017088948163797,0.0133958626619145,0.0104798769157705,0.00823207864404596,0.00653133520051009,0.00526248504663916,0.00432526862995917,0.00363720035335177,0.00313298881006792,0.00276234726351219,0.00248733836759738,0.00227985904062605,0.00211950563721827,0.00199184376705011,0.00188700799281094,0.00179853857704408,0.00172239021218697,0.00165608961657191,0.00159805156525354,0.00154707460238777,0.00150202828098843,0.00146172129338779,0.00142491513694455,0.00139043017861144,0.00135728515096508,0.00132481770552097,0.00129274966531128,0.0012611812376146,0.0012305186350332,0.00120135525874578,0.00117433543170305,0.00115003108427695,0.001128856876406,0.00111104023681349,0.00109665251990875,0.00108569867915403,0.00107825770114467,0.0010746657356707,0.00107573841164878,0.00108303705001946,0.00109919307512518,0.0011283127167819,0.00117648635888135,0.00125241973049992,0.00136818397654009,0.0015400458782411,0.00178928734792151,0.00214285699367461,0.00263362253681326,0.00329992327532576,0.00418407515885525,0.00532948197749051,0.00677608292178211,0.0085540459913012,0.0106759149762026,0.0131278303217608,0.0158609332125009,0.0187845473812431,0.0217630903528458,0.0246187391329536,0.0271415066906198,0.029107462797323,0.0303043498371172,0.0305619588925554,0.0297826974496022,0.0279663262302953,0.025222476606223,0.0217657923390183,0.0178915552772263,0.0139341008938719,0.0102152174325491,0.00699355270180912,0.0044272221462783,0.00255925263766161,0.00132934384617379,0.000607382523067586,0.000237166925223331,7.60011776594661e-05,1.88353223184869e-05,3.29235592637432e-06,3.47832504480662e-07,1.66275208057139e-08,1.87736344278788e-10,6.28882139902459e-14,0
0,7.38506293326644e-05,0.00141134804394235,0.00626832543545196,0.0152838798646152,0.0267907144695255,0.0380730916360668,0.0467782833946033,0.0516411722193574,0.0525250345206571,0.0500867593869094,0.0453555573178902,0.0393918458692387,0.0330814314420425,0.0270531301061362,0.0216812972365423,0.0171331441609695,0.0134303847806612,0.0105067733991482,0.00825310611459652,0.00654792781143167,0.00527577149130346,0.00433611245633455,0.00364624758273601,0.00314071379933405,0.00276909262904128,0.00249334779614912,0.00228530338442576,0.00212450329739375,0.00199647641961191,0.00189133251907589,0.00180259583726274,0.00172621115722028,0.00165969919063817,0.0016014708774417,0.00155032187814087,0.00150511909906888,0.00146466854800451,0.00142772904632764,0.00139311851680146,0.00135985374089592,0.00132727110490894,0.00129509191683879,0.00126341654280886,0.00123265183795036,0.0012033920757133,0.00117628241990553,0.00115189538988894,0.00113064583165855,0.00111276087944528,0.00109831108732629,0.00108730008622882,0.00107980494961388,0.00107615912948126,0.00107717437038395,0.0010844062250099,0.0011004773834875,0.00112948082356413,0.001177487068703,0.00125317271897881,0.00136856733217674,0.001539880084203,0.00178831566730355,0.00214072278952936,0.00262984490310222,0.00329387348255456,0.00417495776741588,0.00531632588542653,0.00675774881705181,0.00852925727782371,0.0106433187574249,0.0130860929659758,0.015808871022127,0.0187212868674681,0.0216882449787119,0.0245325811577731,0.0270451056136204,0.029002758057137,0.0301941271924874,0.0304497090840032,0.0296723528028656,0.0278618942301026,0.0251276151035532,0.0216833927381588,0.0178234105843198,0.0138807288216731,0.0101758824700346,0.00696648867819634,0.00441000838488545,0.00254925699117013,0.00132412941798138,0.000604990112421053,0.000236228979092107,7.56994221710774e-05,1.87602471735716e-05,3.27918197818782e-06,3.46435196169404e-07,1.65604494753206e-08,1.8697564165281e-10,6.26319815710026e-14,0
0,7.40435496268304e-05,0.00141504092969194,0.00628474578253892,0.0153239531489678,0.0268610032934328,0.0381730195435423,0.0469010729084792,0.0517767032226454,0.0526628210957572,0.0502180484657887,0.0454743151356601,0.0394948412002834,0.0331677728778935,0.0271235846472734,0.0217376157916776,0.0171775130403714,0.0134650412053969,0.0105337739242737,0.00827421443864899,0.00656458382798054,0.00528910838568792,0.00434699719530832,0.00365532873296966,0.00314846757873066,0.00277586299333061,0.00249937938216006,0.00229076770953928,0.00212951922378102,0.00200112594200235,0.00189567274166509,0.00180666778128726,0.00173004589617939,0.00166332176807776,0.00160490248690538,0.00155358081845894,0.00150822101239266,0.00146762638189148,0.00143055306234597,0.00139581652308327,0.00136243158688787,0.00132973336962498,0.00129744266167771,0.00126565998785651,0.00123479284747238,0.00120543638884504,0.00117823661926193,0.00115376664889611,0.00113244151019027,0.00111448804142817,0.00109997599277519,0.00108890766661552,0.00108135821427322,0.00107765837683539,0.00107861599522547,0.00108578082518697,0.00110176677961996,0.00113065352004912,0.00117849161528364,0.00125392840107777,0.0013689516589579,0.00153971270301814,0.0017873386689767,0.00213857793922553,0.00262604917996397,0.00328779544339398,0.00416579860404519,0.0053031104637425,0.00673933319283735,0.00850435978404788,0.0106105812682748,0.0130441768731499,0.0157565884395672,0.0186577615357672,0.021613089673355,0.0244460701462771,0.0269483135492118,0.0288976328473706,0.0300834661642893,0.0303370169827137,0.0295615772928056,0.0277570580200358,0.0250323895458581,0.0216006795040689,0.017755008577838,0.0138271567680247,0.010136401219687,0.00693932472776122,0.00439273150888989,0.00253922494217439,0.00131889612320281,0.000602589100023287,0.000235287681064956,7.53965946068158e-05,1.86849067998726e-05,3.26596173942061e-06,3.45033003319744e-07,1.6493144834016e-08,1.86212305026863e-10,6.23748655683542e-14,0
0,7.42372518914933e-05,0.00141874860405727,0.00630123144307989,0.0153641848711177,0.0269315684736145,0.0382733382841992,0.0470243402723925,0.0519127591145359,0.0528011387731955,0.0503498412333829,0.0455935264292578,0.0395982279498348,0.0332544408464878,0.0271943043011147,0.0217941451595654,0.0172220470924358,0.0134998259022168,0.0105608737777745,0.0082953999189654,0.00658130032045914,0.00530249337177052,0.00435792091038297,0.00366444217641811,0.0031562487464238,0.00278265712003752,0.00250543201161369,0.00229625099380694,0.00213455246483215,0.00200579143857802,0.00190002781061392,0.00181075359755104,0.00173389365046501,0.00166695659895987,0.00160834566880498,0.00155685072055662,0.00151133333769507,0.00147059412929993,0.00143338653531237,0.00139852356290166,0.00136501806902384,0.00133220389418775,0.00129980130869702,0.00126791099583599,0.00123694110055206,0.00120748764835542,0.00118019749233969,0.00115564433505708,0.00113424339562633,0.00111622121488507,0.00110164673559271,0.00109052092579786,0.00108291700603422,0.00107916299385926,0.00108006280802411,0.00108716037969596,0.00110306080312573,0.00113183036187812,0.00117949957951857,0.00125468639752109,0.00136933663969549,0.00153954351251971,0.00178635627306104,0.00213642257098261,0.00262223579258554,0.00328168999625346,0.00415659906745328,0.00528983785092166,0.00672083913778073,0.00847935778425326,0.0105777082178945,0.0130020894325844,0.0157040947515901,0.0185939827302932,0.0215376379085334,0.0243592216470821,0.0268511479261173,0.0287921061211857,0.0299723867202681,0.030223902933169,0.0294503909231531,0.0276518365328926,0.0249368171294681,0.0215176675713705,0.0176863616057479,0.013773394401276,0.0100967808047884,0.00691206575000159,0.00437539463354094,0.00252915829905772,0.00131364490493856,0.00060017991845989,0.000234343200699454,7.50927495073702e-05,1.86093147654431e-05,3.25269759092388e-06,3.43626178487107e-07,1.64256190080819e-08,1.85446472014815e-10,6.21169123932879e-14,0
0,7.44317019275902e-05,0.00142247042112886,0.00631777955986037,0.0154045680881174,0.0270023978776497,0.038374030665481,0.0471480644186364,0.0520493166943862,0.0529399640094271,0.0504821152874209,0.0457131709536987,0.0397019885686571,0.0333414206368368,0.0272652770584038,0.0218508757316941,0.0172667387364648,0.0135347329378884,0.0105880683247878,0.00831665891980476,0.0065980744078463,0.00531592413067911,0.0043688816972045,0.00367358631247193,0.00316405592387705,0.00278947379339886,0.00251150458907798,0.00230175223216913,0.00213960208497127,0.00201047202878633,0.00190439689033863,0.00181485248827967,0.00173775365477123,0.00167060294621881,0.00161179971079584,0.00156013089382229,0.00151445540360431,0.00147357113612453,0.00143622882695543,0.00140123901290227,0.00136761257837777,0.00133468208389711,0.00130216727733497,0.00127016900018214,0.00123909604428838,0.0012095453144028,0.00118216451146133,0.00115752793171526,0.00113605098102822,0.00111795990124991,0.00110332282432402,0.00109213937838344,0.00108448084486193,0.00108067250566819,0.00108151433955034,0.00108854442651123,0.0011043590023008,0.00113301091316579,0.0011805105504169,0.0012554463365616,0.00136972196379526,0.00153937229567638,0.0017853684025937,0.00213425681264955,0.00261840516103804,0.00327555796775642,0.00414736053543745,0.00527651015238313,0.00670226969173033,0.00845425548415174,0.0105447052227556,0.012959837912488,0.0156513990915448,0.0185299616064701,0.0214619029304742,0.0242720509470244,0.0267536258780945,0.0286861965094255,0.02986090848706,0.0301103869308276,0.0293388133530831,0.0275462483741195,0.0248409147523104,0.021434371614636,0.0176174818002988,0.0137194512203397,0.0100570282234101,0.00688471655804451,0.00435800081901837,0.00251905883815063,0.00130837668953019,0.000597762992610389,0.00023339570452548,7.4787940437281e-05,1.85334843949593e-05,3.23939187074972e-06,3.42214969677314e-07,1.63578839049021e-08,1.84678277741292e-10,6.18581676155056e-14,0
0,7.46268661506605e-05,0.00142620574624031,0.0063343873251594,0.0154450959768551,0.0270734795818303,0.0384750797896637,0.0472722246397082,0.0521863531570882,0.0530792736611858,0.0506148486055035,0.0458332288064221,0.0398061058036229,0.0334286977855937,0.0273364911115968,0.0219077980606003,0.017311580518569,0.0135697564782485,0.0106153530077137,0.00833798786594938,0.0066149032570283,0.00532939838207419,0.00437987768305619,0.00368275956712131,0.00317188775548451,0.00279631181790639,0.00251759603741148,0.00230727043639522,0.00214466716434054,0.00201516684692455,0.00190877915940567,0.00181896366926882,0.00174162515687055,0.00167426008544497,0.00161526391282442,0.00156342065961863,0.00151758655044584,0.001476556759711,0.00143907931023024,0.00140396226074519,0.00137021451683109,0.00133716735465349,0.00130453999742154,0.00127243344451177,0.00124125713575525,0.00121160885692115,0.0011841371585391,0.00115941693163604,0.00113786376873318,0.00111970361110893,0.00110500377656494,0.00109376254794764,0.00108604925961977,0.00108218644621231,0.00108297012934082,0.00108993251228384,0.00110566093398323,0.00113419474635236,0.00118152412495856,0.00125620785384598,0.00137010732713557,0.00153919884049255,0.00178437498346241,0.00213208079168806,0.00261455770033265,0.00326940017289972,0.00413808436518449,0.00526312944097582,0.00668362784648486,0.00842905702194819,0.0105115778081089,0.0129174294618869,0.0155985104417997,0.0184657091340143,0.0213858977635056,0.0241845730753994,0.0266557642487349,0.0285799223258834,0.0297490507557922,0.0299964886278786,0.0292268639029163,0.0274403118272491,0.0247446990188826,0.0213508060527362,0.0175483810816419,0.0136653365575434,0.0100171503505259,0.00685728188010795,0.00434055307136688,0.00250892830427615,0.0013030923868461,0.000595338739779973,0.000232445356097086,7.44822200017026e-05,1.84574287739076e-05,3.22604687488927e-06,3.40799620425203e-07,1.6289951216753e-08,1.83907854884868e-10,6.15986759780513e-14,0
0,7.48227115788779e-05,0.00142995395577868,0.006351051979924,0.0154857618320661,0.0271448018677147,0.0385764690490101,0.0473968005824153,0.0523238460866246,0.0532190449789907,0.0507480195389681,0.0459536804217838,0.0399105626929707,0.0335162580731036,0.0274079348516582,0.0219649028573213,0.0173565651096693,0.0136048907866468,0.0106427233450063,0.00835938324176019,0.00663178408205304,0.00534291388355011,0.00439090702636756,0.00369196039254344,0.00317974290821497,0.00280317001799206,0.00252370529747867,0.00231280463482079,0.0021497467985539,0.00201987504190633,0.00191317381030838,0.00182308636966913,0.00174550741740561,0.00167792730468248,0.00161873758693079,0.00156671935108943,0.00152072613005289,0.00147955036866999,0.00144193736913513,0.00140669270492459,0.00137282329689518,0.00133965913278327,0.00130691890900674,0.00127470378245504,0.00124342384183589,0.00121367775545746,0.00118611492491511,0.00116131083684943,0.00113968127019901,0.00112145186404731,0.00110668911881014,0.00109538996688294,0.00108762178791979,0.0010837043581276,0.00108442972555034,0.00109132419219444,0.00110696616340783,0.0011353814420611,0.00118253990795655,0.00125697059228498,0.00137049243195072,0.00153902293991253,0.00178337594434175,0.0021298946351573,0.00261069382047601,0.00326321741520925,0.00412877189356462,0.00524969775745831,0.00666491654651575,0.00840376646937004,0.0104783314093908,0.0128748711124798,0.0155454376361104,0.0184012360998663,0.0213096352135802,0.0240968028080736,0.0265575795961214,0.0284733015724167,0.0296368324875181,0.0298822273388255,0.0291145615596541,0.0273340448591774,0.0246481862450803,0.0212669850530623,0.0174790711613426,0.0136110595813968,0.00997715394006282,0.00682976636091975,0.0043230543434032,0.00249876841127913,0.00129779289055906,0.000592907569827384,0.000231492316042869,7.41756398626781e-05,1.83811607526522e-05,3.21266485798932e-06,3.39380369870965e-07,1.62218324244835e-08,1.83135333719999e-10,6.13384814115141e-14,0
0,7.50192058215493e-05,0.00143371443700021,0.00636777081296703,0.0155265590644017,0.0272163532187791,0.0386781821210611,0.0475217722421485,0.0524617734498089,0.0533592556008397,0.0508816068069295,0.046074506565708,0.0400153425616994,0.0336040875195683,0.0274795968649497,0.0220221809889203,0.0174016853035555,0.0136401302224355,0.0106701749299992,0.00838084159025999,0.00664871414340629,0.00535646843005419,0.00440196791623815,0.00370118726670237,0.00318762007126687,0.0028100472377229,0.00252983132787383,0.00231835387209302,0.00215484009845851,0.00202459577703544,0.00191758004925047,0.00182721983177769,0.00174939970968742,0.00168160390423303,0.0016222200570575,0.00157002631297252,0.00152387350558303,0.00148255134269675,0.00144480239853435,0.00140942975459414,0.00137543834153957,0.00134215685486975,0.00130930346219457,0.00127697947749233,0.00124559563906271,0.00121575149901451,0.0011880973112068,0.00116320915849799,0.00114150300585417,0.001123204188501,0.00110837838630637,0.00109702117625334,0.001089197975978,0.00108522579259202,0.00108589268480869,0.0010927190298113,0.00110827426406578,0.00113657058896069,0.00118355751192395,0.00125773420192825,0.00137087698671852,0.00153884439172826,0.00178237121663219,0.0021276984696998,0.00260681392652457,0.00325701048689153,0.00411942443741752,0.00523621711096523,0.00664613868966886,0.00837838783266703,0.0104449713735891,0.0128321697804382,0.0154921893619175,0.0183365531110362,0.0212331278716969,0.0240087546714775,0.0264590881973494,0.0283663519439099,0.0295242723184937,0.0297676220459079,0.0290019249823507,0.0272274651252875,0.0245513924628844,0.0211829225356243,0.0174095635457916,0.0135566292992794,0.00993704562689349,0.00680217456309551,0.00430550753559707,0.00248858084254039,0.00129247907841563,0.000590469885289128,0.000230536742114884,7.38682507549455e-05,1.83046929503837e-05,3.19924803404827e-06,3.37957452834278e-07,1.61535388010895e-08,1.82360842157749e-10,6.10776270478213e-14,0
0,7.52163170680552e-05,0.00143748658785137,0.00638454116018738,0.0155674811985511,0.0272881223171634,0.0387802029640598,0.0476471199573174,0.0526001135902028,0.0534998835460811,0.0510155894904902,0.0461956883304907,0.0401204290170944,0.0336921723813203,0.027551465930208,0.022079623476084,0.0174469340150028,0.0136754692395027,0.0106977034297659,0.00840235951224345,0.00666569074730914,0.00537005985332294,0.00441305857197532,0.00371043869296071,0.00319551795573354,0.00281694234050504,0.00253597310465332,0.00232391720892366,0.0021599461899033,0.00202932822978637,0.00192199709593617,0.00183136331083602,0.00175330131949978,0.0016852891964659,0.00162571065886415,0.00157334090141855,0.00152702805134039,0.00148555907239653,0.00144767380398627,0.00141217282939792,0.00137805908402552,0.00134465996758953,0.00131169311698217,0.00127926000279638,0.00124777201346232,0.00121782958589867,0.00119008382715744,0.00116511141668975,0.0011433285049527,0.00112496012161347,0.00111007112291061,0.00109865572565362,0.00109077737847449,0.00108675030918642,0.00108735857208242,0.00109411659695313,0.00110958481756901,0.00113776178363227,0.00118457655694557,0.00125849833984352,0.00137126070605179,0.00153866299849054,0.00178136073440162,0.00212549242152851,0.00260291841863812,0.0032507801689817,0.00411004329383057,0.00522268947946049,0.0066272971278461,0.0083529250535821,0.010411502960569,0.0127893322681538,0.0154387741625779,0.0182716705973668,0.0211563881172215,0.0239204429464818,0.0263603060529172,0.0282590908330947,0.0294113885653012,0.0296526914043653,0.0288889725073316,0.0271205899744258,0.0244543334249136,0.0210986321770317,0.0173398695395179,0.013502054560051,0.00989683192877055,0.00677451096847693,0.00428791549692691,0.00247836725147605,0.00128715181249795,0.000588026081500124,0.000229578789236156,7.35601025012918e-05,1.82280377589562e-05,3.18579857709231e-06,3.3653109988633e-07,1.6085081415186e-08,1.81584505785356e-10,6.08161552336374e-14,0
0,7.54140140772028e-05,0.00144126981679487,0.00640136040381193,0.0156085218714163,0.0273600980405073,0.0388825158125041,0.0477728244039425,0.052738845222205,0.0536409072094593,0.0511499470271143,0.0463172071297514,0.0402258059443814,0.0337804991472033,0.0276235310156092,0.0221372214907881,0.0174923042779402,0.0137109023848477,0.0107253045840128,0.00842393366541278,0.00668271124503589,0.00538368602133469,0.00442417724264563,0.00371971319970276,0.00320343529427833,0.00282385420879651,0.00254212962107577,0.00232949372184946,0.00216506421351451,0.00203407159159148,0.00192642418336666,0.001835516074834,0.00175721154490962,0.00168898250563361,0.00162920873954781,0.00157666248381522,0.00153018915260343,0.00148857295911532,0.00145055100157692,0.00141492135930667,0.00138068496774491,0.00134716792755405,0.00131408734310415,0.00128154484107936,0.00124995246040546,0.00121991152357265,0.00119207399149141,0.00116701714035576,0.00114515730543388,0.00112671920909703,0.00111176688095278,0.00110029317307314,0.00109235955841819,0.00108827747576009,0.00108882696054114,0.00109551647355635,0.00111089741351916,0.00113895463044101,0.00118559667055383,0.00125926266999987,0.00137164331059367,0.00153847856742335,0.00178034443432908,0.00212327661641476,0.00259900769213231,0.00324452723148758,0.00410062974040953,0.00520911681017794,0.00660839466766783,0.00832738201029473,0.0103779313443614,0.0127463652659372,0.0153852004395321,0.0182065988142171,0.0210794281211133,0.0238318816721629,0.0262612488909899,0.0281515353352319,0.0292981992298256,0.0295374537475515,0.0287757221532617,0.0270134364537356,0.024357024608846,0.0210141274143606,0.0172700002484072,0.0134473440565871,0.00985651924820641,0.00674677997943224,0.00427028102571124,0.00246812926202275,0.00128181193947807,0.000585576546710947,0.00022861860954686,7.32512440274731e-05,1.81512073466154e-05,3.17231862183235e-06,3.35101537419808e-07,1.60164711343812e-08,1.8080644790468e-10,6.05541075433842e-14,0
0,7.56122661669687e-05,0.00144506354264058,0.00641822597165838,0.0156496748303368,0.0274322694588744,0.0389851051728224,0.0478988665903967,0.0528779474253043,0.0537823053553252,0.0512846592051587,0.0464390446935248,0.0403314575025002,0.033869054535054,0.0276957812759152,0.022194966354029,0.0175377892436725,0.0137464242971966,0.0107529742040035,0.0084455607635381,0.00669977303225135,0.00539734483777793,0.00443532220663906,0.00372900933996853,0.00321137084081916,0.00283078174382838,0.00254829988734991,0.00233508250299956,0.00217019332447785,0.0020388250676345,0.00193086055764251,0.00183967740431974,0.00176112969608298,0.00169268316769323,0.00163271365766868,0.00157999043861688,0.00153335620545781,0.00149159241477577,0.00145343341775863,0.00141767478445892,0.00138331544606395,0.00134968020115597,0.00131648561988168,0.00128383348444478,0.00125213648446167,0.00122199682851273,0.00119406733177398,0.00116892586711223,0.00114698895378632,0.00112848100509858,0.00111346522110285,0.00110193308476404,0.00109394408701591,0.00108980686830051,0.00109029743142818,0.00109691824754675,0.00111221164938068,0.00114014874141179,0.00118661748760882,0.00126002686315494,0.00137202452691648,0.00153829091034122,0.00177932225565077,0.00212105117967714,0.00259508213753018,0.00323825243353026,0.00409118503554195,0.00519550102004974,0.00658943407111657,0.0083017625183374,0.0103442616144146,0.0127032753536667,0.0153314764544092,0.0181413478450695,0.0210022598490593,0.0237430846494605,0.0261619321715421,0.02804370225266,0.0291847220040907,0.0294219270919034,0.0286621916260707,0.0269060213133542,0.0242594812217174,0.0209294214489122,0.0171999665828297,0.013392506328244,0.00981611387430009,0.00671898592011999,0.00425260687041671,0.0024578684691092,0.00127646029086513,0.000583121662201776,0.000227656352449189,7.29417233767165e-05,1.80742136616217e-05,3.15881026430272e-06,3.33668987716918e-07,1.59477186285561e-08,1.80026789569565e-10,6.02915247918959e-14,0
0,7.58110432046089e-05,0.00144886719438111,0.00643513533641822,0.0156909339313634,0.0275046258317607,0.0390879558191682,0.0480252278522927,0.0530173996384917,0.0539240571120077,0.0514197061585557,0.0465611830634897,0.0404373681199978,0.033957825488282,0.0277682060497001,0.022252849533618,0.0175833821791501,0.013782029705657,0.0107807081715134,0.00846723757564138,0.00671687354836696,0.00541103424153473,0.00444649177124571,0.00373832569109822,0.00321932337022213,0.00283772386533398,0.00255448293038965,0.00234068265986969,0.00217533269232693,0.00204358787665003,0.00193530547777197,0.00184384659221499,0.00176505509510645,0.0016963905301328,0.00163622478298096,0.0015833241551792,0.00153652861663435,0.00149461686171797,0.00145632048919343,0.00142043255500704,0.00138594998217176,0.00135219626442024,0.00131888743607618,0.00128612543424382,0.0012543235992583,0.00122408502607051,0.00119606338427551,0.00117083714312687,0.00114882300491625,0.00113024507206954,0.0011151657122421,0.00110357503511359,0.00109553054354554,0.00109133807080738,0.0010917695739352,0.00109832151471523,0.0011135271303581,0.00114134373610889,0.00118763865018214,0.00126079059674573,0.00137240408742387,0.00153809984356939,0.00177829414010801,0.0021188162361712,0.0025911421406127,0.00323195652348098,0.00408171041865348,0.00518184399612308,0.00657041805616297,0.00827607033148671,0.0103104987768105,0.0126600690023919,0.0152776103310738,0.0180759276040635,0.0209248950645201,0.0236540654447334,0.026062371090385,0.0279356080992167,0.0290709742749594,0.0293061291417709,0.0285483983237404,0.026798361010979,0.0241617182040981,0.0208445272498657,0.0171297792606811,0.0133375497632542,0.00977562198451323,0.00669113303771773,0.00423489573044375,0.00244758643911471,0.00127109768324574,0.000580661802393184,0.000226692164650995,7.26315877238205e-05,1.79970684357746e-05,3.14527556248203e-06,3.32233669015533e-07,1.58788343730532e-08,1.79245649622182e-10,6.00284470467238e-14,0
0,7.60103155971138e-05,0.0014526802110319,0.00645208601495917,0.0157322931375788,0.0275771566051842,0.0391910527893288,0.0481518898475085,0.0531571816548239,0.0540661419663381,0.0515550683616406,0.0466836045883273,0.0405435224910327,0.0340467991725428,0.0278407948566522,0.0223108626420376,0.0176290764652886,0.0138177134284093,0.0108085024378134,0.00848896092520309,0.00673401027591478,0.00542475220617856,0.00445768427224432,0.00374766085438672,0.00322729167800379,0.00284467951128577,0.00256067779357613,0.00234629331510272,0.00218048150073783,0.00204835925072876,0.00193975821548473,0.00184802294363585,0.00176898707581371,0.00170010395180294,0.00163974149626869,0.00158666303359856,0.00153970580335164,0.00149764573254495,0.00145921166260117,0.00142319413096775,0.00138858804893328,0.00135471560285962,0.0013212922897474,0.0012884202009361,0.0012565133273439,0.00122617565033878,0.0011980616938397,0.00117275052298936,0.00115065902201984,0.00113201098063975,0.00111686793133834,0.00110521860652041,0.0010971185152331,0.00109287067517034,0.0010932429850809,0.00109972587859726,0.00111484346927704,0.00114253924151952,0.00118865980744444,0.00126155355478292,0.00137278173025616,0.00153790518786668,0.001777260031897,0.00211657191027975,0.00258718808246827,0.00322564023909473,0.00407220711045748,0.00516814759596553,0.00655134929737451,0.00825030914262968,0.0102766477554477,0.0126167525758924,0.015223610057615,0.0180103478384596,0.0208473453316919,0.023564837393216,0.0259625805830814,0.0278272691045378,0.0289569731287037,0.0291900772941134,0.0284343593409604,0.0266904717163078,0.0240637502341558,0.0207594575578314,0.0170594488103391,0.0132824826010572,0.00973504964639728,0.00666322550361697,0.00421715025689057,0.00243728471031509,0.00126572491851773,0.000578197334953895,0.000225726190208226,7.23208833888689e-05,1.79197831878385e-05,3.13171653689712e-06,3.30795795573522e-07,1.58098286517782e-08,1.78463144728363e-10,5.97649136401035e-14,0
0,7.62100542819904e-05,0.00145650204147564,0.00646907556764626,0.0157737465174626,0.0276498514088523,0.0392943813807451,0.0482788345513478,0.053297273616135,0.054208539758323,0.0516907266241194,0.0468062919192065,0.0406499055714878,0.0341359629725019,0.0279135373949498,0.0223689974343541,0.017674865595332,0.0138534703714343,0.0108363530226811,0.00851072768939052,0.00675118073993863,0.00543849673948598,0.0044688980735022,0.00375701345474768,0.00323527458004168,0.0028516476376395,0.00256688353652646,0.00235191360627549,0.00218563894732937,0.00205313843512822,0.0019442180550509,0.00185220577571862,0.00177292498361704,0.00170382280275314,0.0016432631891862,0.00159000648455619,0.00154288719316323,0.00150067846997259,0.00146210639461197,0.00142595898207702,0.00139122912874663,0.00135723771133435,0.00132369968811567,0.00129071730395442,0.00125870520005553,0.00122826824402132,0.00120006181375574,0.00117466556958558,0.00115249657645935,0.00113377830949518,0.00111857146332483,0.0011068633892744,0.00109870759713361,0.00109440428105061,0.00109471726959319,0.00110113095035624,0.00111616028646889,0.00114373489194076,0.00118968061555643,0.00126231542774844,0.00137315719919863,0.00153770676835076,0.00177621987762047,0.00211431832590384,0.00258322033954119,0.00321930430764035,0.00406267631319792,0.00515441364805952,0.00653223042650772,0.00822448258460656,0.0102427133931919,0.012573332332194,0.0151694834882818,0.017944618131035,0.0207696220183868,0.0234754136023806,0.0258625753287536,0.0277187012182382,0.0288427353554503,0.0290737886430682,0.0283200914736561,0.0265823693153575,0.0239655917316072,0.0206742248883067,0.0169889855735404,0.0132273129345658,0.00969440281927381,0.00663526741458571,0.00419937305329653,0.00242696479331646,0.00126034278411755,0.000575728620905616,0.000224758570566211,7.20096558505736e-05,1.78423692268775e-05,3.11813517121066e-06,3.29355577731345e-07,1.57407115602178e-08,1.77679389411985e-10,5.95009631805981e-14,0
0,7.6410230718352e-05,0.00146033214431086,0.006486101597681,0.0158152882433004,0.0277227000534055,0.0393979271466357,0.0484060442518291,0.0534376560078872,0.0543512306759583,0.0518266620861704,0.046929228005388,0.040756502575187,0.0342253044886848,0.0279864235387066,0.0224272458061881,0.0177207431732612,0.0138892955272747,0.0108642560134388,0.00853253479830686,0.00676838250740174,0.00545226588296151,0.00448013156658594,0.00376638214038666,0.00324327091229274,0.00285862721808547,0.00257309923486876,0.00235754268569139,0.00219080424346896,0.00205792468808877,0.00194868429310512,0.00185639441745042,0.00177686817534356,0.00170754646407274,0.0016467892641031,0.00159335392916658,0.00154607222380919,0.00150371452668389,0.00146500415162293,0.00142872658764912,0.00139387271340446,0.00135976209391599,0.00132610914742809,0.00129301627157349,0.00126089875738997,0.00123036235830656,0.00120206330563423,0.00117658185397563,0.00115433524764284,0.00113554664525917,0.00112027590098281,0.00110850898144033,0.0011002973920153,0.00109593849576589,0.001096192039795,0.00110253634867007,0.00111747720965888,0.00114493032887001,0.00119070073756314,0.00126307591249616,0.00137353024359267,0.00153750441442584,0.00177517362624082,0.00211205560645431,0.00257923928367917,0.00321294944602746,0.00405311921088604,0.00514064395218633,0.00651306403308458,0.00819859423103096,0.0102087004529953,0.0125298144250435,0.0151152383453656,0.0178787479024154,0.0206917362988361,0.0233858069552092,0.0257623697537889,0.0276099201139815,0.0287282774535067,0.0289572799843958,0.0282056112233957,0.0264740694146675,0.0238672568615635,0.0205888415350396,0.0169183997081802,0.0131720487123723,0.00965368735586986,0.00660726279389983,0.00418156667636554,0.0024166281714775,0.00125495205324163,0.000573256014725069,0.000223789444599849,7.16979497592608e-05,1.77648376555003e-05,3.10453341279302e-06,3.2791322197297e-07,1.56714930083762e-08,1.76894496088437e-10,5.92366335644303e-14,0
0,7.66108168783002e-05,0.00146416998770452,0.00650316175045774,0.0158569125896343,0.0277956925277321,0.0395016758922239,0.0485335015450976,0.0535783096541584,0.0544941952501806,0.0519628562136751,0.0470523960899451,0.0408632989702114,0.0343148115344097,0.0280594433354847,0.0224855997917367,0.017766702912244,0.0139251839738286,0.0108922075640165,0.00855437923426025,0.00678561318661002,0.00546605771137514,0.00449138317038259,0.00377576558248314,0.00325127953051935,0.00286561724380644,0.00257932398002332,0.00236317972017866,0.00219597661408366,0.00206271728065459,0.00195315623847539,0.00186058820950454,0.00178081601907587,0.00171127432773619,0.00165031913395356,0.00159670479883021,0.00154926034307163,0.00150675336518715,0.00146790440965876,0.00143149643643958,0.00139651830395922,0.00136228826375498,0.00132852019282853,0.00129531664078238,0.0012630935478786,0.0012324575527448,0.00120406573928661,0.00117849895527523,0.00115617462290744,0.00113731558237714,0.00112198084482738,0.00111015498874462,0.00110188751024737,0.00109747293417882,0.00109766691549335,0.0011039416996212,0.00111879387385747,0.00114612520089861,0.00119171984329126,0.00126383471215553,0.00137390061824955,0.00153729795971256,0.0017741212290349,0.00210978387484377,0.00257524528217975,0.00320657636093024,0.00404353696953093,0.00512684027980013,0.00649385266495374,0.00817264759708829,0.0101746136189869,0.0124862049053454,0.0150608822210332,0.0178127464133442,0.0206136991564184,0.0232960301133775,0.0256619780354471,0.0275009411934401,0.0286136156335718,0.0288405678198079,0.02809093480168,0.0263655873453914,0.0237687595382751,0.0205033195733029,0.0168477011910375,0.0131166977408962,0.00961290900390997,0.0065792155924446,0.00416373363667043,0.00240627630132051,0.00124955348506186,0.000570779864443338,0.000222818948652736,7.13858089495149e-05,1.76871993730196e-05,3.09091317327908e-06,3.26468930985184e-07,1.56021827236348e-08,1.76108575097195e-10,5.89719619865152e-14,0
0,7.68117852385813e-05,0.00146801504924845,0.00652025371293682,0.0158986139317534,0.0278688189963532,0.0396056136710621,0.0486611893309574,0.0537192157127589,0.0546374143499482,0.052099290793572,0.0471757797055952,0.0409702804753109,0.0344044721328,0.028132587003872,0.0225440515618481,0.0178127386331252,0.0139611308731757,0.0109202038940397,0.00857625803105171,0.00680287042665047,0.00547987033231192,0.0045026513307307,0.00378516247488078,0.00325929931002251,0.00287261672324189,0.00258555687898958,0.00236882389089398,0.00220115529747637,0.00206751549649947,0.00195763321201657,0.00186478650408015,0.00178476789399714,0.00171500579645256,0.00165385222208962,0.00160005853509013,0.0015524510086344,0.00150979445767818,0.00147080665423632,0.00143426802651197,0.00139916541059213,0.00136481574295186,0.00133093235823122,0.00129761795716041,0.00126528912846572,0.00123455339512882,0.00120606869260796,0.00118041646054049,0.00115801429740574,0.00113908472300446,0.00112368590299659,0.00111180102446543,0.00110347756969074,0.00109900721858841,0.00109914152387154,0.00110534663658975,0.00112010992125479,0.00114731916360845,0.00119273760924947,0.00126459153603789,0.00137426808336666,0.00153708724197991,0.00177306263955011,0.00210750325347914,0.00257123869783582,0.00320018574890815,0.00403393073736422,0.0051130043743923,0.00647459882883711,0.00814664614031338,0.0101404574975331,0.0124425097225598,0.0150064225791116,0.017746622766893,0.0205355213863167,0.0232060955203571,0.0255614141053726,0.0273917795901532,0.0284987658228379,0.0287236683611817,0.0279760781341205,0.0262569381672821,0.0236701134287772,0.0204176708630835,0.01677689982043,0.0130612676864759,0.00957207340766691,0.00655112968978756,0.0041458763993389,0.0023959106129318,0.00124414782493553,0.000568300511742621,0.000221847216575269,7.10732764524933e-05,1.76094650785294e-05,3.07727632911059e-06,3.2502290371537e-07,1.55327902535375e-08,1.75321734733566e-10,5.87069849512058e-14,0
