0,0.0100579061510693,0.0183592740438527,0.0251106347323101,0.0304994435764165,0.0346955103050228,0.037852342438466,0.0401084061955579,0.0415883088638208,0.042403906469489,0.0426553404448246,0.0424320068546605,0.041813461611745,0.0408702649813798,0.0396647685499748,0.0382518477094561,0.036679582589906,0.0349898902563589,0.0332191108722755,0.0313985504218313,0.0295549824757506,0.0277111113809413,0.0258859991526153,0.0240954582488591,0.0223524123117156,0.0206672268657186,0.0190480118744279,0.0175008979678256,0.0160302880683984,0.0146390860613148,0.0133289040742628,0.0121002498552151,0.0109526956615791,0.00988503000184048,0.00889539350087966,0.00798140009258301,0.00714024467815511,0.00636879832561814,0.00566369202532116,0.005021389957838,0.00443825317436371,0.00391059453558988,0.00343472570300646,0.00300699692660244,0.00262383032498032,0.00228174730792007,0.00197739074738546,0.00170754246082235,0.00146913653031152,0.00125926894267037,0.00107520399890748,0.000914377906480947,0.00077439993455745,0.000653051480871973,0.000548283368810137,0.000458211664934639,0.000381112280315384,0.000315414593659119,0.000259694310328925,0.000212665748856798,0.000173173725443851,0.000140185187172367,0.000112780726182159,9.01460898504325e-05,7.15637860196359e-05,5.64048675017629e-05,4.41209664101697e-05,3.42366362912993e-05,2.63420485088188e-05,2.00860788315769e-05,1.51698106545635e-05,1.13404726987286e-05,8.3858213511445e-06,6.12897098162102e-06,4.42366956555389e-06,3.15001171554925e-06,2.21057673626675e-06,1.52697552800855e-06,1.03678703489816e-06,6.90862423086779e-07,4.50973243343363e-07,2.87778440673981e-07,1.79084181323552e-07,1.0837003468407e-07,6.35550343158543e-08,3.59775085278431e-08,1.95632768065979e-08,1.01578138778291e-08,4.99924837560329e-09,2.31054802949559e-09,9.90908005393128e-10,3.88163598047904e-10,1.35952919388452e-10,4.13196026302143e-11,1.04298949597548e-11,2.04288759792422e-12,2.77077960710165e-13,2.10210233356096e-14,5.52442223095627e-16,1.08999880593246e-18,0
0,0.0100579061510693,0.0183592740438527,0.0251106347323101,0.0304994435764165,0.0346955103050228,0.037852342438466,0.0401084061955579,0.0415883088638208,0.042403906469489,0.0426553404448246,0.0424320068546605,0.041813461611745,0.0408702649813798,0.0396647685499748,0.0382518477094561,0.036679582589906,0.0349898902563589,0.0332191108722755,0.0313985504218313,0.0295549824757506,0.0277111113809413,0.0258859991526153,0.0240954582488591,0.0223524123117156,0.0206672268657186,0.0190480118744279,0.0175008979678256,0.0160302880683984,0.0146390860613148,0.0133289040742628,0.0121002498552151,0.0109526956615791,0.00988503000184048,0.00889539350087966,0.00798140009258301,0.00714024467815511,0.00636879832561814,0.00566369202532116,0.005021389957838,0.00443825317436371,0.00391059453558988,0.00343472570300646,0.00300699692660244,0.00262383032498032,0.00228174730792007,0.00197739074738546,0.00170754246082235,0.00146913653031152,0.00125926894267037,0.00107520399890748,0.000914377906480947,0.00077439993455745,0.000653051480871973,0.000548283368810137,0.000458211664934639,0.000381112280315384,0.000315414593659119,0.000259694310328925,0.000212665748856798,0.000173173725443851,0.000140185187172367,0.000112780726182159,9.01460898504325e-05,7.15637860196359e-05,5.64048675017629e-05,4.41209664101697e-05,3.42366362912993e-05,2.63420485088188e-05,2.00860788315769e-05,1.51698106545635e-05,1.13404726987286e-05,8.3858213511445e-06,6.12897098162102e-06,4.42366956555389e-06,3.15001171554925e-06,2.21057673626675e-06,1.52697552800855e-06,1.03678703489816e-06,6.90862423086779e-07,4.50973243343363e-07,2.87778440673981e-07,1.79084181323552e-07,1.0837003468407e-07,6.35550343158543e-08,3.59775085278431e-08,1.95632768065979e-08,1.01578138778291e-08,4.99924837560329e-09,2.31054802949559e-09,9.90908005393128e-10,3.88163598047904e-10,1.35952919388452e-10,4.13196026302143e-11,1.04298949597548e-11,2.04288759792422e-12,2.77077960710165e-13,2.10210233356096e-14,5.52442223095627e-16,1.08999880593246e-18,0
0,0.0100579061510693,0.0183592740438527,0.0251106347323101,0.0304994435764165,0.0346955103050228,0.037852342438466,0.0401084061955579,0.0415883088638208,0.042403906469489,0.0426553404448246,0.0424320068546605,0.041813461611745,0.0408702649813798,0.0396647685499748,0.0382518477094561,0.036679582589906,0.0349898902563589,0.0332191108722755,0.0313985504218313,0.0295549824757506,0.0277111113809413,0.0258859991526153,0.0240954582488591,0.0223524123117156,0.0206672268657186,0.0190480118744279,0.0175008979678256,0.0160302880683984,0.0146390860613148,0.0133289040742628,0.0121002498552151,0.0109526956615791,0.00988503000184048,0.00889539350087966,0.00798140009258301,0.00714024467815511,0.00636879832561814,0.00566369202532116,0.005021389957838,0.00443825317436371,0.00391059453558988,0.00343472570300646,0.00300699692660244,0.00262383032498032,0.00228174730792007,0.00197739074738546,0.00170754246082235,0.00146913653031152,0.00125926894267037,0.00107520399890748,0.000914377906480947,0.00077439993455745,0.000653051480871973,0.000548283368810137,0.000458211664934639,0.000381112280315384,0.000315414593659119,0.000259694310328925,0.000212665748856798,0.000173173725443851,0.000140185187172367,0.000112780726182159,9.01460898504325e-05,7.15637860196359e-05,5.64048675017629e-05,4.41209664101697e-05,3.42366362912993e-05,2.63420485088188e-05,2.00860788315769e-05,1.51698106545635e-05,1.13404726987286e-05,8.3858213511445e-06,6.12897098162102e-06,4.42366956555389e-06,3.15001171554925e-06,2.21057673626675e-06,1.52697552800855e-06,1.03678703489816e-06,6.90862423086779e-07,4.50973243343363e-07,2.87778440673981e-07,1.79084181323552e-07,1.0837003468407e-07,6.35550343158543e-08,3.59775085278431e-08,1.95632768065979e-08,1.01578138778291e-08,4.99924837560329e-09,2.31054802949559e-09,9.90908005393128e-10,3.88163598047904e-10,1.35952919388452e-10,4.13196026302143e-11,1.04298949597548e-11,2.04288759792422e-12,2.77077960710165e-13,2.10210233356096e-14,5.52442223095627e-16,1.08999880593246e-18,0
0,0.00789642195975676,0.014611316475444,0.0210131777641674,0.0275916926430523,0.0341631863811983,0.0401260100838399,0.0448492673002834,0.0479323822853296,0.0492831962574456,0.0490684652288474,0.0476107138929238,0.0452856956872887,0.0424472655381365,0.0393855458688799,0.0363128327362404,0.0333677677435646,0.0306287902864653,0.0281302403439684,0.0258771313128171,0.0238568012405932,0.022047145875042,0.020421968886394,0.0189542888772936,0.0176183864295366,0.0163911296871618,0.0152528413210842,0.0141877755821411,0.0131842027637926,0.0122341226693876,0.0113326881312595,0.0104774625990725,0.00966764154993246,0.00890334226322132,0.00818502747526509,0.00751309025932381,0.00688759768775923,0.00630817116552021,0.00577397074708529,0.00528374754324672,0.00483593081287178,0.00442872285976136,0.00406018363227438,0.00372829609215399,0.00343101128880077,0.00316627743727946,0.00293205964326254,0.00272635647131434,0.00254721712026862,0.00239275965481042,0.00226118763254442,0.00215080037562785,0.00205999147459805,0.0019872308856945,0.00193102790646395,0.00188987497262919,0.00186217521512064,0.00184615975459965,0.00183980359647692,0.00184075155278141,0.00184626760894074,0.00185322216300585,0.00185813101348781,0.00185725721038047,0.00184678138921299,0.00182303784057659,0.00178280281736588,0.00172360971767912,0.00164405482368898,0.00154404974558524,0.00142497515565975,0.00128969672566474,0.00114241904542241,0.000988375553324125,0.00083337903289254,0.000683283248615148,0.000543426211450933,0.000418134219774859,0.000310359910935013,0.000221506826181111,0.000151460782365098,9.88112075650134e-05,6.12118809297913e-05,3.58082057259986e-05,1.965254422993e-05,1.00411511918378e-05,4.73189266057847e-06,2.03352634314585e-06,7.8586568590571e-07,2.68354692630743e-07,7.91825328940086e-08,1.96143856469307e-08,3.9284596279923e-09,6.06269230355096e-10,6.82359940260335e-11,5.43392187862174e-12,3.34474265782962e-13,1.73481602658387e-14,4.24229548449005e-16,8.33580720925745e-19,0
0,0.00630618752512421,0.0118744410229362,0.0180387616618912,0.0254769621284576,0.0337217594780818,0.0416189046716564,0.047998607450467,0.0521116636787574,0.0537498103378212,0.0531499612113385,0.050811907593435,0.0473219485003885,0.0432264645407949,0.0389635696233769,0.0348419971617377,0.031050362099892,0.0276813060323812,0.02475935771009,0.0222659673006137,0.0201588799668397,0.0183854773235639,0.0168910509834773,0.0156234567175875,0.0145355273461508,0.0135862632401038,0.0127413885890377,0.0119735124733943,0.0112619392785624,0.0105921263442309,0.00995482861577026,0.00934503130031681,0.00876080674665261,0.00820222852486633,0.00767044385455396,0.00716696168892729,0.00669317120497039,0.00625007157670451,0.00583817156875904,0.00545750691695531,0.00510772341062924,0.00478818174013867,0.0044980533976208,0.00423639172832558,0.00400217539415116,0.00379433068527686,0.00361174324032634,0.00345326909087897,0.00331775086924094,0.00320403939542823,0.00311101556577368,0.00303760391458506,0.00298276812513658,0.00294548014253272,0.00292465789784464,0.00291907127342824,0.00292722113691582,0.00294720153517197,0.00297656013195437,0.00301217640214272,0.00305018053310907,0.00308593772537449,0.00311412163700089,0.00312889596491274,0.00312421370539973,0.0030942292491055,0.00303379998897624,0.00293903373762541,0.00280781943947734,0.00264026575429823,0.00243896944654735,0.00220904644168459,0.00195788400539108,0.00169461078006792,0.00142932700954657,0.00117218198592216,0.000932419943264035,0.000717530441243144,0.000532629061815557,0.000380158559452284,0.000259945221970632,0.000169581379375932,0.000105047085411002,6.14457063164734e-05,3.37185861922438e-05,1.72246441292898e-05,8.11486589841067e-06,3.48594050142946e-06,1.34632660421609e-06,4.59285323979641e-07,1.3529185822039e-07,3.3409323248956e-08,6.64926430723637e-09,1.01150611675762e-09,1.09687833311766e-10,7.86339019821187e-12,3.75256768917103e-13,1.46850794240126e-14,3.3152268907139e-16,6.48202868644961e-19,0
0,0.00510570202967421,0.00982452012612487,0.0158261530777983,0.0239049870174778,0.0333621187493298,0.0426284415891061,0.0501474082228505,0.0549340558347168,0.0567165643790473,0.0557991165359683,0.0528183548408746,0.0485133016451326,0.0435637852929025,0.0385056658004327,0.0337071769943082,0.0293837046142275,0.0256307200511402,0.0224605586559201,0.019834859019751,0.0176892639513488,0.0159500853609427,0.0145442723219106,0.0134045959511751,0.0124718747132636,0.0116956351386782,0.0110340775677937,0.0104537577202332,0.00992909106012188,0.00944165451942847,0.00897925804526963,0.00853481845283523,0.00810512922282512,0.0076896489342266,0.00728942287348115,0.00690621833959945,0.0065419097089584,0.00619810703764877,0.00587598974636777,0.00557628840081137,0.00529935309896407,0.00504525429359449,0.00481387703769419,0.00460498785272688,0.00441827014245385,0.00425333595432746,0.00410972733161333,0.00398691974468902,0.00388433483037613,0.00380136235738463,0.00373738443597441,0.00369179036413908,0.00366396909555653,0.00365326815119402,0.00365891223310356,0.00367988089238428,0.00371475144929717,0.00376152028898159,0.0038174222167805,0.00387877336991686,0.00394086768731009,0.00399795921537116,0.00404336127632167,0.00406968729063528,0.00406924565679527,0.00403458224466385,0.00395913986596988,0.00383797741138963,0.00366846674202033,0.00345086856396591,0.00318868510746635,0.00288870179143856,0.0025606636084275,0.00221658210417535,0.00186972851720798,0.00153342713327737,0.00121980760937011,0.000938694344683362,0.000696797521831231,0.000497323673498231,0.00034005110574058,0.000221831982019408,0.000137407113705376,8.03694531559597e-05,4.40998394610608e-05,2.25256813285789e-05,1.0611023070347e-05,4.55749155059221e-06,1.75977137172034e-06,6.00116263730403e-07,1.76673514449874e-07,4.35821549620604e-08,8.65542126633561e-09,1.31025740463603e-09,1.40239575281984e-10,9.65276591749082e-12,4.05109034223747e-13,1.270646563249e-14,2.6278275500856e-16,5.10768517181434e-19,0
0,0.00414096219694859,0.00821337536650702,0.0141763733833446,0.022904657081447,0.0334696564460604,0.0439244122887114,0.0523777689780548,0.0576565217738405,0.0594566399367418,0.0581620385922432,0.0545429831989054,0.0494779783647839,0.0437627155391473,0.03801322722615,0.0326423582019991,0.0278812393537863,0.0238211174040765,0.020458532655687,0.0177343843805282,0.0155631671286411,0.0138522880228151,0.0125132243958835,0.0114668862091142,0.0106454077700851,0.00999209091014055,0.00946061750386437,0.0090141061799112,0.00862419637253924,0.00827013163678585,0.00793775948549793,0.0076184075061178,0.00730766859627466,0.0070041835065389,0.00670852645634178,0.00642228223174128,0.00614736489484673,0.00588558449240161,0.00563843083865184,0.00540701947065267,0.00519213643121584,0.00499432401651011,0.00481396479996234,0.00465134063586516,0.00450666164092814,0.00438007336536703,0.00427165652788486,0.00418143293806851,0.00410938536293744,0.00405549078875319,0.00401975849045049,0.00400225860759709,0.00400312460300169,0.0040225141376034,0.0040605169454674,0.00411700439312832,0.00419142283222091,0.00428254117718061,0.00438817217160491,0.00450489632123999,0.00462782683466747,0.00475046177741601,0.00486467386753606,0.0049608862277208,0.00502847131848737,0.00505638848287482,0.00503404316977457,0.00495231072293568,0.0048046252839652,0.00458799800157132,0.00430380774585483,0.00395821053108075,0.00356204634284268,0.00313018411601171,0.00268033040539012,0.00223142114251481,0.00180180011239346,0.00140744252200288,0.00106049113429858,0.000768328535775348,0.000533317069259581,0.000353215445830968,0.000222155235442705,0.000131961368100061,7.35528544083901e-05,3.81741975624192e-05,1.82780160166393e-05,7.98286398443868e-06,3.13592008613132e-06,1.08860020721313e-06,3.26439014882459e-07,8.20729129056574e-08,1.66177558259795e-08,2.56224751933739e-09,2.77702403805288e-10,1.88492463572556e-11,6.94016119899524e-13,1.41473225878938e-14,2.1327914393167e-16,4.02817026298084e-19,0
0,0.00337044347893233,0.00695077494989958,0.012939034584183,0.0222604339833456,0.0337740610181353,0.0452066421949701,0.0543911953650606,0.0600112664636649,0.0617530693823289,0.0600815091261912,0.0558870957499061,0.0501674001190266,0.0438127162671092,0.0375010665209271,0.0316765818568756,0.0265778815421263,0.0222880861714015,0.0187872940233324,0.0159971456593265,0.0138136432326845,0.0121284214308039,0.0108406498062813,0.00986233765136928,0.00911960235167564,0.00855188320509592,0.00811041145202811,0.00775664299895393,0.00746090669028872,0.00720124966281033,0.00696235952041479,0.00673446181381775,0.00651216531506003,0.00629330028671651,0.00607783459120434,0.00586695299556892,0.00566235684160924,0.00546580053628768,0.00527884260269576,0.00510276190205481,0.00493857812762866,0.00478711904673607,0.00464909114850187,0.0045251296177887,0.00441582219610671,0.00432171516077584,0.00424331612924702,0.00418110767927674,0.00413557962790997,0.0041072789287124,0.00409686727182931,0.00410516970536189,0.00413319405677649,0.00418210080044228,0.00425310587282518,0.00434730421452488,0.00446540918120465,0.00460741244975994,0.00477218090784014,0.00495702131711142,0.00515725961619661,0.00536589771555725,0.00557342329165978,0.00576785305030507,0.00593508249169261,0.00605959154102042,0.00612551401119915,0.00611802192965408,0.00602490999358016,0.00583820191737446,0.00555555334795469,0.00518120992061236,0.00472630533893846,0.00420835755901634,0.00364993571730572,0.00307660970633423,0.0025144321405313,0.00198730801743926,0.00151465235656868,0.00110970287611922,0.000778743150599787,0.000521321695575566,0.00033136137917413,0.000198887332702895,0.000112001772550891,5.87253025027346e-05,2.84050012518127e-05,1.25323212380262e-05,4.9734536900241e-06,1.74426021248599e-06,5.28490148043972e-07,1.34266930208328e-07,2.74711873777817e-08,4.27841430525905e-09,4.67420145583262e-10,3.16873898346901e-11,1.11237760097245e-12,1.74471742097892e-14,1.77872944432649e-16,3.18497883315571e-19,0
0,0.00275676529652207,0.00596165981230644,0.0120045516422236,0.0218383171138473,0.0341333836793439,0.046343547121123,0.0560814219142825,0.0619256015243964,0.0635676027282009,0.0615485617501962,0.0568622531100688,0.0506037921222034,0.0437376868576647,0.0369878635044966,0.030819012437143,0.0254715301554677,0.0210186587188167,0.0174250013290012,0.0145954347107851,0.0124106139880403,0.010749589275155,0.00950210690502752,0.00857371646959185,0.00788651422044974,0.00737769903313333,0.00699738910197252,0.00670650034611753,0.00647499463105668,0.00628049440366074,0.00610712209167793,0.00594441755438676,0.00578625475048823,0.00562976048112999,0.00547429410722976,0.00532056370313866,0.00516993714288907,0.00502397141292029,0.00488414586539996,0.00475175670292806,0.00462791636286693,0.00451360287819188,0.00440971705504227,0.00431712374390525,0.00423667175995881,0.00416920060389939,0.0041155486557974,0.00407657682537287,0.00405321538909708,0.00404653252786244,0.00405781356601511,0.00408863215778655,0.00414088979909651,0.00421679834255363,0.00431878146306575,0.00444927505333417,0.00461041346987888,0.00480359899448942,0.00502896660696685,0.00528477559544344,0.00556678298684584,0.00586767886531531,0.00617668594137259,0.00647943906034351,0.00675825770338693,0.00699289972998468,0.00716183422769021,0.00724399677559801,0.00722089934618964,0.00707887362927299,0.00681115002087967,0.00641943596766056,0.00591467489140836,0.00531675014386372,0.00465304366618441,0.00395594678400436,0.00325961690823035,0.00259643615095672,0.00199371426014897,0.00147115961823097,0.00103951199285811,0.000700511207066874,0.000448114776516458,0.000270637737521303,0.000153329962378551,8.08697879441513e-05,3.93426410300997e-05,1.74569037443961e-05,6.96675523142369e-06,2.45697220052266e-06,7.48566545752339e-07,1.91231048371862e-07,3.93405917330986e-08,6.15929723430443e-09,6.75891410403218e-10,4.5855557432455e-11,1.58029260314071e-12,2.1619977732846e-14,1.52683630572964e-16,2.52791492160274e-19,0
0,0.00226534425586181,0.0051846400710543,0.01130558856089,0.0215938598078331,0.034550899719409,0.0473980034283829,0.0575676740951291,0.0635600277839696,0.065080885062737,0.062742402372077,0.0576281895128122,0.0509149688556543,0.0436270202508671,0.0365232900315357,0.030082217988068,0.0245427887527878,0.0199678982595369,0.0163079301254517,0.0134531673819237,0.0112713514304662,0.009631239397076,0.00841509537520986,0.00752353990470259,0.00687580727804527,0.00640773281535113,0.00606901416281789,0.00582061236924314,0.00563264226692809,0.00548276586117171,0.00535493835620313,0.00523833019630226,0.00512630623240556,0.00501542704321336,0.00490450409054377,0.00479376997983577,0.00468421899982826,0.00457714470818688,0.00447386668267944,0.00437561039085609,0.00428348935527279,0.00419853857260689,0.00412175935691417,0.00405415299648005,0.00399673808597465,0.00395055957031486,0.00391670393292303,0.00389633431005725,0.00389075309779962,0.00390149026442487,0.00393040559612831,0.00397978443287492,0.00405240019867887,0.00415151357690575,0.00428077757491422,0.00444402015932511,0.0046448823102457,0.00488630045012358,0.00516983962304342,0.00549490835493454,0.00585791718729364,0.0062514775522055,0.00666377035391258,0.00707823630193378,0.00747374331930317,0.0078253614657106,0.00810581721675137,0.0082876069910367,0.0083456329082437,0.00826009901480309,0.00801929806667229,0.00762185528468735,0.00707800152884084,0.00640953940241177,0.00564834062460985,0.0048334497597917,0.00400712641888555,0.0032103805543501,0.00247868758633174,0.00183857005596584,0.00130558679841178,0.000884002355160749,0.000568076647687646,0.000344598106083956,0.000196062979897501,0.000103835356354866,5.07186872728473e-05,2.25933683959299e-05,9.0516080003433e-06,3.20447730543647e-06,9.80024841569786e-07,2.51309078845174e-07,5.18949822264906e-08,8.15482962174297e-09,8.97840913152923e-10,6.10115464408684e-11,2.08625622051984e-12,2.64773554389978e-14,1.35360551427468e-16,2.01315073240815e-19,0
0,0.00187038954696594,0.00457282531653083,0.0107860805790663,0.0214785931204654,0.0350008630402612,0.048375250041807,0.0588859769181125,0.0649742529215138,0.0663654007363426,0.063736739817868,0.0582499749739534,0.0511504342788626,0.0435109537789559,0.0361174819349881,0.0294575705558274,0.0237670026561499,0.0190985667538408,0.0153898733030093,0.0125185921050804,0.010341588975654,0.00871913700466686,0.00752746595320486,0.00666333522261983,0.00604385834937498,0.00560401078607924,0.00529343022273432,0.00507341705791171,0.0049145135782135,0.0047946918885022,0.00469799994929793,0.00461347160238111,0.00453415255134942,0.00445617572598883,0.00437789176712947,0.00429909968114148,0.00422042627596177,0.00414288173236354,0.00406758803613918,0.00399565023039456,0.00392812534593316,0.00386604242891236,0.00381043679518137,0.00376237747292018,0.00372298321833186,0.00369343503961906,0.00367499933509338,0.00366907515220292,0.00367727299864304,0.00370152328658872,0.00374420216258532,0.00380825296060046,0.00389727387071817,0.00401553711227476,0.00416790224064301,0.00435958681720712,0.00459576278146709,0.00488095833771475,0.00521826500254194,0.00560837892925176,0.00604854420584305,0.00653151018339791,0.0070446583235828,0.00756948668647602,0.0080816502223362,0.0085517310908096,0.00894684746458453,0.00923310079972058,0.00937871926654911,0.0093575988017266,0.00915280255255672,0.00875948901669356,0.00818673149543293,0.00745778800070974,0.00660858312701754,0.00568444791134935,0.00473548141343739,0.00381118188868664,0.00295517583202279,0.00220089500857141,0.00156889345863399,0.00106618183511936,0.000687553119224939,0.000418479225436473,0.00023887287134074,0.000126906246888526,6.21778893857064e-05,2.77811418508902e-05,1.11628212832547e-05,3.96341532166234e-06,1.21564150021104e-06,3.12629973241306e-07,6.47444366064904e-08,1.02032201173161e-08,1.12640945773495e-09,7.6684533450718e-11,2.61378242302486e-12,3.17827914564625e-14,1.24012219014915e-16,1.60841562621046e-19,0
0,0.001552148999733,0.00409004492047121,0.010401304824497,0.0214502471797989,0.0354535233784937,0.0492638125670737,0.0600434973983125,0.0661900179588674,0.0674509351704057,0.0645624268689674,0.0587535915267633,0.0513271848439192,0.0433953767038066,0.0357648489152134,0.0289289277703266,0.0231192130014029,0.0183790004408748,0.0146346251786568,0.0117529668116267,0.00958178808195657,0.00797438759680731,0.0068021214263455,0.00595870135445872,0.00535964221572862,0.00493937188622002,0.00464765591220162,0.00444626910425111,0.00430631122047357,0.0042062106290701,0.0041302698916006,0.00406755080361999,0.00401093111059531,0.00395624131241017,0.00390146412290655,0.00384602510683573,0.00379021462985232,0.00373476686611575,0.0036805955023503,0.00362866116063382,0.00357993078237521,0.00353538695644641,0.00349605353605019,0.00346301831552756,0.00343744881514261,0.00342060905013883,0.0034138910538672,0.00341887438832614,0.00343742100257694,0.00347180354516139,0.00352485465742856,0.00360011448572257,0.00370194464258703,0.00383556967317867,0.00400700229428207,0.00422280730217137,0.00448966290165338,0.00481368979388812,0.0051995403061431,0.00564927390871598,0.00616109126618384,0.00672805281078832,0.0073369619603332,0.00796763590753398,0.00859280423898053,0.00917885348256239,0.00968756383425458,0.0100788605086041,0.0103144355760811,0.0103619091546885,0.0101990257072516,0.0098172632678608,0.0092242105374616,0.00844416661500875,0.00751664555839256,0.00649279790514892,0.00543013801639633,0.00438631135978717,0.00341286539506537,0.00255003359619775,0.00182337463296028,0.00124275100520693,0.00080366019032104,0.000490460599592625,0.000280684756375175,0.000149493097144187,7.34227922996355e-05,3.2883535472213e-05,1.32439818684966e-05,4.71323510972664e-06,1.44895448001564e-06,3.73491030446795e-07,7.75277744349531e-08,1.22461618372127e-08,1.3549972940644e-09,9.24123753173958e-11,3.1464412167546e-12,3.7308192556932e-14,1.17128890556932e-16,1.28937516112848e-19,0
0,0.00129492571677742,0.00370836444783785,0.0101189396837145,0.0214825180272746,0.0358973440066906,0.0500709680157313,0.0610650906018352,0.0672445846510829,0.0683801712176943,0.0652607170312454,0.0591734438067106,0.0514693507397217,0.0432926963006392,0.0354662375279729,0.0284868428941262,0.0225815571812717,0.01778500598551,0.0140136748964182,0.0111252424306383,0.00895983955424927,0.0073649968033584,0.00620808929489308,0.0053803759431572,0.00479612276078614,0.0043893853181772,0.00411012965052411,0.00392063679447625,0.00379259860735207,0.00370495955157769,0.00364236528286356,0.00359401349096896,0.00355272692637613,0.00351413808850024,0.00347594834661616,0.00343727426083761,0.00339811185357106,0.00335894141815931,0.00332047396601309,0.00328351838409134,0.00324893439022694,0.00321763364808441,0.00319059861312329,0.00316890177004046,0.00315372204612812,0.00314636626073538,0.00314830906848325,0.00316126438912105,0.00318729568568815,0.00322896335549906,0.00328949674144941,0.00337296728145363,0.00348442900606583,0.00362998359127072,0.00381672026113804,0.00405247744508637,0.00434537557680605,0.00470308190693642,0.00513179194628897,0.00563495040675778,0.00621178707111722,0.0068558058976502,0.0075534301668577,0.00828305934445956,0.00901481818398174,0.00971125886078473,0.0103292000785256,0.0108227493804995,0.0111473656180407,0.0112646022436911,0.0111469675669612,0.0107821929434578,0.0101761609811123,0.00935384709540305,0.00835787745953286,0.0072446785387443,0.00607862612749234,0.00492500603302889,0.0038428765785231,0.0028789941239908,0.00206378869979513,0.00140997991877993,0.000913888298346515,0.000558953459586177,0.000320557757405192,0.000171078431350075,8.41913985226306e-05,3.77797643387521e-05,1.52450740225897e-05,5.43565336737334e-06,1.6741942930938e-06,4.32366367964036e-07,8.99200579268726e-08,1.42309832631113e-08,1.57761708837143e-09,1.0777410918591e-10,3.66924601466108e-12,4.28497385009037e-14,1.13493770314759e-16,1.03710289262365e-19,0
0,0.00108639660240664,0.00340617437156674,0.0099146830230293,0.0215568546473564,0.0363262855071774,0.0508058941584767,0.0619735510077966,0.0681697456101551,0.0691880793623999,0.0658643086622114,0.0595358516721243,0.0515944661062695,0.0432108488643133,0.0352204100211731,0.0281221239252165,0.0221384997017138,0.0172963941010343,0.0135037441187341,0.0106103846151588,0.00845002177068383,0.00686537601047903,0.00572052701165455,0.00490471679809131,0.00433119693762746,0.00393374187881241,0.00366252486522748,0.00348030670784065,0.00335934977902801,0.00327911967291282,0.00322464289142977,0.00318531785271294,0.00315399245999765,0.00312618397576093,0.00309938763118261,0.00307247237960002,0.00304518498444834,0.00301778088411203,0.002990783238816,0.00296485231927894,0.00294073452870836,0.0029192574512892,0.00290134358316181,0.00288802726822671,0.00288047238109313,0.00287999863584146,0.00288812970280158,0.00290667592995176,0.00293785909767996,0.00298447773544976,0.00305010065247119,0.00313926471892304,0.00325764141207409,0.00341212589428161,0.00361079341941148,0.00386266247493145,0.00417720511688466,0.00456355617075259,0.00502939821139216,0.00557954123065559,0.00621427467032046,0.00692764080013733,0.00770585273809038,0.00852614298272521,0.00935636068284412,0.0101556190314175,0.0108762133305573,0.0114668801986666,0.0118772583110411,0.0120631674657966,0.0119920884751526,0.0116480548708881,0.0110351122843959,0.0101786024574569,0.00912379799600518,0.00793182460199881,0.00667329231188051,0.00542051718471838,0.0042395395944479,0.00318324172331885,0.00228668860693982,0.00156538515453912,0.00101654774455732,0.000622877034627479,0.000357845708922552,0.000191303677015442,9.43006242129555e-05,4.23847412213671e-05,1.71305896223159e-05,6.1175918272187e-06,1.88720331350369e-06,4.88148307947293e-07,1.01683665843887e-07,1.61188777552213e-08,1.78982333974368e-09,1.22454601621375e-10,4.17087501432176e-12,4.82517482667026e-14,1.12169302581305e-16,8.37020985735245e-20,0
0,0.000916888704777156,0.00316665494784522,0.00976978161334643,0.0216590278334884,0.0367355909209193,0.0514750245596007,0.0627849555906976,0.0689875178679777,0.0698981922120392,0.0663942796363971,0.0598565978964866,0.0517115030173226,0.0431516628661289,0.0350225884930963,0.027824444104265,0.0217754382505368,0.0168955537391377,0.0130853380481703,0.0101879362878148,0.00803162493802058,0.0064550847060794,0.00531963746487347,0.00451283849265626,0.00394708927963196,0.00355592944685407,0.00328971484165386,0.00311163236287955,0.00299446455920077,0.00291817148640929,0.00286816529510359,0.00283407889987476,0.00280883924511173,0.00278791142362037,0.00276864697818678,0.0027497221424884,0.00273067798614733,0.00271157623443651,0.00269277160394092,0.00267478505355915,0.00265825079052214,0.00264390702911349,0.00263260601035221,0.00262532957072382,0.00262320854520308,0.00262755392685676,0.00263991273016394,0.00266216120422404,0.00269664294633819,0.00274635078643386,0.00281514036297737,0.00290795114264097,0.00303099799726812,0.00319188407204929,0.00339957475546954,0.00366416524020191,0.0039963737721441,0.00440670350400376,0.00490424232635285,0.00549511534320613,0.00618066903538241,0.00695554519316238,0.0078058861529299,0.00870798462924073,0.00962773110330219,0.0105211980840536,0.0113366166347539,0.0120178396400247,0.0125091574292236,0.0127610626949557,0.0127362996312538,0.0124153357132228,0.0118003233746836,0.0109167185330621,0.00981200877219723,0.00855144919542224,0.00721123642735862,0.00587006288739232,0.00460036229101435,0.00346067879259718,0.00249041184470676,0.00170772611311931,0.00111076858095162,0.000681660022941733,0.000392198961392303,0.000209970680411134,0.000103647336843932,4.664968234374e-05,1.88798330334544e-05,6.75130901379351e-06,2.08548397099109e-06,5.40161938563163e-07,1.12671797141817e-07,1.78855395389264e-08,1.98879259009351e-09,1.36250692622626e-10,4.64389139351686e-12,5.34079277353088e-14,1.12451935799897e-16,6.77897247669362e-20,0
0,0.000778740253358027,0.00297667366291785,0.00966999357858128,0.0217789199980136,0.0371230818717857,0.0520851921516379,0.0635135788843075,0.069716410524631,0.070529614599245,0.0668671960430894,0.0601475774325697,0.0518266558263318,0.0431155440858915,0.0348679622864874,0.0275847148705913,0.0214800676490801,0.0165679777200324,0.0127426190861167,0.00984142046963527,0.00768804626234596,0.00611775691302174,0.00498953956342526,0.00418951483872584,0.0036293509804607,0.00324237291316317,0.00297907993891027,0.00280302013930732,0.0026874325934818,0.00261272768247706,0.0025646871133841,0.00253319006947565,0.00251127594677007,0.00249440376025079,0.00247983131887373,0.00246608906385168,0.0024525519607803,0.00243911836315233,0.00242599551496818,0.00241357761960572,0.00240239224217244,0.00239308819629413,0.00238644299798468,0.00238337780356887,0.00238497881992189,0.00239253316808803,0.00240759195011687,0.00243207305612734,0.00246841142486187,0.00251975602267901,0.00259020181937659,0.0026850323882703,0.00281093510712873,0.00297613705353807,0.00319039694370416,0.00346477931146959,0.00381113531882,0.00424122492138656,0.00476544253556926,0.00539115651428731,0.00612074211383804,0.00694947367552129,0.00786353357686262,0.00883847581410175,0.0098385287326102,0.0108171111304862,0.0117188497424854,0.0124832158150551,0.0130496528906474,0.013363776533279,0.013383939266905,0.0130872341729088,0.0124739239391396,0.0115693794916981,0.0104229123493019,0.00910336071522162,0.00769186485427793,0.00627282631322133,0.0049244554207298,0.00371045705705788,0.0026742239193805,0.00183641700279625,0.00119611796774067,0.000735005809314984,0.000423429397390005,0.000226969533319302,0.000112172792718444,5.0546138396642e-05,2.04804764728096e-05,7.33210340733218e-06,2.26749203184984e-06,5.87982893452808e-07,1.22790658998535e-07,1.95151969910539e-08,2.17266436438844e-09,1.49026352133207e-10,5.08321892919806e-12,5.82430517766041e-14,1.13805079751623e-16,5.51006840007785e-20,0
0,0.000665865121187476,0.00282595569802162,0.00960451883067507,0.0219094714549359,0.0374883922328014,0.0526433441030344,0.0641721540287795,0.0703721692151035,0.0710980984726733,0.0672963251551044,0.0604179626728034,0.0519443107467716,0.0431021539746411,0.0347520328516031,0.0273951000229793,0.0212420987837275,0.0163017416517309,0.0124627095667592,0.00955753100080684,0.00740592791006665,0.0058402379962047,0.00471744689773912,0.00392243384662043,0.00336621742710325,0.00298191279175095,0.00272011838276722,0.00254467644436751,0.00242921496032769,0.00235454231486455,0.00230678130753918,0.00227605419157901,0.00225553081092241,0.00224069624271576,0.00222875324860078,0.00221812529731984,0.00220805579850917,0.00219830767808777,0.00218896139368887,0.00218029827024318,0.00217274729164149,0.00216687121124963,0.00216337234498585,0.00216310743518706,0.00216711122078777,0.00217663675973347,0.00219322508827682,0.00221881667882777,0.00225591259978631,0.00230778506754371,0.00237872608704011,0.00247430981044152,0.00260162968712676,0.00276945622951944,0.00298824680125962,0.00326992797517852,0.00362736784619053,0.00407346547045044,0.00461981277259618,0.00527493488105762,0.00604218862862646,0.00691749125557331,0.0078871507653088,0.00892615753616287,0.00999735000711644,0.0110518603615295,0.0120311582932984,0.0128708326384041,0.0135059903354012,0.0138778404866959,0.0139407207831702,0.0136685822769397,0.0130598471474241,0.0121396484023803,0.0109587722662283,0.00958912675808034,0.0081161739149586,0.0066293649341622,0.00521206503328669,0.00393262317819445,0.0028380619561554,0.00195135040370469,0.00127248519544271,0.000782821874663209,0.000451469853866449,0.00024225689621824,0.000119851972861392,5.40612167442059e-05,2.1926637504426e-05,7.85763078098392e-06,2.43242747777758e-06,6.31383715438811e-07,1.31988405781795e-07,2.09988797762774e-08,2.34035131890432e-09,1.60699863585752e-10,5.48570581310465e-12,6.27072510459207e-14,1.15823172412788e-16,4.49552910147749e-20,0
0,0.00057341893423723,0.00270643479361152,0.00956510499750033,0.0220456697845878,0.0378319930850875,0.0531557296615873,0.0647712918635127,0.0709674278901731,0.0716158755895045,0.0676915683499655,0.0606741514495188,0.0520669374585159,0.0431101967688408,0.0346702737547598,0.0272485483310948,0.0210526799794049,0.0160868402104767,0.0122349734113917,0.00932539018201931,0.00717441883208675,0.00561187524821157,0.00449300777042134,0.00370160415401797,0.0031480944707468,0.00276538133550169,0.00250411870316783,0.00232837933274039,0.00221211431016771,0.00213647566169445,0.00208789250468655,0.00205671739072669,0.00203625746804722,0.00202204500607763,0.00201125679139082,0.00200224061300107,0.00199413761922039,0.00198660012092315,0.00197960114461226,0.00197332311982549,0.0019681057192761,0.00196443101460089,0.00196292830323261,0.00196438930143633,0.00196979392186802,0.00198035474532393,0.00199759263190065,0.00202345588375837,0.00206049106835086,0.00211206563046382,0.0021826314440551,0.00227800503457531,0.00240562484550326,0.00257472944871195,0.00279638466193064,0.00308327510810765,0.0034491713087087,0.00390799261002322,0.0044724149703777,0.00515202533474375,0.00595110193107323,0.00686619765212289,0.00788380987882089,0.00897851536598724,0.0101120080961027,0.0112334744643717,0.012281651261208,0.0131887268739115,0.0138859729993747,0.0143106645211728,0.0144135140650804,0.0141655869861162,0.0135635474904298,0.0126321773843718,0.0114234304448909,0.0100118114270885,0.00848651655983046,0.00694141243207127,0.00546441179820396,0.00412799442671788,0.0029824431415492,0.00205283329455197,0.00134003943988212,0.000825193558915635,0.000476358887302992,0.000255847787545111,0.000126689512300546,5.71957452691034e-05,2.32181358508562e-05,8.32763896522046e-06,2.58015290758238e-06,6.70312853690696e-07,1.40250795481458e-07,2.23337368329677e-08,2.49146435885478e-09,1.71238746449853e-10,5.84994827975655e-12,6.67733767598454e-14,1.18206995676612e-16,3.68229476116956e-20,0
0,0.000497531267375513,0.00261175846895071,0.00954544306214927,0.0221840148027629,0.0381549018883431,0.0536279619421327,0.0653199102656546,0.0715124371727442,0.0720925649274649,0.0680604129438168,0.0609206435404147,0.05219580281166,0.0431379207761399,0.0346184046923402,0.0271388522700254,0.0209042698630329,0.0159149122749784,0.0120506336674008,0.00913609639576966,0.00698468533241509,0.00542401870112421,0.00430781823285153,0.00351889767132102,0.00296714422456866,0.00258524174494453,0.00232385962646141,0.00214724350496573,0.00202960667458476,0.00195239208900122,0.00190229812551259,0.00186988920699513,0.00184860888207082,0.00183404930645312,0.00182338244222366,0.00181490505242595,0.00180768030794748,0.00180127135935742,0.00179556128521339,0.00179064696721362,0.00178678838077126,0.00178439339225903,0.00178402213698765,0.00178640281782929,0.00179245965784524,0.00180336117389738,0.00182060109668171,0.00184612431826156,0.00188250618651507,0.00193318571186498,0.00200274230975131,0.00209719198603915,0.00222426281593087,0.00239359200533832,0.00261676952530861,0.00290713945572894,0.00327926454058414,0.00374796807230969,0.00432689634936759,0.00502659938716583,0.00585220846585055,0.00680089175883678,0.00785938147361991,0.00900196757213955,0.0101894179702096,0.011369284809904,0.012477966909019,0.0134447078471625,0.014197425002685,0.0146699195298953,0.0148096678668616,0.0145851171124545,0.0139912789330463,0.013052503659498,0.0118216455533721,0.010375376157725,0.00880608003010209,0.00721144097631741,0.00568333906636975,0.00429788784557273,0.00310826582036901,0.00214144814596037,0.00139913790700545,0.000862326838088845,0.000498207395302049,0.0002677974876816,0.000132710663213515,5.99601612115532e-05,2.43588128979278e-05,8.7433613127179e-06,2.71100454493024e-06,7.0484531177683e-07,1.47590815587498e-07,2.35213772873626e-08,2.62612676467693e-09,1.8064690789191e-10,6.17584483958293e-12,7.04313937412694e-14,1.20738919648567e-16,3.02879838999187e-20,0
0,0.000435099645901555,0.00253691096284134,0.00954071414276604,0.0223221294737688,0.0384584899426816,0.0540650985427441,0.0658255905493323,0.0720156361566013,0.0725358634239539,0.0684086383176115,0.0611606736071928,0.05233146894176,0.0431834497062626,0.0345925501091022,0.027060647165702,0.0207905019054356,0.0157790007824693,0.011902457789953,0.00898236212369217,0.00682952493777066,0.00526962954646627,0.00415503980416794,0.00336768814450637,0.00281695352113605,0.00243529357193576,0.00217335771715074,0.00199551377263355,0.00187618263086363,0.00179704914192721,0.00174504416802303,0.00171092268262461,0.00168825856290078,0.00167271025738671,0.00166145970357544,0.00165277163976422,0.0016456510098392,0.00163958997842351,0.00163439707287116,0.00163009592152108,0.00162687620445446,0.00162507850855632,0.00162519862885722,0.00162790414736408,0.00163406447017715,0.00164480253708064,0.00166158042346634,0.00168633119633271,0.00172164555132323,0.00177101422142084,0.00183911625664352,0.00193212931442221,0.00205802143928153,0.00222676529402544,0.0024503972972799,0.00274282898635701,0.00311931119587604,0.00359545966946438,0.00418578011129626,0.00490168654943287,0.00574909058779563,0.00672574595770596,0.00781865021197764,0.00900191268598612,0.0102355676931354,0.0114658146896832,0.0126270774391972,0.0136460789854143,0.0144478357397745,0.0149631151085528,0.0151365356999659,0.0149341953700955,0.0143495731956446,0.0134065345384282,0.0121586038528974,0.01068423265253,0.00907849290742578,0.00744232946515429,0.00587104429613046,0.00444391224794541,0.00321665582442084,0.00221794499398378,0.00145025407812327,0.000894503390813683,0.00051717227459182,0.000278187187477819,0.00013795409339446,6.23712192801069e-05,2.53551796681737e-05,9.10702637627545e-06,2.82563871477951e-06,7.35142358426138e-07,1.54040170497942e-07,2.45665017630501e-08,2.74481998309294e-09,1.88953919678064e-10,6.46422217364538e-12,7.3683685653961e-14,1.232633904468e-16,2.50237405085009e-20,0
0,0.00038363031129304,0.00247792164371091,0.00954723360500761,0.0224584377616144,0.0387442845217894,0.0544716184943488,0.0662947287186054,0.0724839354870345,0.0729518958611787,0.0687406649709867,0.0613965036603119,0.0524739924852987,0.0432448719893217,0.0345892187762342,0.0270092929167735,0.0207059866761939,0.0156732960780443,0.0117844618023019,0.00885819608757907,0.00670304051638943,0.00514295717131455,0.00402908782760365,0.00324255734167902,0.00269226310737103,0.00231042913235945,0.00204765438912532,0.00186838519199324,0.00174720212752166,0.00166598761230811,0.00161187007863322,0.00157577274650704,0.00155139053425975,0.00153445004748592,0.00152215303283127,0.00151274652354792,0.00150519303278541,0.00149892888266441,0.00149370135224879,0.00148947186032527,0.0014863686471486,0.00148467196350707,0.00148481855202271,0.00148741910139943,0.0014932902370498,0.00150350929714027,0.00151950401799514,0.00154318947759376,0.00157716102249954,0.0016249445745914,0.00169129488542983,0.00178251815060844,0.00190677821956009,0.00207432629041177,0.00229757440980519,0.00259091682156033,0.00297019548466898,0.00345171353495028,0.00405073000483539,0.00477942613592408,0.00564441967432586,0.00664401393688259,0.0077654904052745,0.0089828658359207,0.0102556091937219,0.0115288193615402,0.0127352749603472,0.0137995687246021,0.0146442375322151,0.0151974287295663,0.0154012641689423,0.0152197559536156,0.0146449783716489,0.0137002796328387,0.0124396572401553,0.0109429976120815,0.00930760512638072,0.00763717455330465,0.00602992375094803,0.00456784633125379,0.00330887534656075,0.00228317674825986,0.00149393427435927,0.000922053150316922,0.000533440192925389,0.000287115076289691,0.00014246738037244,6.44499170561383e-05,2.62155588082278e-05,9.4215446335177e-06,2.92493310167055e-06,7.61425443778243e-07,1.59643733900774e-07,2.54760044027977e-08,2.84828174302376e-09,1.96207879386963e-10,6.71658369690237e-12,7.65418369261917e-14,1.25672566029743e-16,2.0772825898086e-20,0
0,0.000341113218710384,0.00243163924926778,0.00956218270917286,0.0225919347418768,0.0390138493230977,0.054851449600606,0.0667327036678787,0.0729229870977165,0.0733455305033854,0.0690598605764968,0.0616296755171419,0.052623095969705,0.0433203201151171,0.0346052933909003,0.0269807850152062,0.0206461599769312,0.0155929379524865,0.0116916818505452,0.00875865755799981,0.00660038785330183,0.00503928799956056,0.003925387564532,0.00313906294878676,0.00258875094845614,0.00220643521216201,0.00194263853707334,0.00176184866226976,0.00163876451828333,0.00155542681416971,0.00149912938213816,0.00146094166996811,0.00143466856389132,0.00141610352467217,0.00140247414582504,0.00139202028205893,0.00138367445289122,0.00137682958109268,0.00137118301943184,0.0013666437140172,0.00136328659117621,0.0013613382501642,0.00136118179089821,0.00136337517860772,0.00136868503098277,0.00137814409823821,0.00139314447015335,0.00141557884783383,0.00144803879028627,0.00149407171315624,0.00155848766073175,0.00164769256374587,0.00177000708429557,0.00193591009061853,0.00215812531072889,0.0024514524333425,0.00283223530587459,0.003317366784035,0.0039227593860513,0.00466126883759759,0.0055401455917204,0.00655820281059653,0.00770301514385169,0.00894857916080328,0.0102539445726595,0.0115633336837465,0.0128081772205514,0.0139112929279049,0.0147931255039434,0.0153795862276756,0.0156106395710616,0.015448464815296,0.0148838619654856,0.0139396465138267,0.0126701213039984,0.0111563020238439,0.00949731564096714,0.00779914163312292,0.00616244929886816,0.00467154145542471,0.00338624988480953,0.00233804708094259,0.00153076251001037,0.000945331998491707,0.000547214346305722,0.000294689040118339,0.000146303305032055,6.62197818746851e-05,2.69493733446199e-05,9.69024779832408e-06,3.00990426360773e-06,7.83954323603723e-07,1.6445487723776e-07,2.62582135146175e-08,2.93741952064601e-09,2.0246931963496e-10,6.9348942027373e-12,7.90238887103292e-14,1.27894805373397e-16,1.73318897854636e-20,0
0,0.000305923843537019,0.00239555694421209,0.00958340622017553,0.0227220233976265,0.0392687171805163,0.055208023048033,0.0671440444629488,0.0733374287456113,0.0737206539173041,0.0693688000268073,0.0618612216689943,0.0527783091984902,0.0434080356798581,0.0346380228494169,0.0269716842179155,0.020607163162719,0.0155338602554131,0.0116199954374701,0.00867966440100607,0.00651757840072867,0.00495474878761538,0.00384018228350285,0.00305355460193882,0.00250285867905516,0.00211983202736423,0.00185489984448405,0.00167256017377146,0.00154759501947764,0.00146216910401538,0.00140371264473229,0.00136342038004566,0.00133519532095187,0.00131489437339246,0.00129977417870613,0.00128807492276471,0.0012787087720727,0.00127103534879915,0.00126471159695167,0.00125960245107883,0.00125573683844279,0.00125329396594607,0.00125260859210278,0.0012541902927639,0.00125875887303639,0.00126730420345069,0.00128118242781703,0.00130226086828356,0.00133312070582012,0.00137731956637393,0.00143970546645915,0.00152675914840166,0.00164692386413165,0.00181086100267612,0.0020315486673746,0.00232412215181978,0.00270534584676212,0.00319261249565753,0.00380239529808756,0.00454813699385936,0.00543764963597897,0.00647021465891761,0.00763370197020155,0.00890214699418469,0.0102343063388367,0.0115737234914329,0.0128507471711619,0.0139867410382061,0.014900410398999,0.0155157832267624,0.0157709817586944,0.0156265914837314,0.0150722674904796,0.0141302896525436,0.0128551242449551,0.0113286470835235,0.0096514411500714,0.00793135050417451,0.00627107328961708,0.00475684614888319,0.00345011121733465,0.00238346955432406,0.00156133280170723,0.000964704117126225,0.000558703938731454,0.000301020838388358,0.000149516884682487,6.77054944636776e-05,2.75665731973403e-05,9.91667787470785e-06,3.08164064757214e-06,8.03009230851691e-07,1.68531648542845e-07,2.69222681064682e-08,3.01323921210483e-09,2.07806167381636e-10,7.12140097461223e-12,8.11520630392508e-14,1.29885514250871e-16,1.4539862159967e-20,0
0,0.000276745924370294,0.00236767609243988,0.00960925735993586,0.0228483932710081,0.0395103452490682,0.0555443225078257,0.0675325630814073,0.0737310706491182,0.0740803742940064,0.0696694511826235,0.0620918084903949,0.0529390563336458,0.0435063970915372,0.0346849949714002,0.0269790432237556,0.0205857345166533,0.0154926575426236,0.0115659725702962,0.00861783610655645,0.00645131970406663,0.00488614837395034,0.00377037906857144,0.00298302570958182,0.00243165095862675,0.0020477414315283,0.00178160707555145,0.00159773033566656,0.00147094647897092,0.00138351466068605,0.00132297572789876,0.00128063031578328,0.00125046764732371,0.00122840335204202,0.00121172425243748,0.00119867601691705,0.00118815781029086,0.00117950405733109,0.0011723392105659,0.0011664914609418,0.0011619502260987,0.0011588530649901,0.00115749144079343,0.00115833084696267,0.00116204766599823,0.00116959103322359,0.00118228156760556,0.00120195927928701,0.00123118988175883,0.00127353196196656,0.00133385687069474,0.00141869869085645,0.00153659337694556,0.00169834498814235,0.00191713497155254,0.00220837153803971,0.0025891660512666,0.00307732925016655,0.0036898096287604,0.00444055544611052,0.00533787266586717,0.00638146905960792,0.00755950655143789,0.00884610719396722,0.010199842904721,0.0115637520296986,0.0128673376771564,0.0140307972768863,0.0149714156159402,0.0156116586751757,0.0158880962211444,0.0157599430350988,0.0152158347356674,0.0142775220841096,0.0129995152731696,0.0114643144069812,0.00977363249106684,0.00803680125190096,0.00635816595795529,0.00482555578841724,0.00350175896497945,0.00242033979607429,0.00158623014817404,0.000980529766388982,0.000568116842359141,0.000306222012801102,0.000152163274960907,6.89319095952479e-05,2.80772246952189e-05,1.01044353038427e-05,3.14125410096272e-06,8.18877899287851e-07,1.71933976054587e-07,2.74776591138286e-08,3.07679235139519e-09,2.1228999160468e-10,7.2784997344632e-12,8.29510419929288e-14,1.31620104409264e-16,1.22688528807075e-20,0
0,0.000252510393479659,0.00234639981664437,0.00963847911975139,0.0229709315322659,0.0397400886250386,0.0558629318167136,0.0679014656130684,0.0741070449959945,0.0744271792880465,0.0699633144887802,0.0623218391461149,0.0531047128743582,0.0436139294703376,0.0347441038803342,0.0270003392583933,0.0205791157966546,0.015466473896388,0.0115267538939424,0.00857036670278957,0.00639888705297023,0.004830850771766,0.00371342514824471,0.00292499423867955,0.00237270164115309,0.00198777929379634,0.00172040748246651,0.00153503164079845,0.00140651528356874,0.00131718669966512,0.00125467478242004,0.00121036844205843,0.00117833159443995,0.00115453314596911,0.00113628977078941,0.0011218559584328,0.00111012337627206,0.00110040768292906,0.00109230736566995,0.0010856200561087,0.00108030135415354,0.00107645236389183,0.00107432595713036,0.00107434769783445,0.00107715397004932,0.00108365556318344,0.00109513849105922,0.0011134143333337,0.00114102945761182,0.00118153586817521,0.0012398159262011,0.00132243863026286,0.00143800664869524,0.00159743170649468,0.00181405339473365,0.0021034969097271,0.00248315449009033,0.0029711807690174,0.00358492163616496,0.00433875570687044,0.00524141928552382,0.00629300526942067,0.0074819605044978,0.00878253201048413,0.010153199794736,0.0115366488885152,0.0128617458760077,0.0140477786677752,0.0150108978955606,0.0156722981170315,0.0159672608638132,0.0158538362897784,0.0153197601439641,0.0143862673511703,0.013107811807825,0.011567312131803,0.0098673229066248,0.00811832728186901,0.00642597498988896,0.00487937956992176,0.00354243501429413,0.00244951676287765,0.00160601758745424,0.000993156889845316,0.000575654512553728,0.000310401030753939,0.000154296294185372,6.99233625773585e-05,2.84912180192603e-05,1.02570700683136e-05,3.1898448925259e-06,8.3184614807188e-07,1.74721627563397e-07,2.79338926901358e-08,3.12913714507167e-09,2.1599321624266e-10,7.40863439273725e-12,8.44466683250021e-14,1.330885669701e-16,1.04170807837727e-20,0
0,0.000232346933705129,0.00233044963067753,0.00967011354824683,0.0230896588970623,0.0399591882754589,0.0561660823689455,0.068253448792401,0.0744679301110516,0.0747630633706145,0.070251532608243,0.0625515315825137,0.0532746456875215,0.0437293067753109,0.0348135186085355,0.0270334157768907,0.0205849742102341,0.0154529117831031,0.0114999518921584,0.00853492243641188,0.00635802054569957,0.00478667352724596,0.0036672087484615,0.00287740682798203,0.00232400170488907,0.00193796775063295,0.00166934391882745,0.0014825210306573,0.001352369979565,0.00126126670410376,0.00119690853167782,0.00115075686903862,0.00111693948803985,0.00109147282134604,0.00107170206926891,0.00105589251168944,0.00104293235196244,0.00103212353116837,0.00102304390692105,0.00101546577220591,0.00100931585627133,0.00100466344864136,0.00100172714705116,0.00100089650507716,0.00100277125632481,0.00100822633901218,0.00101851441053616,0.00103541811332619,0.00106146156123759,0.00110018405492258,0.00115646862670461,0.00123690343419559,0.00135013534557591,0.00150715313237437,0.00172141468029648,0.00200871252213728,0.00238666072242213,0.0028736911782476,0.00348747661252512,0.00424275725456684,0.00514864069965882,0.00620556525630305,0.00740225292692309,0.00871310619651608,0.0100965922678395,0.011495175055098,0.0128372687218109,0.014041479455538,0.0150230794871658,0.0157022531128965,0.0160132329121918,0.0159130931691399,0.0153887822683868,0.0144610372399064,0.0131841719984378,0.0116413448077984,0.00993569771677406,0.00817856679765444,0.00647660029079084,0.00491991944381147,0.00357330691025734,0.00247181038878843,0.00162122755215581,0.00100291544245239,0.000581508516909365,0.000313661317316687,0.000155967398078927,7.07031836208095e-05,2.88180608341679e-05,1.03780043447197e-05,3.22847670262798e-06,8.42191106783733e-07,1.76952732864657e-07,2.83002449005729e-08,3.17130990695164e-09,2.18987063709031e-10,7.51422253661767e-12,8.56649692104773e-14,1.34291288483303e-16,8.90336156282657e-21,0
0,0.000215545442415648,0.00231879995354243,0.00970343220995826,0.0232046834112099,0.0401687676622073,0.0564556970734686,0.068590781545691,0.0748158514238522,0.0750896284251387,0.0705349743322995,0.0627809754130624,0.0534482387239673,0.0438513472028625,0.0348916522678414,0.0270764310347129,0.0206013362363361,0.015449956362167,0.0114835698991657,0.0085095585950733,0.0063268418335819,0.00475180571031321,0.00362997910391171,0.0028385612655418,0.00228388449424336,0.00189666349155258,0.00162678650200919,0.00143857533859112,0.00130689094744467,0.00121413877785333,0.00114806769067965,0.00110019762198856,0.00106471020765526,0.00103766364575881,0.00101642969554457,0.000999285381768112,0.000985118320435697,0.000973220653142869,0.000963153937097673,0.000954669504333066,0.000947669481463166,0.00094219545191162,0.000938435654646392,0.000936747272585526,0.000937696588141129,0.000942125189218084,0.000951253826663053,0.00096683615040148,0.000991371885349379,0.00102838268888588,0.00108274361920187,0.00116104856021629,0.0012719691410309,0.00142654449420986,0.00163831580965129,0.00192319908029334,0.00229897770197155,0.00278430124592221,0.00339710573849196,0.00415243059691456,0.0050597003504794,0.00611966102499408,0.00732129827506111,0.00863919407473999,0.0100318700372352,0.0114416836593177,0.0127967581509107,0.0140152192356243,0.0150116880694661,0.0157055721812983,0.0160302705969778,0.0159420533846256,0.0154271862499297,0.0145059292833599,0.0132323868164926,0.0116898018034056,0.00998168075366714,0.00821994880043968,0.00651198078125271,0.00494865855908731,0.00359545840688846,0.00248797434833136,0.00163235668037354,0.00101011391549162,0.000585858370799221,0.000316100008835704,0.000157225021411316,7.12933820883723e-05,2.90667425721124e-05,1.04704810972175e-05,3.25815983623283e-06,8.50176625119244e-07,1.7868277361571e-07,2.85855925376621e-08,3.20430518422468e-09,2.21340111159759e-10,7.59760257626486e-12,8.66314513379812e-14,1.35235862599252e-16,7.66279925138437e-21,0
0,0.000201525284965986,0.00231062652752507,0.00973788278048651,0.0233161673064045,0.0403698348327879,0.0567334300990064,0.0689153734172155,0.0751525632886438,0.0754081629616012,0.0708142984781709,0.0630101728647178,0.0536249084111688,0.0439790043313051,0.0349771326657849,0.0271278129304583,0.0206265314582769,0.0154559124587932,0.0114759354716259,0.0084926516170818,0.0063037865019709,0.00472474147740849,0.00360028168582988,0.00280704361535182,0.00225096487436561,0.00186249906992189,0.00159137626805549,0.00140183755485429,0.00126871960499077,0.00117444213741951,0.00110679107420751,0.00105733262954325,0.00102029323043696,0.000991767266488578,0.000969150710778474,0.000950732552413806,0.000935401798208254,0.000922443793189107,0.000911407281592883,0.000902026283921961,0.000894181984038716,0.000887891870244923,0.000883317340358404,0.000880786545741039,0.00088083532330589,0.000884274349020298,0.000892294023231648,0.000906619274037682,0.000929723913275976,0.000965107992483496,0.00101763139070195,0.00109388229994632,0.00120254037721233,0.00135467193535132,0.00156387085458763,0.00184613796481825,0.00221937952485257,0.00270240973693458,0.00331337103180482,0.00406754566651743,0.00497462544550482,0.00603562876733011,0.00723979241711174,0.00856189656618173,0.00996057416354887,0.0113781754858933,0.0127426739040666,0.0139718918046552,0.0149800004760912,0.015685838475589,0.0160221641744728,0.0159445985693798,0.0154388212255629,0.0145246379870492,0.0132558859523479,0.0117157589418572,0.010007932900684,0.00824468966911512,0.00653389002464172,0.0049669567374083,0.00360988534248111,0.00249870264564756,0.00163986322489063,0.00101503752123616,0.000588870364397118,0.000317807256472838,0.000158114200391176,7.17144612373357e-05,2.9245653192723e-05,1.05375327468818e-05,3.27984082277788e-06,8.56050385706863e-07,1.79963938914531e-07,2.87983037229426e-08,3.22906273641743e-09,2.2311733187023e-10,7.66099810972985e-12,8.7370612323419e-14,1.35934684010832e-16,6.64340917171844e-21,0
0,0.000189810693126829,0.00230526569020734,0.00977304801871288,0.0234243035439862,0.0405632880476232,0.0570007025955023,0.0692288322576654,0.0754795157862106,0.0757197050651717,0.0710900030441191,0.0632390684959317,0.0538041123813678,0.0441113563708493,0.0350687753919599,0.0271862199280552,0.020659145204281,0.0154693522245963,0.011475645604415,0.00848284363522313,0.00628754906417639,0.00470422614278262,0.00357690564344098,0.00278167713017389,0.00222408964038154,0.00183433484108804,0.00156197872918466,0.00137117217018996,0.00123671577003487,0.00114103076393799,0.00107192780729133,0.00102100872612376,0.000982536598471476,0.000952636743831086,0.00092872681884592,0.000909107478930002,0.000892670410911645,0.000878696432287472,0.000866724263831432,0.000856473641249609,0.000847807928288643,0.000840723673122839,0.000835358569290075,0.000832014770690311,0.000831200456364176,0.000833697720681596,0.000840668206421725,0.000853808619083903,0.000875565813149226,0.000909415077090526,0.000960195126397996,0.0010344787826517,0.00114093936765643,0.00129065029877158,0.00149723144863455,0.00177673460423989,0.00214714790958796,0.00262740317741656,0.00323579851540358,0.00398780842374174,0.00489334690613134,0.00595367191775757,0.00715825838418935,0.00848209904095703,0.0098839862285841,0.0113063485361335,0.012677132425283,0.0139140122908322,0.0149308869730804,0.0156462102276813,0.0159922717394634,0.0159241829137916,0.0154271255344334,0.0145204746618953,0.013257752619336,0.0117219888584829,0.0100168587479333,0.00825479693482521,0.00654393793100972,0.00497605083307904,0.00361749524840375,0.00250462890762403,0.00164416631173735,0.00101794756662444,0.000590697104224086,0.000318865928275652,0.000158676399581133,7.19853284975052e-05,2.93625420155539e-05,1.05819646766995e-05,3.29439675702476e-06,8.60042286736757e-07,1.8084475475471e-07,2.8946173479628e-08,3.24645969261698e-09,2.24379504938306e-10,7.70649543018476e-12,8.79056182929488e-14,1.36403148510011e-16,5.80346391569533e-21,0
0,0.000180011028641927,0.00230218214155532,0.00980861422540447,0.023529299449419,0.0407499234311719,0.057258734424674,0.0695325127660662,0.0757979092900453,0.0760250924749529,0.0713624630248761,0.0634675705959259,0.0539853536250753,0.0442475946447444,0.0351655595426363,0.0272505073784332,0.0206979786314994,0.0154890716164265,0.0114815215822569,0.00847899704962811,0.00627703807784846,0.00468921226688619,0.00355884103016803,0.00276148063328737,0.00220229701619992,0.00181121955076146,0.00153764557722394,0.00134562808988746,0.0012099219456548,0.0011129392631869,0.00104250497668225,0.000990247294621161,0.000950458712650944,0.000919290603627505,0.000894179729699688,0.000873437763966884,0.000855959841648461,0.000841023938482129,0.000828160967156706,0.000817078877377862,0.000807625865880743,0.000799780284093667,0.000793658901946147,0.000789540611949308,0.000787908494795609,0.000789518257271679,0.000795504364988964,0.000807535953791438,0.000828032250524234,0.000860441285116243,0.000909575656808229,0.000981984635852268,0.0010863229135151,0.0012336536739453,0.00143759956892716,0.0017142337183709,0.00208159013919643,0.00255867672692223,0.0031639022237541,0.0039128881478317,0.00481573001162432,0.00587389510578914,0.00707708344686188,0.00840051117345305,0.00980317045208878,0.0112276417213703,0.0126019512998865,0.0138437613961208,0.0148668543109936,0.0155894616291889,0.0159435570400622,0.0158838671734956,0.0153951563904246,0.0144963924817317,0.0132407439769795,0.0117109770145687,0.0100106186245317,0.0082520779022292,0.00654357661126372,0.00497705846914004,0.00361910956361521,0.00250632758073954,0.0016456465109345,0.00101908167651009,0.000591477568518589,0.000319351599533476,0.00015894948757551,7.21232755994326e-05,2.94245059960676e-05,1.06063496888214e-05,3.3026331559667e-06,8.62363770559374e-07,1.813699184187e-07,2.90363931070452e-08,3.25730661863735e-09,2.25182904428422e-10,7.73603105619832e-12,8.82581090342311e-14,1.36658323395744e-16,5.1094024099418e-21,0
0,0.000171804910272822,0.00230094337692172,0.00984434697907546,0.0236313655031209,0.0409304435941865,0.0575085720583614,0.069827557228775,0.0761087390093091,0.0763250024100552,0.071631959440284,0.0636955663806072,0.0541681815165272,0.0443870119899547,0.0352666060377541,0.0273196985582204,0.0207420150677484,0.0155140541435999,0.011492571679471,0.00848015720802673,0.0062713394081958,0.00467882379110697,0.00354524389158246,0.00274563452633381,0.0021847835070552,0.00179235796904107,0.00151758308250395,0.00132440784316154,0.00118753344593868,0.00108935405809016,0.00101770006112616,0.000964218101205236,0.000923223714063211,0.00089088986973273,0.000864669905074779,0.000842885638021175,0.000824436033178471,0.000808597450853235,0.00079489474203873,0.000783026124803596,0.000772826875159805,0.000764259523972411,0.000757422370642535,0.000752573498649004,0.000750173221828208,0.000750952901460169,0.000756021359700069,0.000767020912528331,0.000786342777933121,0.000817405774038519,0.000864992301258203,0.000935621183610051,0.00103791798486697,0.00118292072353752,0.00138423470410991,0.00165792855328911,0.00202205061197941,0.00249564830495644,0.00309720115957273,0.00384243745104903,0.00474159764448762,0.00579633072393815,0.00699654898495877,0.00831769995455776,0.00971900952814663,0.0111432730370911,0.0125186891166729,0.0137630261547751,0.0147900864846512,0.0155180226471858,0.0158786274184376,0.0158263538864451,0.0153456216736741,0.0144550143461298,0.013207314793364,0.0116849411274518,0.00999114398792674,0.00823815137391735,0.0065341089418593,0.0049709840143883,0.00361546760238928,0.00250431642376414,0.00164464730953527,0.00101865460637613,0.00059133752200249,0.000319332746261393,0.000158967818207409,7.21440085653243e-05,2.9437999144364e-05,1.06130303705923e-05,3.30528436841435e-06,8.63207842652353e-07,1.81580283201748e-07,2.9075544476539e-08,3.26234648181236e-09,2.25579196722145e-10,7.75138677477375e-12,8.84480995884178e-14,1.36717981161691e-16,4.53417873521458e-21,0
0,0.00016492741761831,0.0023011993646743,0.00988007246619877,0.023730707873195,0.041105466555707,0.0577511129543793,0.0701149296951881,0.0764128314018853,0.0766199833079513,0.0718987016408835,0.0639229326609389,0.0543521908300283,0.044528991583508,0.0353711584549376,0.0273929598541384,0.0207903916531383,0.015543440649858,0.0115079602962523,0.00848552168284621,0.00626968608790813,0.00467232667171825,0.00353540770108552,0.00273345296459881,0.00217087672064587,0.00177708427517117,0.00150112599994383,0.00130684202216751,0.00116887343359973,0.00106958913340682,0.000996817515919568,0.000942216856358958,0.000900120144126736,0.000866717919690684,0.000839477674189731,0.000816730367466634,0.000797378891997375,0.000780698860395108,0.000766210427725173,0.000753603762918227,0.000742703117555214,0.000733457253582893,0.000725948155571207,0.000720415285292219,0.000717298300081126,0.000717306099398513,0.000721523326381906,0.000731566281137726,0.000749798012858332,0.000779606617742297,0.00082574094732573,0.000894683586451495,0.000995022034535301,0.00113775631830501,0.00133645699265356,0.0016071657397598,0.00196791766722304,0.00243776765372303,0.00303523087327429,0.00377610664639234,0.00467074768681885,0.00572095953445854,0.0069168543979226,0.00823411688065251,0.00963223492372942,0.0110542726397277,0.0124286808229882,0.0136734369067902,0.014702482530582,0.0154340167590053,0.0157997705602777,0.0157540222434552,0.0152809121246883,0.0143986617572657,0.0131596425668823,0.0116458523277247,0.00996015463684904,0.00821446114624624,0.0065166987344626,0.00495872592545539,0.00360723161459202,0.00249905982333906,0.00164147716683286,0.00101685944063651,0.000590390168592825,0.000318871074622911,0.00015876238306765,7.20617116950811e-05,2.94088564772187e-05,1.0604126938841e-05,3.30301576563706e-06,8.62749575621603e-07,1.8151294946523e-07,2.90696120709969e-08,3.26225569250944e-09,2.25615488112843e-10,7.7541901476994e-12,8.84939528513948e-14,1.36599911331042e-16,4.05595527862167e-21,0
0,0.000159159751931019,0.00230266636017523,0.00991566311642123,0.0238275236434357,0.041275534526263,0.057987126746246,0.0703954446372054,0.076710873979713,0.0769104801644915,0.072162844457227,0.064149543213612,0.054537019521674,0.0446729964835679,0.0354785662195468,0.0274695795560954,0.020842375457497,0.0155765041056545,0.0115269823815292,0.0084944149284038,0.00627143353321731,0.00466910477847706,0.00352873993505618,0.00272436103218812,0.00216001304167834,0.00176484014115389,0.00148771600507439,0.0012923680596507,0.00115337207583859,0.00105306564593729,0.000979268938923324,0.000923646046863332,0.000880542546198196,0.000846162941954767,0.000817986608814286,0.000794352584484959,0.000774167586861131,0.000756707071472124,0.000741487556211025,0.000728192533866239,0.000716636828519283,0.000706757200146423,0.000698621206956842,0.000692451632280595,0.000688669377457618,0.000687962605443168,0.000691393161617819,0.000700552156906545,0.000717774479266294,0.000746416354144717,0.000791190349942775,0.000858537962093481,0.000957001039303373,0.00109753063001294,0.00129364753377156,0.00156134702463915,0.00191862697432004,0.00238452165195185,0.00297755098876445,0.00371355377818797,0.0046029658339073,0.00564772650423929,0.00683813613024633,0.00815012023908213,0.00954345236481049,0.0109615113214887,0.0123330688097933,0.0135764004475732,0.0146056910441612,0.0153392960210331,0.0157089892294727,0.0156689615938054,0.0152031327832573,0.0143293834764809,0.0130996528609759,0.0115954568454467,0.00991917664878545,0.00818229031358064,0.00649238170502209,0.00494108481146584,0.00359499245100747,0.00249097258154149,0.00163641191305686,0.00101386902382931,0.000588736950709908,0.000318021935551102,0.000158361009396169,7.18891334744947e-05,2.93423274567029e-05,1.0581548700134e-05,3.29642711981009e-06,8.61146939831745e-07,1.81201427958511e-07,2.90240071923346e-08,3.25764658239724e-09,2.25334477286541e-10,7.74591887100147e-12,8.84124031319752e-14,1.36321443722905e-16,3.65706618619407e-21,0
0,0.000154320864065137,0.00230511398931264,0.00995102655263269,0.0239219979622507,0.0414411222748411,0.0582172735811696,0.0706697909692414,0.0770034397261602,0.0771968547905186,0.072424501378061,0.0643752737496282,0.0547223458006198,0.0448185600249178,0.0355882699420184,0.0275489497650402,0.0208973433665053,0.0156126285586303,0.0115490422023415,0.00850626733401169,0.00627603911891275,0.00466864006850303,0.00352474281941679,0.00271787597949515,0.00215171925985076,0.00175515665886036,0.00147688385687947,0.00128051260269551,0.00114054914500101,0.00103929480362515,0.000964556304365409,0.000907998611921381,0.000863975670198246,0.000828702743826645,0.000799668991967678,0.000775220454426543,0.000754267433940441,0.000736085607726822,0.000720188669102943,0.000706254551311153,0.000694089993057671,0.000683621271057739,0.000674903167435035,0.000668143508070407,0.000663746142868466,0.000662380069667721,0.000665085626685132,0.000673429562254617,0.00068971873571999,0.000717276646846139,0.000760777363696565,0.000826617247457315,0.00092328607685344,0.00106167653880152,0.00125524677461348,0.00151992882357998,0.00187366247326483,0.00233543689926702,0.00292374971466367,0.00365445135812712,0.00453803485053869,0.00557655285134483,0.00676048272510471,0.00806599330217894,0.00945316319008917,0.0108657249023252,0.0122328300606883,0.0134731294860596,0.0145011413402367,0.0152354731918326,0.0156080335221745,0.0155730029628031,0.0151141329303901,0.0142489831450502,0.0130290440099752,0.0115352974022467,0.00986956027659778,0.008142775702842,0.00646207666967124,0.00491877176090023,0.00357927548189148,0.00248042392059084,0.00162969731721925,0.0010098375125801,0.000586468427780008,0.000316834786960003,0.000157788584037627,7.16376853824453e-05,2.92431151288205e-05,1.05470077244331e-05,3.28605672182022e-06,8.58541840488399e-07,1.80675849474145e-07,2.89436000757959e-08,3.24907082852521e-09,2.24774677754957e-10,7.72790774200591e-12,8.8218615082351e-14,1.35899131136296e-16,3.32319350908457e-21,0
0,0.000150260661184856,0.00230835492199164,0.00998609709524522,0.0240143025438115,0.0416026449202943,0.0584421199343205,0.0709385521743529,0.077291007119661,0.0774794020275071,0.0726837546721048,0.0646000051479281,0.054907884852823,0.0449652771249616,0.0356997886861411,0.0276305509803835,0.0209547651409622,0.0156512915400484,0.011573635694936,0.0085205978786222,0.00628304531119175,0.00467049624227214,0.0035229974714371,0.00271359176947085,0.00214559742479402,0.00174763941547824,0.00146823462867588,0.00127087686610967,0.00112999949629068,0.0010278635007322,0.000952257811773871,0.000894844074669519,0.000849980957396386,0.00081389165341178,0.00078407318849868,0.000758877551490179,0.000737218299084435,0.000718371549064702,0.000701848786580462,0.000687323290405171,0.000674594839993949,0.000663580532131391,0.000654323812189734,0.000647019068930929,0.00064205462467487,0.000640081736958046,0.000642120433930922,0.000649713911732228,0.000665141225490481,0.000691692532892127,0.000734001618208233,0.00079841635092094,0.000893369027672175,0.00102968598541581,0.0012207516454799,0.00148242030710209,0.00183255561618618,0.00229008035337865,0.00287344614806749,0.00359849062762564,0.00447574109009246,0.00550734510446193,0.0066839466675331,0.00798195912802618,0.00936178218324649,0.0107675350395007,0.0121287997346853,0.0133646686352394,0.0143900713272554,0.0151239508260267,0.0154984304126399,0.0154677482282517,0.015015534080992,0.0141590453493889,0.0129493106430455,0.0114667337566316,0.00981249728160047,0.00809692196895303,0.00642659656662937,0.00489241660530257,0.00356054651806238,0.00246774152178991,0.00162155169817335,0.00100490196686889,0.000583665184696488,0.000315353675937748,0.000157067289221164,7.13175469132944e-05,2.91154181456177e-05,1.05020336847113e-05,3.27238590222183e-06,8.55061270729103e-07,1.79963201244097e-07,2.88327566797732e-08,3.23702344947521e-09,2.23970683537879e-10,7.70135727774216e-12,8.79262659700116e-14,1.35348550969293e-16,3.04271109253995e-21,0
0,0.000146854483465903,0.00231223660144641,0.0100208292355269,0.0241045951052858,0.0417604650680655,0.0586621522085315,0.071202223166709,0.0775739765724629,0.0777583627476445,0.0729406631579575,0.0648236254479818,0.05509338546221,0.0451127965001473,0.0358127089548614,0.0277139389854523,0.0210141891469408,0.0156920493467131,0.0116003357729364,0.00853699974313477,0.00629206571198182,0.0046743052432251,0.00352315081207898,0.00271116632519664,0.00214131234005956,0.00174195615147121,0.00146143546653096,0.00126312445439641,0.00112138094570591,0.00101842227133863,0.000942015955748037,0.000883816781628806,0.000838185006875019,0.000801349266890355,0.000770812718259259,0.00074493229154746,0.000722624412176374,0.000703165738502815,0.000686066008517202,0.000670994577772153,0.000657745210124898,0.000646226939648482,0.000636473128475154,0.000628666068691915,0.000623179913841326,0.000620649468524007,0.000622075554906694,0.000628978600180791,0.000643610145491043,0.000669226583229325,0.000710419994019167,0.000773486984378683,0.000866797824984918,0.00100110572606671,0.00118971193633314,0.0014483805488515,0.00179488347317137,0.00224805861505031,0.00282629099270138,0.00354538398802198,0.00441587892763193,0.00544000182337624,0.00660855364686035,0.00789819256188638,0.00926965242339431,0.0106674669218148,0.0120216915604582,0.0132519172100385,0.0142735522583913,0.0150059473883665,0.0153815105303512,0.0153545967963049,0.0149087557857692,0.0140609598288024,0.012861765688144,0.0113909620525981,0.00974903736361749,0.00804561504024085,0.00638665903437137,0.00486257589802425,0.00353921756173523,0.0024532154714277,0.0016121684905213,0.000999183923013124,0.000580398735200984,0.000313617721153348,0.000156216839910363,7.09377719761185e-05,2.89629736216993e-05,1.04479890968757e-05,3.25584370846025e-06,8.50818514013479e-07,1.79087575562767e-07,2.86953777469218e-08,3.22194709427312e-09,2.22953458046523e-10,7.66734326305121e-12,8.7547642147435e-14,1.34684194445403e-16,2.80616104260666e-21,0
0,0.000143998604656679,0.00231663460855936,0.0100551926272153,0.0241930194368798,0.0419148992661339,0.0588777884025869,0.0714612244200255,0.0778526839408373,0.0780339342905592,0.0731952681628777,0.0650460309637543,0.0552786266880801,0.0452608137558331,0.0359266751895053,0.0277987336976585,0.0210752303327389,0.0157345247171119,0.0116287800805416,0.00855512835639228,0.00630277349113215,0.00467975608499529,0.00352490474429882,0.00271031098744202,0.00213858121921756,0.001737826539768,0.00145620543154581,0.00125697122905515,0.00111440414883494,0.00101067518946388,0.000933527476096976,0.000874605943811204,0.000828269753633194,0.000790750808380496,0.000759556836606817,0.000733048763674405,0.000710145470768799,0.000690124170119329,0.00067249319127788,0.000656918555474609,0.000643188800927152,0.000631205855932107,0.000620994089900582,0.000612724878341044,0.000606759415256755,0.000603717212304038,0.000604580899497767,0.00061084888412226,0.000624745529328016,0.000649493195092586,0.000689641143166416,0.000751432445464324,0.000843171550616571,0.000975532816729426,0.00116172627148873,0.00141741512373413,0.00176026612083295,0.00220901630891497,0.00278196616654608,0.00349486609625635,0.00435825362067747,0.00537441850148175,0.00653430975583123,0.00781482993944618,0.00917705762462614,0.0105659642748019,0.011912115410155,0.0131356491306724,0.0141525105791988,0.0148825205244409,0.0152584322221641,0.015234769753194,0.0147950391517422,0.0139559436820494,0.0127675606756042,0.0113090327717629,0.00968010348517707,0.00798963472180343,0.00634289637528582,0.00482974046473972,0.00351565227365607,0.00243710202893109,0.0016017187058583,0.000992790909181541,0.00057673239612467,0.000311661581791148,0.00015525471557112,7.05063932726692e-05,2.87890993767999e-05,1.0386084415539e-05,3.23681156179387e-06,8.45914347839093e-07,1.78070420142917e-07,2.85349383890627e-08,3.20423641995985e-09,2.21750631436898e-10,7.62682669487505e-12,8.70937428953269e-14,1.33919419360832e-16,2.60583519443112e-21,0
0,0.000141606559800785,0.00232144732893262,0.0100891682488737,0.0242797058852726,0.0420662237889829,0.0590893881036653,0.0717159138068505,0.0781274116405171,0.078306278853562,0.0734475980865363,0.0652671267846136,0.0554634146977207,0.0454090652917911,0.0360413815932686,0.027884609694596,0.0211375600953883,0.0157783965027474,0.0116586607704165,0.00857469144756044,0.00631489178124462,0.00468658558815228,0.00352800718869265,0.00271078178393662,0.00213716511644927,0.00173501370969297,0.00145230706172183,0.0012521768709749,0.00110882414682576,0.00100437140155424,0.000926534896393105,0.000866947212338269,0.000819964117886435,0.000781818889803689,0.000750022437926794,0.000722938804163174,0.000699488904163425,0.00067895045563669,0.000660830622868361,0.000644792565483199,0.000630620256883867,0.000618209338863165,0.0006075761361637,0.000598882145540809,0.000592476675997138,0.000588964989293342,0.00058931245114178,0.000594996159607929,0.000608213666183126,0.000632153157146458,0.000671320215268348,0.000731902531882451,0.000822135581153676,0.00095261005507794,0.00113643793585967,0.00138917243559166,0.00172836362024479,0.00217263389365904,0.00274018365825408,0.0034466940087438,0.00430268299978811,0.00531049106614561,0.00646120704845351,0.00773197691101937,0.00908423237054121,0.0104634020584272,0.0118005923989259,0.0130165302321783,0.0140277471188517,0.0147545876759674,0.0151302030262034,0.0151093315599223,0.0146754680940695,0.0138450615394059,0.0126677042726814,0.0112218671968108,0.00960650598585527,0.00792966635158294,0.00629586480669622,0.0047943424404888,0.00349017108716975,0.00241962716431445,0.00159035325146986,0.00098581787810531,0.000572722116724413,0.000309515903938869,0.000154196381565139,7.00305223554129e-05,2.85967345760846e-05,1.03173926110962e-05,3.21562777152658e-06,8.40438215290257e-07,1.76930782827382e-07,2.83545269590881e-08,3.18424241239988e-09,2.20386795864855e-10,7.58066373699795e-12,8.65743866436239e-14,1.33066447949825e-16,2.43543990730926e-21,0
0,0.000139606142556396,0.00232659165983897,0.0101227454688714,0.0243647720931234,0.0422146797803098,0.0592972610318536,0.0719665965220349,0.0783983978020112,0.0785755302458341,0.0736976718903618,0.0654868268570581,0.055647579811714,0.0455573229550521,0.0361565651071923,0.0279712881672546,0.0212008977361819,0.0158233910035805,0.0116897159606448,0.00859544075561856,0.00632818568891157,0.00469457068676984,0.00353224464472957,0.00271237218676248,0.00213686181601271,0.00173331720795876,0.00144953935415864,0.00124853784824877,0.00110443330120689,0.000999298026533138,0.000920819401934212,0.000860615557451038,0.000813036913998983,0.000774316479878757,0.000741967112563213,0.000714355164727018,0.000690403170630023,0.000669389262673225,0.000650819608986053,0.00063435488578685,0.000619775054221818,0.000606970170884045,0.000595949339731618,0.000586865090836195,0.000580055802047771,0.000576113421712703,0.000575986898301593,0.00058113269100402,0.000593721924609445,0.000616908571599331,0.00065515388924693,0.000714588704884617,0.000803376919556734,0.000932021534664257,0.00111353072822482,0.00136333997208352,0.00169887280519411,0.00213862514644596,0.00270068390111139,0.00340064666510385,0.0042489983013867,0.00524811830665536,0.00638922779866786,0.00764971473484382,0.00899137059035167,0.0103600971939203,0.0116875678280228,0.0128951332706521,0.0138999538805967,0.0146229442554939,0.0149976987278895,0.014979209414859,0.0145509884004053,0.013729243742043,0.0125630790578311,0.0111302723697024,0.00952895545307646,0.00786631146615424,0.00624605295369034,0.00475676175027079,0.00346305593216248,0.00240098983538305,0.00157820508461459,0.000978348541956012,0.000568417253544634,0.000307207738813554,0.000153055497152958,6.95164438973916e-05,2.83884781284799e-05,1.02428629827518e-05,3.19259182548659e-06,8.34469342006614e-07,1.75685545671684e-07,2.81568823663336e-08,3.16227655023628e-09,2.18883791301377e-10,7.52961541450544e-12,8.59983160028645e-14,1.32136395911559e-16,2.28982711282683e-21,0
0,0.00013793694561251,0.00233199954866294,0.0101559198060135,0.0244483238831245,0.0423604777979324,0.0595016743379088,0.0722135334031859,0.0786658438198967,0.0788417993327769,0.0739455017594898,0.0657050537877795,0.0558309737907402,0.0457053893678259,0.0362719993846578,0.0280585300867038,0.0212650032524506,0.0158692746925749,0.0117217225859763,0.00861716510978904,0.00634245563970923,0.00470352202809743,0.00353743600753057,0.00271490709433682,0.0021374999230867,0.00173256714492212,0.00144773192157621,0.00124588154986207,0.0011010553856893,0.000995274200837647,0.00091619484561584,0.000855419252203682,0.000807290834573597,0.000768040913053927,0.000735183203873423,0.000707085637739697,0.00068267196661054,0.0006612206191393,0.000642236879530071,0.000625379242143118,0.000610424117821549,0.000597256578354488,0.00058587922282959,0.00057643641588904,0.000569256450388971,0.000564918801215169,0.000564356771561811,0.000569006811305486,0.000581014013293799,0.000603498177247485,0.000640875767206008,0.00069921957184614,0.000786619796695306,0.000913488411587767,0.00109272495891625,0.00133964062273158,0.00167152403659325,0.00210673449839354,0.00266323386298477,0.00335652393183511,0.00419704438374444,0.00518720348964267,0.00631834773570179,0.00756810532707645,0.008898632570542,0.0102563176137389,0.0115734222585034,0.01277195089909,0.0137697286833419,0.014488279605508,0.0148616801916325,0.0148452104435893,0.0144224247323019,0.0136093026197764,0.0124544565955517,0.0110349545798894,0.00944807436452998,0.00780009747701368,0.00619388957552468,0.00471733202047338,0.00343455455511162,0.00238136499212771,0.00156539119221118,0.000970456601916405,0.000563861285800854,0.000304760929768988,0.000151844108410226,6.89697033250387e-05,2.8166624464319e-05,1.01633340591993e-05,3.16796840684104e-06,8.28077784539348e-07,1.74349645228365e-07,2.7944429291365e-08,3.13861474654302e-09,2.17260977041564e-10,7.47435686577367e-12,8.53732991436981e-14,1.31139322107865e-16,2.16477813888309e-21,0
0,0.000136548342425278,0.00233761519732417,0.0101886912259891,0.024530456208724,0.0425038018108222,0.0597028588304893,0.0724569479099364,0.0789299205848141,0.0791051784301538,0.0741910951276857,0.0659217384690893,0.0560134673733448,0.0458530938586228,0.0363874896278772,0.0281461304013859,0.0213296712531027,0.0159158481007028,0.0117544904083732,0.00863968464594382,0.00635753182566575,0.00471327863936966,0.00354342741986827,0.00271823782291044,0.00213893394553781,0.00173261931975435,0.00144674012076946,0.00124406138714993,0.00109854064194491,0.000992146081722576,0.000912502702664748,0.000851194790846739,0.000802557349980072,0.000762818789876217,0.000729492728741674,0.000700948013977709,0.000676109235532008,0.000654254983361723,0.000634889726767316,0.000617670017836209,0.000602369103355028,0.000588867584514907,0.000577162177737993,0.000567389786086828,0.000559869367821591,0.000555168677316254,0.000554206075242643,0.000558398591615105,0.000569865685356355,0.000591693089316797,0.000628252156182226,0.000685556724260373,0.00077162159067564,0.000896764944220175,0.00107377366648931,0.00131782915009671,0.00164607802985461,0.00207673434607871,0.00262762499649474,0.00331414537012785,0.00414667951036343,0.00512765536558631,0.00624853847746405,0.00748719530495423,0.00880615074996119,0.0101522898892726,0.0114584809714061,0.0126474068639748,0.0136375878947127,0.0143511909657199,0.0147228081704317,0.014708036892967,0.0142904957130375,0.0134859469883749,0.0123425109057745,0.0109365314517112,0.00936440755001854,0.00773148638789347,0.00613975054305749,0.00467634592947042,0.00340488443783064,0.00236090630776781,0.00155201439407788,0.000962206870390129,0.000559092469574557,0.000302196466884238,0.000150572825322772,6.83951874185424e-05,2.79331965054909e-05,1.00795455103102e-05,3.14199111042823e-06,8.2132540229919e-07,1.72936277220048e-07,2.77193109806694e-08,3.11350102879957e-09,2.15535485911147e-10,7.41548603701903e-12,8.47062259063299e-14,1.30084291128742e-16,2.05682965006802e-21,0
0,0.000135397828222061,0.00234339280099684,0.0102210628501823,0.0246112541182542,0.042644812700446,0.0599010142862786,0.0726970319810616,0.0791907736338227,0.0793657448549665,0.0744344562120165,0.0661368195986289,0.056194948061496,0.0460002889278119,0.0365028681663462,0.0282339131089277,0.0213947258193744,0.0159629406721827,0.0117878569926397,0.00866284596570755,0.00637326956555366,0.00472370347682584,0.00355008797923643,0.0027222379316991,0.00214104019430076,0.00173335115519594,0.00144644098634537,0.00124295269915936,0.00109676163879873,0.000989782652426811,0.000909607823046895,0.000847802597042005,0.000798692385810344,0.000758501639455881,0.000724743040959403,0.000695785761353577,0.000670554873902733,0.000648328986721531,0.000628611790841443,0.000611058085735744,0.000595438277207593,0.000581628936521938,0.000569621438428613,0.000559545842817655,0.000551712438834545,0.000546677935183202,0.000545346389413101,0.000549115962437383,0.000560080875752149,0.000581292952875403,0.000617078242207876,0.000673390943893404,0.000758169085835972,0.000881634838014191,0.00105645909675753,0.00129768887017277,0.00162232282546104,0.00204842242490127,0.00259367115219607,0.00327334884865565,0.00409777484036339,0.00506938872489787,0.00617976933877597,0.00740701921673678,0.00871403450635767,0.0100482056553122,0.011343022040174,0.0125218656502023,0.0135039774796267,0.0142121956636247,0.0145816562944716,0.0145682995121015,0.0141558272629702,0.0133597950039197,0.0122278304411084,0.0108355427208756,0.00927843154117363,0.00766088260286914,0.00608396510160265,0.00463406001981968,0.00337423632858936,0.00233974864414088,0.00153816497363763,0.00095365628757868,0.0005541444314241,0.000299532809246414,0.000149250983010806,6.7797197809024e-05,2.76899757794029e-05,9.99214904502957e-06,3.11486584857325e-06,8.14266749854053e-07,1.71457084782967e-07,2.74834194671826e-08,3.08715093711035e-09,2.13722459565083e-10,7.35353175467649e-12,8.4003197657379e-14,1.28979442995539e-16,1.96313325729059e-21,0
0,0.000134449653993714,0.00234929471616843,0.0102530399814857,0.0246907936970786,0.0427836513180847,0.0600963139759084,0.0729339509525766,0.0794485274116384,0.0796235637982411,0.0746755871704556,0.0663502431438799,0.0563753181428138,0.0461468471835287,0.0366179906724206,0.0283217270695074,0.0214600161607871,0.0160104064315421,0.0118216834863998,0.00868651807897951,0.00638954542218178,0.00473467970527987,0.00355730615238235,0.00272679973753701,0.00214371336105618,0.00173465830275396,0.00144672983239866,0.00124244932632391,0.00109560980130031,0.000988072198331315,0.000907394854148114,0.000845123398856209,0.000795572660394162,0.000754962232053851,0.00072080313192048,0.000691464325840992,0.000665871042796933,0.000643301763815795,0.000623259414427472,0.000605397191059106,0.000589482928948412,0.000575389547423391,0.00056310355025426,0.000552748697737263,0.000544627200254632,0.000539285325793268,0.000537613410506863,0.000540991260192783,0.000551488250493784,0.00057212249408371,0.000607174646874405,0.000662538773746004,0.000746075075227037,0.000867907907283914,0.0010405894652375,0.00127902857346045,0.00160007094600939,0.00202161930087939,0.00256120652610758,0.00323398908881154,0.00405021373055733,0.00501232462617449,0.00611200865502614,0.00732760211639291,0.00862237410822418,0.00994422701867461,0.0112272832129794,0.0123956407781877,0.0133692825697635,0.0140717417302708,0.0144387224322255,0.0144265293007994,0.0140189643460948,0.0132313855182225,0.0121109286946573,0.0107324598010934,0.00919056288930017,0.00758863988654697,0.00602682146406006,0.00459069900341253,0.0033427774064462,0.002318010264539,0.00152392214383246,0.000944854836696302,0.000549046703588552,0.000296786175940677,0.000147886787505646,6.71795175277491e-05,2.74385297248569e-05,9.90171830722431e-06,3.08677394826101e-06,8.06949889583671e-07,1.69922330176556e-07,2.72384231819473e-08,3.05975463459095e-09,2.11835264287387e-10,7.2889611477589e-12,8.32696103828887e-14,1.27832065861374e-16,1.88134209040502e-21,0
0,0.000133673699835889,0.0023552899742446,0.0102846293734616,0.0247691429652598,0.0429204411475302,0.060288908520349,0.0731678476898718,0.0797032888001806,0.0798786906517347,0.0749144889697006,0.0665619617863368,0.0565544929336965,0.0462926586893012,0.0367327329229313,0.0284094424477139,0.0215254129403052,0.016058120330504,0.0118558510712166,0.00871058899839687,0.0064062539484139,0.00474610758361962,0.00356498677612443,0.00273183140075723,0.0021468636571176,0.00173645180385355,0.00144751740882511,0.00124246074019997,0.00109499249862995,0.000986919344688831,0.000905765226536244,0.000843055166263009,0.000793092581708962,0.000752091445327965,0.000717560476835246,0.000687867967779851,0.00066193900307219,0.000639051793692416,0.000618708495236587,0.000600560818578712,0.000584374254964224,0.00057001839637436,0.000557475285489085,0.000546862861140086,0.00053847577894823,0.000532850408768905,0.000530863894819151,0.000533878167199533,0.000543938139993188,0.000564028445813592,0.000598384347467033,0.000652839439878384,0.000735175298225986,0.000855417051982042,0.00102599600837598,0.00126167970059354,0.00157915676341938,0.00199616601583258,0.00253008368931632,0.00319593620435758,0.00400389092675327,0.00495639039075426,0.00604522473256257,0.00724896161149885,0.00853124397680566,0.0098404911106172,0.0111114677768675,0.0122690019340452,0.0132338357397624,0.0139302171274876,0.0142944386060235,0.0142831877985279,0.0138803812878741,0.0131011880790588,0.0119922535635643,0.0106276942463,0.00910116553711473,0.00751506754353479,0.00596857178491106,0.00454645959604413,0.00331065410387746,0.00229579481038714,0.00150935535837799,0.000935846363707297,0.000543825203974899,0.000293970807348671,0.00014648744681518,6.65454709136108e-05,2.71802363032522e-05,9.80875780612514e-06,3.05787494971553e-06,7.99417126946598e-07,1.68341050352128e-07,2.69857920059845e-08,3.03147973373934e-09,2.09885687423764e-10,7.22218641882119e-12,8.25102308488599e-14,1.26648668779371e-16,1.80951900011733e-21,0
0,0.000133044544151269,0.00236135307369485,0.0103158386859811,0.0248463627174291,0.0430552906192713,0.0604789291763599,0.0733988460617842,0.0799551500452917,0.0801311728942213,0.0751511620305096,0.0667719343688172,0.0567323992251898,0.0464376286705124,0.0368469880280446,0.0284969476868896,0.0215908051628523,0.0161059751646097,0.0118902579743279,0.00873496287704173,0.00642330495613799,0.00475790185364541,0.00357304854479203,0.00273725448502449,0.00215041441801338,0.00173865571261465,0.00144872751871375,0.00124290963628378,0.00109483059849065,0.000986242564487006,0.000904634612725105,0.000841510522972055,0.000791161617953542,0.000749795601458534,0.00071491834703967,0.000684897057783715,0.000658656402364614,0.000635474184100103,0.000614851772203714,0.000596439483929455,0.000580000656625251,0.000565401834043838,0.000552620955106601,0.000541770558119118,0.000533138209432277,0.000527250867820602,0.000524972967827527,0.000527649011068755,0.000537299825528513,0.000556876819845053,0.000590569936326284,0.000644152103570472,0.000725325697087508,0.000844015538286907,0.0010125303182378,0.00124549377410287,0.00155943408601775,0.00197192190515837,0.00250017172983461,0.00315907427814551,0.00395871170085356,0.00490151943529516,0.00597938651358219,0.00717110948853402,0.00844070537862175,0.00973711391852873,0.0109957495524883,0.0121421810921801,0.0130979241566009,0.0137879577560899,0.0141491796302616,0.0141386760762942,0.0137404908168008,0.0129696117141888,0.0118721955911075,0.0105216052135302,0.00901055733119032,0.00744043588633194,0.00590943656800609,0.0045015139202395,0.00327799461492193,0.00227319305991131,0.00149452547981653,0.000926669308398655,0.000538502664718571,0.000291099198712485,0.000145059288207388,6.58979772799639e-05,2.69163060701763e-05,9.71371093408289e-06,3.02830912178253e-06,7.91705672102513e-07,1.66721197106433e-07,2.6726819868064e-08,3.00247384936173e-09,2.07884115076325e-10,7.1535709805916e-12,8.17292659036232e-14,1.2543505252479e-16,1.74606213968063e-21,0
0,0.000132540693392712,0.00236746299707269,0.0103466760834486,0.0249225072980093,0.0431882951184585,0.0606664906355477,0.0736270538634637,0.0802041911862166,0.0803810516220428,0.0753856067024569,0.0669801253611715,0.056908973912597,0.0465816755325065,0.0369606640594506,0.0285841469345283,0.0216560975382804,0.0161538789677077,0.0119248169491814,0.00875955759939617,0.00644062122081692,0.00476998954764693,0.00358142190217615,0.00274300191099751,0.00215430009505597,0.00174120510243287,0.00145029501948182,0.0012437299128394,0.0010950564111676,0.000985972080055619,0.000903930783307017,0.000840414558125222,0.000789702068942522,0.000747994204341366,0.00071279351996575,0.000682465766453914,0.000655934950874182,0.000632478338662189,0.000611596488182428,0.000592938394723877,0.000576265401503663,0.000561441244451072,0.000548440070647218,0.000537369388870826,0.000528510090154536,0.000522380159877966,0.000519831762682607,0.000522192389108878,0.000531459146720588,0.000550550495921276,0.000583611192309795,0.000636353419587207,0.000716399971530419,0.000833574566008539,0.00100006194832439,0.00123034007957706,0.00154077396545569,0.00194876259613466,0.00247135452402275,0.00312330000408068,0.0039145909742477,0.0048476509965336,0.00591446402440522,0.00709405299985265,0.00835080864826995,0.00963419351155938,0.010880277147594,0.0120153777698051,0.012961795750043,0.013645254397721,0.0140032706256517,0.01399334258138,0.0135996519721128,0.0128370126304875,0.0117510952047162,0.0104145060279645,0.00891901575993,0.00736498105994783,0.00584960856103596,0.00445601251559639,0.00324491111668577,0.00225028448759261,0.00147948581638895,0.000917357354031949,0.000533099013404799,0.00028818230810727,0.000143607862746362,6.52395987952421e-05,2.66478018865322e-05,9.61696713389633e-06,2.99819971275052e-06,7.83848232550703e-07,1.65069762754693e-07,2.64626450301651e-08,2.97286689299471e-09,2.05839692016737e-10,7.08343498764418e-12,8.09304251628835e-14,1.24196377143051e-16,1.68964453494698e-21,0
0,0.000132143943612268,0.00237360240986102,0.0103771499417558,0.0249976253093925,0.043319538724921,0.0608516934093564,0.0738525652773254,0.0804504820744496,0.0806283627918982,0.0756178236081144,0.0671865043537829,0.0570841627899976,0.0467247291485842,0.0370736820195104,0.0286709578497287,0.0217212082441052,0.0162017528075829,0.0119594531484124,0.0087843027509303,0.00645813654934447,0.00478230814483833,0.00359004727022843,0.00274901623771907,0.00215846456894424,0.00174404439207857,0.00145216414375949,0.00124486497181029,0.00109561195933474,0.000986048094607534,0.00090359179698896,0.000839702975060869,0.000788647176541624,0.000746618016427967,0.000711114328006527,0.000680500091016087,0.0006536984310967,0.000629985954263416,0.000608862378604319,0.000589975433090732,0.000573084601376109,0.000558051019013567,0.000544845313928857,0.000533570292786317,0.00052450053989089,0.000518145461093123,0.000515345352738982,0.000517411084276506,0.000526316398246434,0.000544947097660868,0.00057740293627966,0.000629335374648916,0.000708287407996742,0.000823981102484872,0.000988476273879753,0.00121610358408428,0.00152306271682877,0.00192657818679019,0.00244352914560687,0.00308852141175834,0.00387145245576463,0.00479472978868751,0.00585042866096273,0.00701779588034743,0.00826159502405484,0.00953181275698736,0.0107651775793606,0.0118887635349341,0.0128256645346874,0.0135023587266686,0.0138569935479941,0.0138474899716529,0.0134581770087734,0.0127037009501719,0.0116292490598981,0.0103066699460979,0.00882678299791093,0.00728890928889282,0.0057892561879325,0.00441008699499824,0.00321150173163589,0.00222713864307789,0.00146428303976864,0.000907940002896544,0.000527631711120266,0.000285229741029451,0.000142138038156713,6.45725830550448e-05,2.63756564596645e-05,9.51886828270806e-06,2.96765495693357e-06,7.75873541943165e-07,1.63392892374908e-07,2.6194268223279e-08,2.94277312635994e-09,2.03760464973323e-10,7.01206030018562e-12,8.01169774268767e-14,1.22937225404129e-16,1.63916493162616e-21,0
0,0.000131838850399328,0.00237975700655695,0.0104072686378792,0.0250717602536889,0.0434490957195198,0.0610346258617527,0.0740754629466987,0.0806940840530676,0.0808731382305149,0.0758478138874999,0.0673910455841076,0.0572579194916522,0.0468667293811934,0.0371859741013177,0.0287573097342832,0.0217860670252613,0.0162495289186061,0.0119941023256956,0.00880913790438053,0.00647579415132791,0.00479480401884073,0.00359887355849891,0.00275524821711584,0.00216285973171683,0.00174712593814113,0.00145428708701596,0.00124626628874667,0.00109644752039596,0.000986419300407852,0.000903564471299059,0.000839320524228591,0.000787939521822079,0.000745607423765007,0.000709818995948416,0.000678936169870914,0.000651880993956726,0.000627929302656855,0.00060657994170649,0.000587479416842723,0.0005703854657946,0.000555156803125083,0.000541760776394705,0.000530295779533304,0.000521030418808763,0.000514465875550628,0.000511430945200315,0.000513220240965357,0.000521784485311286,0.000539977126137987,0.000571853142837094,0.000623003379941732,0.000700890959333316,0.000815135961055696,0.00097767258767265,0.00120268307646581,0.00150620014112221,0.00190527160003546,0.00241660441376204,0.0030546566833417,0.0038292278132274,0.00474270562335892,0.00578725335335497,0.00694233914857927,0.00817309816463249,0.00943004160887946,0.0106505593597582,0.0117624858733296,0.0126897151982095,0.013359488512583,0.0137105928554459,0.0137013810629033,0.0133163374190349,0.0125699465959756,0.0115069155916364,0.010198335206232,0.00873407033224536,0.00721240060835963,0.00572852656776149,0.00436385238326825,0.00317785225699648,0.0022038163675704,0.00144895799535567,0.000898443084921022,0.000522116051436634,0.000282249913785851,0.000140654081089013,6.38989008252984e-05,2.61006879071271e-05,9.41971436076878e-06,2.93676985790871e-06,7.67806830424079e-07,1.6169598372554e-07,2.5922568805921e-08,2.91229299267846e-09,2.016535105524e-10,6.93969492130731e-12,7.92918012443796e-14,1.21661661715757e-16,1.59370774887121e-21,0
0,0.000131612288094039,0.00238591497616775,0.0104370404020354,0.0251449511105988,0.0435770318872971,0.0612153659422608,0.0742958197245432,0.0809350513550117,0.0811154064551909,0.0760755793665492,0.0675937274986277,0.057430204563454,0.0470076248042462,0.0372974821968622,0.0288431419379665,0.0218506135781481,0.0162971491177833,0.0120287093134961,0.00883401117123062,0.00649354526412033,0.00480743112831569,0.0036078569079473,0.00276165557641091,0.00216744429262843,0.00175040884978154,0.00145662281797026,0.0012478922076592,0.00109752039703963,0.000987041619032857,0.000903803089321239,0.000839219675692087,0.000787529664671981,0.000744911045496736,0.000708854223966203,0.000677718842956216,0.000650425700268156,0.000626249756332456,0.000604688951530384,0.000585388601653187,0.000568104794771722,0.000552693979946195,0.000539120433874497,0.000527478393948061,0.000518030782005064,0.000511270875430765,0.000508016305522914,0.000509545771151578,0.000517787309275152,0.000535562323446433,0.000566881281635557,0.000617274592177867,0.000694125550835209,0.000806952101840927,0.000967562411253367,0.00118998951240199,0.00149009793657129,0.00188475710428104,0.0023904995772229,0.00302163306659872,0.00378785589076911,0.00469153301361729,0.00572491264185791,0.00686768173639438,0.0080853454029275,0.00932893903765067,0.0105365151244466,0.0116366715056184,0.0125541070559466,0.0132168321207513,0.0135642804245212,0.0135552439997803,0.0131743691781815,0.0124359844267581,0.0113843198659512,0.0100897094481545,0.0086410620407547,0.00713561213692476,0.00566754816536828,0.00431740917251421,0.00314403768601112,0.00218037086474125,0.00143354641624342,0.00088888920617372,0.000516565424259413,0.000279250197789661,0.000139159729825033,6.32202794233303e-05,2.5823613531606e-05,9.31976847227492e-06,2.90562776908661e-06,7.5967024182547e-07,1.59983775941686e-07,2.56483191194733e-08,2.88151474502338e-09,1.99525049090636e-10,6.86655695083816e-12,7.84574300717333e-14,1.20373286315534e-16,1.55251039810681e-21,0
0,0.000131453082649295,0.00239206656469368,0.0104664732169567,0.025217232855162,0.0437034056443093,0.0613939826641865,0.0745137001493732,0.0811734322684358,0.0813551933406837,0.0763011226679151,0.0677945323506381,0.0576009846489787,0.047147371598663,0.0374081566167225,0.0289284024962137,0.0219147961746483,0.0163445634593306,0.0120632267325302,0.00885887797554841,0.00651134799033473,0.00482014991101015,0.00361695963069051,0.0027682019909948,0.00217218277112867,0.00175385798927641,0.00145913607529643,0.00124970692413679,0.00109879387906788,0.000987877136494281,0.000904268305022048,0.00083935949370945,0.000787374988451864,0.000744484550697728,0.000708173979498664,0.000676800421833674,0.000649283272143111,0.000624896524053443,0.000603137179930733,0.000583649391333323,0.000566187678522817,0.000550606360182436,0.000536866826335246,0.000525059385074415,0.000515441536572783,0.000508498944354162,0.000505038384942521,0.000506322963873065,0.000514258357021926,0.000531634240475407,0.000562416863212909,0.000612076438991232,0.000687916589488989,0.000799353133015788,0.000958068001648136,0.0011779445465308,0.00147467828422718,0.00186495898968756,0.00236514312840886,0.00298938588403758,0.00374728197899296,0.00464117077769129,0.00566338268927618,0.00679382098233965,0.00799835878368667,0.00922855465815865,0.0104231238737994,0.0115114292332444,0.0124189774590327,0.0130745524035676,0.0134182398123005,0.0134092767487286,0.0130324773107606,0.0123020187148767,0.0112616578154512,0.00998097357638174,0.00854791878564658,0.00705868094330411,0.0056064331154191,0.00427084512580072,0.00311012354403161,0.00215684864202214,0.00141807955123921,0.000879298143657602,0.000510991548244231,0.000276237046752708,0.000137658258407866,6.25382321812727e-05,2.55450619871679e-05,9.21926128277704e-06,2.87430179154678e-06,7.51483202879823e-07,1.58260428084974e-07,2.53721972106847e-08,2.85051589058441e-09,1.97380545723428e-10,6.79283809894393e-12,7.76160924854609e-14,1.19075284750453e-16,1.51493656849e-21,0
0,0.000131351705345448,0.00239820371650044,0.0104955747524365,0.0252886369197867,0.0438282690117507,0.0615705373661673,0.0747291616920074,0.0814092701087674,0.0815925226610927,0.0765244472781776,0.0679934458330073,0.057770231776139,0.0472859325969642,0.0375179549900981,0.0290130469648368,0.0219785704888629,0.0163917290902005,0.0120976138960374,0.0088837000144801,0.00652916631351354,0.00483292634819721,0.00362614931377705,0.00277485621667337,0.00217704464638803,0.0017574431280355,0.00146179652029745,0.00125167962621482,0.00110023636569412,0.000988893202104669,0.000904926215773539,0.000839704681823607,0.000787438718090364,0.000744289651041356,0.000707738466760248,0.000676139638627841,0.000648411023946219,0.000623825566197555,0.000601879298316617,0.000582215227539572,0.000564586376206391,0.0005488450503917,0.000534949915740695,0.000522987553015366,0.000513210276372038,0.000506096398556611,0.000502442126212919,0.000503495273547436,0.000511139469985028,0.000528132985239282,0.000558398166169337,0.000607345326085514,0.000682198654594852,0.00079227199177809,0.000949121034057722,0.00116647923403094,0.00145987259259143,0.00184581038810828,0.00234047173970586,0.00295785763536712,0.00370745714137239,0.0045915816529466,0.00560264124866144,0.00672075301714811,0.00791215592284753,0.0091289301047045,0.0103104528844395,0.0113868523809374,0.0122844447317801,0.012932790065085,0.0132726299506411,0.0132636510000253,0.0128908398629794,0.0121682270469383,0.0111390999341083,0.0098722851339844,0.0084547805802988,0.00698172655484538,0.00554527925776323,0.00422423685805426,0.00307616706047864,0.00213329033686195,0.00140258471651282,0.000869687192324198,0.000505404675215101,0.000273216108625257,0.00013615253311629,6.18540844078514e-05,2.52655840060386e-05,9.11839493392478e-06,2.84285600797812e-06,7.43262749345252e-07,1.56529588571038e-07,2.50947980841618e-08,2.8193644689677e-09,1.95224799909702e-10,6.71870680140341e-12,7.67697479012858e-14,1.17770472781086e-16,1.48045435372448e-21,0
0,0.000131300016863575,0.00240431977995538,0.0105243523260698,0.0253591916052496,0.0439516684580038,0.06174508478947,0.0749422558096413,0.0816426040301923,0.0818274165299142,0.0767455575823078,0.068190456744246,0.0579379227319078,0.0474232764560149,0.0376268413186078,0.029097037421899,0.0220418985952259,0.0164386092750727,0.0121318358780294,0.00890844437562764,0.00654696926336559,0.00484573117204608,0.00363539806046186,0.00278159135546452,0.00218200363797978,0.00176113823288958,0.001464578020318,0.00125378376757337,0.00110182062259814,0.000990061665047432,0.000905747575735676,0.000840224771899373,0.000787689084933296,0.00074429324261136,0.000707513247305462,0.000675700747445845,0.000647771946718121,0.000622998664184924,0.000600875933806261,0.000581045634016048,0.000563259349198268,0.000547367475781248,0.000533326098388143,0.000521218250349689,0.000511291271611725,0.00050401636332214,0.000500179425276474,0.000501013265117935,0.000508379771078315,0.000525006130281086,0.0005547711245239,0.000603025505365528,0.000676914349537735,0.000785649785530729,0.000940661442139195,0.00115553288471284,0.00144562038635573,0.00182725222441096,0.00231642931302582,0.00292699718873615,0.00366833759766044,0.00454273192725124,0.00554266760081318,0.00664847306388923,0.00782675072013878,0.00903010019350463,0.0101985593409157,0.0112630208938245,0.0121506107038492,0.0127916665700315,0.0131275883476075,0.0131185155556656,0.0127496113571014,0.0120347637204709,0.0110167944983665,0.00976378124698028,0.00836176938087449,0.00690485315070199,0.00548417191837079,0.00417765122038199,0.00304221819578679,0.00210973144122407,0.00138708577961176,0.000860071469728107,0.000499813769735296,0.000270192323985728,0.000134645062130948,6.1168996233055e-05,2.49856618426735e-05,9.01734649199295e-06,2.81134657027303e-06,7.35023813615638e-07,1.54794456433623e-07,2.48166436378737e-08,2.78812018162219e-09,1.93062024587491e-10,6.64431097646717e-12,7.59201182355937e-14,1.16461336931858e-16,1.44861831344396e-21,0
0,0.000131291053097556,0.00241040926548881,0.010552812883253,0.0254289224453869,0.0440736456265923,0.0619176739985738,0.0751530288378001,0.0818734697035782,0.0820598957570485,0.0769644588737177,0.0683855566857518,0.058104038513965,0.0475593769399185,0.0377347851612364,0.0291803416114905,0.0221047481116399,0.0164851725644065,0.0121658627197218,0.00893308278644814,0.00656473020673348,0.00485853919304273,0.00364468184690118,0.00278838423345293,0.00218703709659244,0.00176492086167257,0.00146745804188161,0.00125599645186804,0.00110352315226333,0.000991358226858849,0.000906707127998793,0.000840893434752853,0.000788098615816964,0.000744466674245693,0.000707468489047681,0.000675452755777694,0.000647333923737708,0.000622382621886539,0.000600092857952244,0.000580105393814197,0.000562170427636562,0.000546136536524012,0.00053195735103311,0.000519712517685373,0.000509644593050268,0.000502217884692055,0.000498208229066765,0.000498833696388043,0.000505934730042286,0.000522207759814662,0.000551488356101049,0.000599068085157194,0.000672013296182977,0.000779434775304345,0.00093263639870296,0.00114505205360862,0.00143186832485605,0.00180923228698167,0.00229296613333345,0.00289675905512826,0.00362988416325421,0.00449459109216481,0.00548344247238973,0.00657697567080817,0.00774215395075291,0.00893209390663266,0.0100874917296575,0.011140003139016,0.0120175628938281,0.0126512866593434,0.0129832338618566,0.0129739992704732,0.0126089257946839,0.0119017627006742,0.0108948703741395,0.00965558119268885,0.00826899134893642,0.00682815147812071,0.00542318546657831,0.00413114651134765,0.0030083205405599,0.00208620293631803,0.00137160358375427,0.000850464183240231,0.000494226666694895,0.000267170012431024,0.000133138039165932,6.04839826873786e-05,2.47057175788112e-05,8.91627098203683e-06,2.77982265692953e-06,7.26779478034732e-07,1.53057835312425e-07,2.45381914235698e-08,2.75683538828551e-09,1.90895916055869e-10,6.56978046068046e-12,7.50687159215165e-14,1.15150070960065e-16,1.41905473731061e-21,0
0,0.000131318845614052,0.00241646764648429,0.0105809629911595,0.0254978525300605,0.0441942379656489,0.0620883491684211,0.0753615227457709,0.082101899883186,0.0822899801380052,0.0771811573462979,0.0685787397878728,0.0582685638494299,0.0476942122975763,0.0378417609311932,0.0292629322080631,0.0221670914654476,0.0165313920833999,0.01219966875255,0.0089575909748951,0.00658242624439219,0.00487132872837974,0.00365397997586421,0.00279521487279737,0.00219212548717259,0.00176877165061812,0.00147041713603011,0.00125829791049942,0.00110532365964415,0.000992761891569744,0.000907783036934218,0.000841687893557794,0.000788643527347672,0.000744785123266099,0.00070757832453398,0.000675368766698107,0.000647069058123977,0.000621948580041841,0.000599500289227597,0.000579363840863791,0.000561288091805336,0.000545119879356059,0.000530810492749334,0.000518436335467599,0.000508235353082755,0.000500665158843218,0.000496491751938693,0.000496918720121925,0.000503765349851962,0.000519697639322731,0.000548508314758193,0.000595430165474666,0.000667451255097949,0.000773581485014587,0.000924999421031388,0.00113498965318125,0.00141856933667317,0.00179170440565736,0.00227003811681147,0.00286710273971652,0.00359206174223887,0.004447131520426,0.00542494794267269,0.00650625489120646,0.00765837375733684,0.00883493522591674,0.00997729103096314,0.0110178574543395,0.0118853763930545,0.0125117405260403,0.0128396691072662,0.0128302136053963,0.0124688992673612,0.0117693401937841,0.0107734394623225,0.00954778863935242,0.00817653882606545,0.00675170052605591,0.00536238467605893,0.00408477353625213,0.0029745121023671,0.00206273184832871,0.00135615631951285,0.000840876864249729,0.000488650209499356,0.000264152948369227,0.000131633381766345,5.9799931334667e-05,2.44261204200848e-05,8.81530405487762e-06,2.74832731499551e-06,7.18541197769579e-07,1.51322180976888e-07,2.42598423623151e-08,2.7255559850674e-09,1.88729715593552e-10,6.49522915825824e-12,7.42168686637695e-14,1.13838608543614e-16,1.39144952024386e-21,0
0,0.000131378270918303,0.00242249119520791,0.0106088088426814,0.025566002790744,0.0443134792724207,0.0622571502581873,0.0755677757769744,0.0823279248806692,0.0825176886877015,0.0773956600733583,0.0687700024623631,0.0584314867720376,0.047827764721618,0.0379477472883293,0.0293447861832825,0.0222289052635578,0.0165772449232531,0.0122332320196742,0.00898194812391358,0.00660003769704757,0.00488408111538206,0.00366327461210356,0.00280206604295386,0.00219725194981753,0.0017726738789871,0.00147343850123791,0.00126067105903728,0.00110720459814384,0.000994254498209146,0.000908956405171501,0.000842588424187597,0.000789303209332509,0.000745227062383384,0.000707820302173054,0.000675425415533016,0.000646953096157991,0.000621671427424481,0.000599072293100788,0.000578794249832166,0.000560584852413189,0.000544289268632455,0.000529856546816509,0.000517359976436643,0.000507033048195633,0.000499326863682081,0.000494997795316785,0.00049523519052657,0.000501837458814772,0.000517440492250229,0.000545794551121109,0.000592074083071286,0.000663189356484418,0.000768049921712414,0.000917709586436834,0.00112530417348889,0.00140568185777793,0.00177462772598566,0.00224760614459733,0.00283799216377125,0.00355483887106378,0.00440032816879117,0.00536716734487615,0.00643630442177026,0.0075754160597656,0.00873864384065304,0.00986799173933714,0.0108966334807245,0.0117541154917303,0.0123731056980375,0.012696982537623,0.012687254844453,0.0123296322265738,0.0116375968866941,0.0106525988291529,0.00944049359877358,0.00808449205675103,0.00667556898643238,0.00530182591386305,0.00403857653314227,0.00294082599393014,0.00203934173475099,0.00134075985024776,0.000831319573321685,0.000483090371176951,0.000261144427473745,0.000130132764902005,5.91176177459829e-05,2.41471931020111e-05,8.71456432957435e-06,2.71689819989126e-06,7.10318996738624e-07,1.49589643123649e-07,2.39819475336124e-08,2.69432217749618e-09,1.86566263737223e-10,6.4207569357011e-12,7.33657412862439e-14,1.12528652497575e-16,1.36553816984105e-21,0
0,0.000131464923705355,0.00242847684744368,0.0106363562673045,0.0256333922527692,0.0444314001645103,0.062424113588415,0.0757718229922759,0.0825515729617063,0.0827430398289507,0.0776079749772347,0.0689593431788426,0.0585927982502021,0.0479600198773104,0.0380527266132187,0.0294258842601467,0.0222901697509893,0.0166227116191013,0.012266533780789,0.00900613640522514,0.00661754766661934,0.00489678029664749,0.003672550386552,0.00280892287863826,0.00220240192615675,0.00177661309874434,0.0014765076116771,0.00126310111993375,0.00110915078332436,0.000995820322839015,0.000910210862107932,0.000843577929150592,0.000790059783805457,0.00074577380405499,0.000708174916575762,0.000675602387081926,0.000646964932390911,0.000621529294832281,0.000598786265812462,0.000578373310439573,0.000560036715999678,0.000543620043142193,0.000529070189000187,0.000516457445154084,0.000506010989246906,0.000498175579134452,0.000493698157044807,0.00049375406058451,0.000500121094800369,0.000515405370204418,0.000543315068219714,0.000588966752681214,0.000659193428306886,0.000762804893496055,0.000910730845068426,0.00111595899787622,0.00139316916165221,0.00175796606948217,0.00222563547346867,0.00280939515075469,0.00351818730935908,0.00435415830626695,0.00531008516623997,0.00636711770839338,0.00749328489705436,0.00864323574912173,0.00975962273787771,0.010776373309438,0.0116238350834961,0.0122354486681733,0.012555250254603,0.01254520602014,0.0121912114571471,0.0115066198963125,0.0105324325620923,0.00933377412869518,0.00799292069152055,0.00659981652983169,0.00524155817906392,0.00399259398213611,0.00290729103490299,0.0020160531098675,0.0013254279969495,0.000821801079845485,0.000477552360473291,0.000258147324923925,0.000128637650421149,5.84377190720005e-05,2.38692175110527e-05,8.61415544969939e-06,2.6855682251067e-06,7.02121639743058e-07,1.47862102113079e-07,2.37048141451447e-08,2.6631691605888e-09,1.84408048056543e-10,6.34645129045421e-12,7.25163549956783e-14,1.11221700827749e-16,1.34109755765231e-21,0
0,0.00013157501011338,0.00243442209067886,0.0106636107466383,0.0257000382579481,0.0445480284879447,0.0625892723358134,0.0759736967313481,0.0827728706780029,0.0829660515438776,0.077818110792445,0.0691467622629821,0.0587524918593807,0.0480909664916831,0.0381566845510973,0.0295062104414763,0.0223508683445685,0.0166677757014701,0.0122995580874955,0.00903014058019027,0.00663494166115182,0.00490941246575164,0.00368179405860998,0.00281577255409424,0.00220756284096944,0.0017805768190964,0.00147961190060562,0.00126557530117193,0.00111114906380551,0.00099744573934949,0.00091153221293922,0.000844641573875673,0.000790897728199778,0.000746409110675803,0.000708625206259782,0.000675882001558365,0.000647086184647215,0.000621503119987622,0.000598622489940557,0.000578080674333957,0.000559622723599113,0.000543090646841074,0.00052842927040941,0.000515705992801827,0.000505145807783144,0.000497187284333887,0.000492568118614587,0.000492449858374051,0.000498589969686095,0.000513565104687467,0.000541041759999369,0.000586079092402546,0.000655433409595751,0.000757815413179197,0.000904031418311169,0.00110692180297468,0.00138099877086162,0.0017416873703857,0.00220409521540928,0.00278128297044776,0.00348208167419598,0.0043086012670825,0.00525368694988537,0.00629868802665632,0.00741198271320893,0.00854872377064772,0.00965220804849106,0.0106571124708232,0.0114945818795459,0.0120988263062185,0.0124145375765086,0.012404138586264,0.0120537117938504,0.0113764844666403,0.0104130133868427,0.00922769781714096,0.00790188509840026,0.00652449491917031,0.00518162400999257,0.00394685931270986,0.00287393227803033,0.00199288381692721,0.00131017278750647,0.000812329019311146,0.000472040714770662,0.000255164146432933,0.000127149312866285,5.77608259435276e-05,2.35924396151043e-05,8.51416788766385e-06,2.6543661325077e-06,6.93956783622347e-07,1.46141201241895e-07,2.3428710779292e-08,2.63212771679407e-09,1.82257245180075e-10,6.27238881961578e-12,7.16696043545548e-14,1.09919069919462e-16,1.31793909895109e-21,0
0,0.000131705257682577,0.00244032487163555,0.010690577432899,0.0257659566609399,0.0446633896707772,0.0627526569578602,0.076173427004779,0.0829918431452527,0.0831867414949927,0.0780260770245906,0.0693322617142788,0.0589105634930168,0.0482205959945227,0.0382596096156301,0.029585751601866,0.0224109872305914,0.0167124233101855,0.0123322914185218,0.00905394765749733,0.00665220727357677,0.00492196576417289,0.00369099422753163,0.00282260400492985,0.00221272383045404,0.00178455423736004,0.00148274049031158,0.00126808252217172,0.00111318804050741,0.000999118929966136,0.000912908138945528,0.000845766475869427,0.000791803552993424,0.000747118860762772,0.000709156408745536,0.000676248859175074,0.000647300828779554,0.000621576273160168,0.00059856375154137,0.000577898564302853,0.000559324552438327,0.000542682223281435,0.000527914404711618,0.00051508569702776,0.000504417028151291,0.000496340921437732,0.000491585999959365,0.000491300232004224,0.000497221003575532,0.000511895829843489,0.000538949922118945,0.000583385522582731,0.000651882838278463,0.000753054177134221,0.000897583272374552,0.00109816403294914,0.00136914194057791,0.00172576318025485,0.00218295787859935,0.00275362993527458,0.00344649911405654,0.00426363822728372,0.00519795920045546,0.00623100854261654,0.00733151059671558,0.00845511798223416,0.00954576747638838,0.0105388807872997,0.0113663954589652,0.0119632870828554,0.012274900400182,0.0122641138720067,0.0119171976149907,0.0112472554466936,0.010294404076609,0.0091223230769158,0.00781143750733496,0.00644964898206164,0.00512206027675297,0.00390140152183906,0.00284077146919246,0.00196984935369456,0.00129500467482907,0.000802910030988207,0.000466559381459215,0.000252197072949902,0.000125668862097731,5.70874529040758e-05,2.33170737872907e-05,8.41468052757193e-06,2.62331699281558e-06,6.85831109949958e-07,1.44428375084911e-07,2.31538720023802e-08,2.60122474152165e-09,1.80115757748189e-10,6.19863651204973e-12,7.08262722274038e-14,1.08621915144476e-16,1.29590310451371e-21,0
0,0.000131852839287501,0.00244618351971597,0.0107172611690849,0.025831162002409,0.0447775070297182,0.06291429555751,0.0763710418276002,0.0832085142758688,0.0834051271214365,0.0782318839066787,0.0695158450414557,0.0590670111070961,0.0483489022040904,0.0383614928439833,0.0296644971338659,0.022470515017006,0.0167566428614168,0.0123647223657823,0.0090775465990644,0.00666933390612093,0.00493443002159701,0.00370014108536812,0.00282940769019772,0.00221787550995414,0.00178853600900985,0.00148588396142955,0.00127061317967089,0.00111525782680744,0.0010008296378606,0.000914327941229928,0.000846941438748308,0.000792765525650937,0.000747890762798611,0.000709755664576695,0.000676689534802408,0.000647594884524072,0.000621734234802884,0.000598595010117105,0.000577811437045249,0.000559126171871578,0.000542378264925604,0.000527508610874356,0.000514579097985239,0.000503806696521474,0.000495618017144723,0.000490732772830323,0.000490285554114839,0.000495993919661279,0.0005103765670059,0.000537017825738696,0.00058086352884232,0.000648518404142632,0.000748497109943488,0.000891361657828185,0.00108966043901111,0.00135757320552293,0.00171016823257685,0.00216219896300765,0.00272641304337665,0.00341141901885883,0.00421925200354299,0.00514288929484606,0.00616407235836556,0.00725186848164767,0.00836242609152673,0.00944031716450497,0.0104217031100509,0.0112393091781961,0.0118288721314595,0.0121363863841225,0.012125184346532,0.0117817241426234,0.0111189885781081,0.0101766586807457,0.00901770027489818,0.00772162300911143,0.00637531745998809,0.00506289887365671,0.00385624571431515,0.00280782744969488,0.00194696315723851,0.00127993272773448,0.000793549878453964,0.000461111789196202,0.000249247999820058,0.00012419726311887,5.64180475549869e-05,2.30433065974e-05,8.31576205363423e-06,2.5924426447494e-06,6.77750441504929e-07,1.42724874380052e-07,2.28805024132033e-08,2.5704837049141e-09,1.7798524689643e-10,6.12525288478057e-12,6.99870429374015e-14,1.07331249150515e-16,1.27485409548512e-21,0
0,0.000132015308775094,0.00245199668355494,0.0107436665099208,0.0258956676616933,0.0448904020362467,0.0630742141967628,0.0765665675032162,0.0834229069738311,0.0836212257149082,0.0784355423541304,0.069697517113692,0.0592218344940182,0.0484758810514577,0.0384623274959596,0.0297424386405729,0.022529442432138,0.0168004247599898,0.0123968413636881,0.00910092806690737,0.00668631253345914,0.00494679653301526,0.00370922620513606,0.00283617538857053,0.0022230097751015,0.00179251405090265,0.00148903415559723,0.00127315894746465,0.00111734984336594,0.00100256895546112,0.000915782321333007,0.000848156724395487,0.000793773433946779,0.000748714109671763,0.000710411763075687,0.000677192315405742,0.000647956145078406,0.0006219643177584,0.000598703113916747,0.000577805691971207,0.000559013545988541,0.000542164309750428,0.000527197003812047,0.000514170882911439,0.000503299059125384,0.000495002354168412,0.000489991724948899,0.000489388578060898,0.000494890891767708,0.000508988862991127,0.000535226346155174,0.000578493281017589,0.000645319558663478,0.000744122966593983,0.000885344706903326,0.00108138867621894,0.00134626998271879,0.0016948800603501,0.00214179660439147,0.00269961166340745,0.00337682276253936,0.00417542687261728,0.0050884653987993,0.00609787254585424,0.00717305531695158,0.00827065375596853,0.00933587007109815,0.0103055999559837,0.0111133509592749,0.0116956161699354,0.0119990359770156,0.0119873947195172,0.0116473385750572,0.0109917316174976,0.0100598235964182,0.0089138727176084,0.00763248042760045,0.00630153375013276,0.00500416732439284,0.00381141357515908,0.00277511650813469,0.00192423685311552,0.00126496479802302,0.0007842535551235,0.000455700910317807,0.000246318571093448,0.0001227353534506,5.57529985724516e-05,2.27713001366125e-05,8.21747216803972e-06,2.56176208034411e-06,6.69719844499406e-07,1.41031787876976e-07,2.26087801987344e-08,2.53992505755265e-09,1.75867160805962e-10,6.05228898226249e-12,6.91525138447784e-14,1.0604795807784e-16,1.25467691089118e-21,0
0,0.000132190546423394,0.00245776327838127,0.0107697977429046,0.0259594859914141,0.0450020945477507,0.0632324371665263,0.0767600288652994,0.0836350432977759,0.0838350544789901,0.07863706391943,0.0698772840260614,0.0593750350820655,0.0486015303382352,0.0385621087910347,0.0298195696680065,0.0225877620632128,0.0168437611503337,0.0124286404553107,0.00912408420487158,0.00670313549880722,0.00495905786707618,0.00371824235888761,0.00284290002344413,0.00222811963130109,0.00179648137263435,0.0014921840063826,0.00127571260485974,0.00111945664236458,0.0010043291430684,0.000917263193176538,0.000849403857539817,0.000794818382818426,0.000749579567724813,0.000711114923727077,0.000677746974053531,0.000648373944110254,0.000622255427675378,0.000598876554154526,0.000577869419567802,0.000558974376394652,0.000542027678605972,0.000526966526364514,0.000513847612631516,0.000502880283051281,0.000494479685953133,0.000489348168157201,0.000488594138928844,0.000493896237637032,0.000507716475111703,0.00053355863916571,0.000576257300823355,0.000642268174438912,0.000739912984943226,0.000879513081341129,0.00107332895049935,0.00133521222327137,0.001679878660345,0.00212173126111745,0.00267320725644774,0.0033426934749007,0.00413214840981916,0.00503467638974152,0.00603240217172919,0.00709506920931322,0.00817980485641861,0.00923243638176452,0.0101905880591145,0.0109885439736919,0.0115635483017585,0.0118628833125745,0.011850782899568,0.0115140810739095,0.0108655253153404,0.00994393850383304,0.00881087751176399,0.00754404308172562,0.00622832655370802,0.0049458893111329,0.00376692378281146,0.00274265268826412,0.00190168047346372,0.00125010766675619,0.000775025376671091,0.000450329315514536,0.000243410209589502,0.000121283858360792,5.50926427367323e-05,2.25011949333924e-05,8.11986265936466e-06,2.53129178307565e-06,6.61743718311269e-07,1.39350061520871e-07,2.23388602571225e-08,2.50956658690748e-09,1.73762759796854e-10,5.97978925502602e-12,6.83232055352338e-14,1.04772815926744e-16,1.23527346854154e-21,0
0,0.000132376712651753,0.0024634824423037,0.0107956589089837,0.026022628436179,0.0451126030084699,0.0633889872190935,0.0769514494840282,0.0838449445974472,0.0840466305749118,0.0788364607471288,0.0700551529777206,0.0595266157572555,0.0487258495232285,0.0386608336780544,0.0298958854716482,0.0226454681289664,0.0168866457004564,0.0124601130900001,0.00914700845008103,0.00671979633806263,0.00497120770102642,0.00372718336120134,0.00284957551261977,0.00223319904728818,0.00180043193178531,0.00149532739421493,0.00127826788951225,0.00112157175672937,0.00100610347322786,0.00091876352165317,0.000850675457935857,0.000795892619794215,0.000750478995332311,0.000711856607999113,0.000678344575210423,0.000648838954829519,0.000622597856199586,0.000599105252653304,0.000577992183789775,0.000558997879578935,0.000541957247703078,0.000526805716941546,0.000513597484279754,0.000502538213838456,0.00049403748881963,0.000488789184689197,0.000487888893433586,0.000492996151925347,0.000506545096787189,0.000531999858951667,0.000574140171942948,0.000639348247875981,0.000735850582072518,0.000873849664433781,0.00106546370965237,0.00132438210718521,0.00166514619843505,0.00210198543879009,0.00264718313086535,0.00330901583966427,0.00408940334486308,0.0049815117859663,0.00596765431532306,0.00701790754405337,0.00808988173218043,0.0091300238654116,0.0100766808484678,0.0108649072363262,0.0114326927127015,0.0117279569887232,0.011715380829509,0.0113819856249984,0.0107404042702881,0.00982903718289908,0.00870874631610242,0.00745633945145091,0.00615572044284664,0.00488808513734698,0.00372279237068165,0.00271044805846493,0.00187930264796063,0.00123536717237179,0.000765869061999,0.000444999221744561,0.000240524143250376,0.000119843404217309,5.44372710969062e-05,2.22331125114318e-05,8.02297834006944e-06,2.50104602463319e-06,6.53825874263441e-07,1.37680515299202e-07,2.20708769410197e-08,2.47942373054945e-09,1.71673138384894e-10,5.90779233231164e-12,6.74995707853013e-14,1.0350649727953e-16,1.216560065372e-21,0
0,0.000132572208674393,0.00246915349997406,0.0108212538225356,0.0260851056372855,0.0452219446243428,0.0635438857686119,0.0771408518420476,0.0840526316277896,0.0842559711562645,0.0790337455297285,0.0702311321615451,0.0596765807047974,0.0488488395341962,0.0387585006331279,0.0299713828123724,0.0227025562815079,0.0169290734142019,0.012491253947897,0.00916969536976082,0.00673628962786576,0.0049832406783071,0.00373604393431689,0.00285619663890156,0.00223824282916044,0.00180436050947885,0.00149845902172504,0.00128081937099906,0.00112368957060369,0.00100788609701869,0.000920277183904875,0.000851965096065745,0.000796989384797218,0.000751405286697202,0.000712629357191192,0.000678977306813774,0.000649343016544992,0.000622983102294257,0.000599380378210403,0.000578164833722617,0.000559074594072242,0.000541943251390516,0.000526704507952179,0.000513410125312108,0.0005022621648968,0.000493664746510977,0.000488303406470549,0.000487261093533119,0.000492178473666747,0.000505462118426646,0.0005305369120683,0.000572128287052548,0.000636545639570633,0.00073192108893402,0.00086833929167841,0.00105777737284626,0.00131376377590561,0.00165066675102046,0.0020825434482099,0.00262152422635133,0.00327577591591288,0.00404717943349167,0.00492896168206463,0.00590362208146604,0.00694156708771802,0.00800088538327777,0.00902863818227667,0.00996388886280885,0.01074245612185,0.0113030692774294,0.0115942807466786,0.0115812152149631,0.0112510807897683,0.0106163976752818,0.00971514822682745,0.00860750599862329,0.00736939376022421,0.00608373635656518,0.0048307721328532,0.00367903304367179,0.00267851294773555,0.00185711077109892,0.00122074832294148,0.000756787804202886,0.000439712534238267,0.000237661428250089,0.000118414530200065,5.37871343793288e-05,2.19671576343311e-05,7.92685786938044e-06,2.47103712547252e-06,6.45969604805934e-07,1.36023858039901e-07,2.18049464679659e-08,2.44950985142741e-09,1.69599244673072e-10,5.83633170159294e-12,6.66820024523885e-14,1.02249588560928e-16,1.19846512384099e-21,0
0,0.00013277564300517,0.00247477593235535,0.0108465860904358,0.0261469275251051,0.0453301355152864,0.063697153064117,0.0773282574846956,0.0842581246442663,0.0844630933947281,0.0792289314648269,0.0704052306640462,0.0598249352677519,0.0489705026014347,0.0388551094819119,0.0300460597777125,0.0227590234333292,0.0169710404677744,0.0125220587874771,0.00919214051976044,0.00675261085409571,0.00499515228548506,0.00374481959172671,0.00286275893851817,0.00224324651185074,0.00180826260323729,0.00150157430646214,0.00128336234204267,0.00112580520791841,0.00100967192901527,0.000921798849943103,0.000853267168908533,0.000798102780764593,0.000752352237204727,0.000713426652553959,0.00067963833529792,0.000649878984797522,0.000623403717718486,0.000599694187659389,0.00057837934044262,0.000559196213275807,0.000541977111059354,0.000526654050814318,0.000513276414561875,0.000502042734455624,0.000493351762789763,0.000487880823038203,0.000486700389284709,0.000491432483655307,0.000504456418953034,0.000529158242830273,0.000570209626991504,0.000633847847527568,0.000728111518398429,0.000862968515151958,0.0010502560937744,0.00130334309791214,0.00163642607813825,0.00206339119267513,0.00259621692374875,0.00324296098035358,0.00400546534335978,0.00487701669037018,0.00584029860941131,0.00686604407538763,0.00791281564488735,0.00892828315086626,0.00985222011102806,0.0106212028142355,0.0111746940881627,0.0114618740633455,0.0114483081604073,0.0111213903617014,0.0104935299696756,0.00960229566612857,0.00850717921154452,0.00728322648469182,0.00601239203494683,0.00477396500852481,0.00363565745544352,0.00264685615246752,0.00183511114879554,0.00120625539458399,0.000747784332800604,0.000434470883340319,0.000234822969268162,0.000116997698578354,5.31424477346196e-05,2.17034202761842e-05,7.83153447585322e-06,2.44127568365678e-06,6.38177744291611e-07,1.34380700414522e-07,2.15411690389215e-08,2.41983647987908e-09,1.67541897404638e-10,5.76543630636327e-12,6.58708404199276e-14,1.01002598002424e-16,1.18092730773234e-21,0
0,0.000132985802900455,0.00248034935154741,0.0108716591300805,0.0262081034006295,0.0454371908479425,0.0638488083390286,0.0775136871483374,0.0844614434824042,0.0846680144985136,0.0794220322137969,0.0705774583745352,0.0599716858208162,0.0490908421103822,0.0389506612430363,0.0301199156250105,0.0228148676059786,0.0170125440671192,0.0125525243128588,0.00921434032166964,0.00676875629785179,0.00500693874571186,0.00375350653753144,0.00286925860475762,0.00224820626547818,0.00181213433458888,0.0015046692884262,0.00128589272478705,0.00112791443639375,0.00101145654817661,0.000923323879776843,0.000854576792849066,0.0007992276620606,0.00075331442722225,0.000714242794487379,0.000680321680296374,0.000650440601732906,0.00062385317326774,0.000600039888179419,0.00057862865557844,0.00055935544042141,0.000542051286594683,0.000526646563923918,0.00051318832667537,0.000501871646332931,0.000493089998327414,0.000487512614264349,0.000486197657064496,0.000490748727797858,0.000503518183948562,0.000527853645995969,0.000568373567908646,0.000631243808987333,0.000724410362428343,0.000857725397325076,0.00104288755323875,0.00129310746324996,0.00162241142436907,0.00204451598109054,0.00257124887764917,0.00321055938807114,0.00396425055274537,0.00482566788809939,0.00577767707887178,0.0067913342852025,0.00782567133806242,0.00882896097965819,0.00974168038571606,0.0105011566984891,0.0110475799159104,0.0113307526685958,0.0113166777249589,0.010992933940222,0.0103718214096727,0.00949049951468061,0.00840778489464786,0.00719785480108342,0.00594170239950032,0.00471767616711708,0.00359267545145152,0.00261548511773891,0.00181330912696455,0.00119189201779164,0.000738860968330666,0.00042927565684136,0.000232009537285095,0.00011559330373381,5.25033949061438e-05,2.14419773523734e-05,7.73703659214263e-06,2.41177077593498e-06,6.304527223903e-07,1.32751566368902e-07,2.12796307010321e-08,2.39041352647661e-09,1.65501800965136e-10,5.69513107219528e-12,6.50663777126058e-14,9.97659644587039e-17,1.16389394435968e-21,0
0,0.000133201629975597,0.00248587347980648,0.01089647618629,0.0262686420074796,0.0455431249515,0.0639988699404286,0.0776971608700553,0.0846626076240866,0.084870751724923,0.0796130618621831,0.07074782590261,0.060116839657435,0.0492098624708311,0.0390451579898961,0.0301929506435067,0.022870087797432,0.0170535823232671,0.012582648058101,0.00923629195589215,0.00678472293642317,0.00501859692633403,0.00376210157928032,0.00287569240460668,0.00225311881441035,0.00181597236927196,0.00150774055024995,0.00128840698992349,0.0011300135847177,0.00101323611234016,0.000924848234647026,0.000855889711242394,0.000800359538116584,0.000754287121698505,0.000715072798095757,0.000681022106232866,0.000651022383864158,0.00062432574287133,0.000600411517897953,0.000578906588575494,0.000559545862623334,0.000542159147295566,0.000526675200465673,0.00051313879676928,0.000501741611323851,0.000492871928637247,0.000487191004584125,0.000485744849791957,0.00049011886301542,0.000502638746930806,0.000526614103190195,0.000566610712756039,0.000628723727172218,0.000720807414646455,0.00085259933057149,0.00103566077744892,0.00128304560338624,0.00160861134411302,0.00202590636375326,0.00254660886906138,0.00317856044967117,0.00392352526075803,0.00477490676981464,0.0057157507139341,0.00671743310216821,0.00773945040023116,0.0087306724685361,0.00963227353637585,0.0103823247024466,0.0109217366133132,0.0112009289974144,0.0111863384084846,0.0108657274329146,0.0102512885677341,0.0093797762479933,0.00830933871628052,0.00711329297643344,0.00587167988661241,0.00466191597583677,0.00355009528211792,0.00258440609637235,0.00179170920434627,0.00117766125320283,0.000730019670285737,0.000424128028368701,0.00022922178521181,0.000114201680086683,5.18701318925427e-05,2.1182894240582e-05,7.64338841294332e-06,2.38253013451742e-06,6.22796611056515e-07,1.31136903176351e-07,2.10204049862738e-08,2.36124946930688e-09,1.63479558585842e-10,5.62543736987082e-12,6.42688658828598e-14,9.85400652085242e-17,1.14731970130397e-21,0
0,0.000133422199353984,0.00249134813204609,0.0109210403470637,0.0263285515955218,0.0456479514188413,0.0641473554409557,0.0778786980814485,0.0848616362527065,0.0850713223881822,0.0798020348819344,0.0709163445031485,0.0602604048886781,0.0493275690006746,0.0391386027284335,0.030265166032859,0.0229246838656381,0.0170941541431805,0.0126124282861324,0.0092579932684409,0.0068005083571283,0.00503012425864037,0.00377060205236606,0.00288205760652419,0.00225798136720172,0.00181977384821329,0.00151078514819652,0.00129090208680235,0.00113209947099032,0.00101500728435,0.00092636840032981,0.000857202214524365,0.000801494490115806,0.000755266183309595,0.000715912302780502,0.000681735028420719,0.000651619524786967,0.000624816403060451,0.000600803842255007,0.000579207700089956,0.000559761841410282,0.000542294859614469,0.000526733933379797,0.000513121602586652,0.000501646206445168,0.000492690920244599,0.000486909135872311,0.000485334866251371,0.000489535522727362,0.000501810450731468,0.000525431639972846,0.000564912743974743,0.000626278919739381,0.000717293615045398,0.000847580879103291,0.00102856597879012,0.00127314743322293,0.00159501554821993,0.00200755198805164,0.00252228667575798,0.00314695432292706,0.0038832803078219,0.00472472520481169,0.00565451278543437,0.00664433557294992,0.00765414999841098,0.00863341718418791,0.00952400170779127,0.0102647115953566,0.0107971714668776,0.0110724125855209,0.0110573015771821,0.0107397834954196,0.010131944770193,0.00927013922244618,0.00821185346005517,0.00702955271173121,0.00580233474010667,0.00460669300554449,0.00350792378995461,0.00255362428858538,0.00177031513159058,0.00116356565815656,0.00072126207922314,0.000419028982332818,0.00022646026162557,0.000112823109063085,5.12427901677111e-05,2.09262261182586e-05,7.55061038568929e-06,2.35356030257531e-06,6.1521116585204e-07,1.29537090284242e-07,2.07635543537144e-08,2.33235151884221e-09,1.61475683970062e-10,5.55637342330455e-12,6.34785197575815e-14,9.73252228578062e-17,1.13116547491978e-21,0
0,0.000133646701810426,0.00249677320123006,0.0109453545581896,0.0263878399770923,0.0457516831949451,0.0642942817357325,0.0780583176888734,0.0850585482989573,0.0852697438635003,0.0799889660955392,0.0710830260080748,0.0604023903525299,0.0494439678224042,0.0392309992888705,0.0303365637959441,0.0229786564260814,0.0171342591340031,0.012641863900308,0.00927944268955368,0.00681611068222455,0.00504151866803629,0.00377900575433582,0.00288835191776188,0.00226279155585231,0.00182353632773453,0.00151380055241824,0.00129337538294994,0.00113416934081308,0.00101676716814779,0.000927881320778421,0.000858511071075335,0.000802629098866343,0.000756247997232585,0.000716757493892377,0.000682456431637418,0.000652227810764942,0.000625320745677637,0.000601212263958197,0.000579527209303327,0.000559998417492477,0.000542453289437043,0.000526817455171776,0.000513131261803488,0.000501579769650979,0.000492541122669113,0.000486660956500199,0.000484961436993116,0.000488992199348329,0.000501026526351292,0.000524299200868454,0.000563272294629844,0.000623901686146278,0.000713860914004418,0.000842661640478825,0.00102159441622137,0.0012634039124901,0.00158161476932584,0.00198944347164072,0.00249827295817802,0.00311573191724415,0.00384350710531616,0.00467511539902532,0.00559395661223873,0.00657203645307177,0.00756976662762339,0.00853719361307525,0.00941686554827883,0.0101483202490362,0.0106738895053098,0.010945210415902,0.0109295758365467,0.010615111917111,0.0100138004810761,0.00916159904311341,0.00811533936422765,0.0069466434431597,0.00573367526813376,0.00455201424084227,0.00346616657394548,0.00252314396469504,0.00174912999833386,0.00114960734519345,0.000712589553786375,0.000413979335862976,0.000223725422850141,0.000111457825223444,5.06214795135858e-05,2.06720191394544e-05,7.4587196423936e-06,2.32486677111121e-06,6.07697862324305e-07,1.27952447103505e-07,2.05091314596738e-08,2.30372576316667e-09,1.59490611536379e-10,5.4879546690357e-12,6.26955216231426e-14,9.61217114495574e-17,1.11539745529849e-21,0
0,0.000133874428456313,0.00250214864617049,0.0109694216367333,0.0264465145767124,0.045854332654216,0.0644396651263952,0.0782360381421076,0.0852533624787556,0.0854660335881384,0.0801738706420902,0.0712478827642521,0.0605428055324127,0.0495590657708159,0.0393223522296439,0.0304071466441016,0.0230320067615218,0.0171738975189234,0.0126709543668838,0.00930063916251049,0.00683152850335741,0.00505277851319145,0.00378731088772671,0.00289457342988518,0.0022675473830657,0.00182725772767489,0.00151678459515657,0.00129582461164893,0.00113622081364714,0.00101851325340601,0.000929384340632438,0.00085981346731129,0.00080376038228054,0.000757229405910331,0.000717605034754455,0.000683182799436592,0.000652843547401711,0.000625834902003361,0.00060163274466639,0.000579860913260389,0.000560251227833882,0.000542629916940604,0.000526921090572114,0.000513162942460917,0.000501537307960694,0.000492417374123898,0.000486441124437481,0.000484619024635903,0.000488483141571366,0.000500280987013494,0.000523210540025926,0.000561682835611519,0.000621585191497166,0.000710502153143924,0.000837834124194712,0.00101473827282439,0.00125380692409073,0.00156840064357287,0.00197157229095009,0.00247455915900947,0.00308488480943766,0.00380419757335916,0.00462606986105233,0.0055340755617621,0.00650053024769732,0.00748629619661277,0.00844199929505171,0.00931086439187602,0.0100331518665715,0.0105518937697268,0.0108193272226711,0.0108031673585616,0.0104917199595692,0.00989686363906197,0.00905416388677726,0.00801980441980992,0.00686457260677235,0.00566570806893424,0.00449788526474414,0.00342482813407021,0.00249296857301947,0.00172815630978507,0.00113578803351743,0.00070400320327744,0.000408979758109803,0.000221017643587616,0.000110106021657034,5.00062905140814e-05,2.04203114710499e-05,7.36773037995065e-06,2.29645409951387e-06,6.00257928053456e-07,1.26383239871821e-07,2.02571802770372e-08,2.27537729597861e-09,1.5752470544891e-10,5.42019407322608e-12,6.19200249172796e-14,9.49297618733606e-17,1.09998633848764e-21,0
0,0.00013410475758545,0.00250747448132676,0.0109932442834461,0.0265045824750626,0.0459559116681766,0.0645835213939922,0.078411877493115,0.0854460973245516,0.0856602090601351,0.0803567639452778,0.0714109275769213,0.0606816604839168,0.0496728703105957,0.0394126667520351,0.0304769179132414,0.0230847367423332,0.0172130700631221,0.0126996996469485,0.00932158208127215,0.00684676082424482,0.00506390253292307,0.00379551601024122,0.00290072057134811,0.002272247176383,0.0018309362863143,0.00151973542576174,0.00129824782644146,0.00113825183627019,0.00102024336749545,0.000930875155342411,0.000861106955702829,0.00080488574111269,0.00075820765241101,0.000718452007612933,0.000683911052711019,0.000653463495873057,0.00062635547673572,0.000602061736803597,0.000580205116600354,0.000560516433369344,0.000542820762342203,0.000527040720328327,0.000513212384775983,0.000501514417221663,0.000492315119120842,0.00048624492255241,0.000484302736683754,0.000488003264508102,0.000499568535440612,0.000522160125485547,0.000560138576831681,0.000619323364756343,0.000707210960868338,0.00083309164519267,0.0010079905483387,0.00124434916727211,0.00155536560667633,0.00195393068313928,0.00245113741479535,0.00305440516948796,0.00376534408582115,0.00457758137190535,0.0054748630499731,0.00642981124696937,0.00740373410265134,0.00834783094025952,0.00920599641794437,0.00991920618284251,0.0104311855507325,0.0106947657578007,0.0106780801690286,0.0103696126539265,0.00978113995358746,0.00894783978585689,0.00792525463267633,0.00678334587125475,0.00559843822942023,0.00444431042114508,0.00338391199847647,0.00246310083484148,0.00170739605413999,0.00112210909430186,0.000695503916337492,0.000404030787244242,0.000218337226282792,0.000108767854734106,4.93972967523598e-05,2.01711342058493e-05,7.27765419529675e-06,2.2683260218189e-06,5.92892370903854e-07,1.24829687704903e-07,2.00077370823126e-08,2.24731032948819e-09,1.55578267583444e-10,5.35310241136674e-12,6.11521574879418e-14,9.37495666565015e-17,1.08490666178244e-21,0
0,0.00013433714335922,0.00251275076827099,0.0110168250941441,0.0265620504478964,0.0460564316647643,0.0647258658622664,0.0785858534463466,0.0856367712110851,0.085852287835216,0.0805376616832827,0.0715721736581684,0.0608189657688401,0.0497853894626269,0.0395019486241942,0.0305458814894586,0.0231368487560883,0.017251778008492,0.0127281001365667,0.00934227123576095,0.00686180701048351,0.00507488979975944,0.00380361999125355,0.00290679206614607,0.00227688954823677,0.00183457052114791,0.001522651471577,0.00130064336158405,0.00114026064233576,0.00102195563375791,0.000932351767842907,0.000862389409613853,0.000806002911804247,0.000759180331189337,0.000719295862281974,0.000684638496234177,0.000654084817410593,0.000626879490481338,0.000602496124130336,0.000580556570279622,0.000560790655937869,0.000543022321081252,0.000527172714648151,0.000513275832823455,0.000501507211971048,0.000492230336416858,0.000486068184512619,0.000484008249224685,0.000487548071014463,0.000498884482642035,0.000521143055297564,0.000558634380617627,0.000617110809489665,0.000703981660726192,0.000828428230390705,0.00100134496479384,0.00123502406376722,0.00154250280255598,0.00193651155984583,0.00242800047810379,0.00302428569508758,0.00372693942174285,0.00452964295813138,0.00541631254106821,0.00635987355672431,0.00732207529694371,0.0082546845315539,0.00910225879117524,0.00980648164056236,0.0103117645966603,0.0105715270255199,0.0105543164001613,0.0102487930623461,0.00966663316530929,0.00884263087822166,0.00783169425422893,0.00670296734280804,0.00553186950000663,0.0043912929578844,0.00334342083548182,0.00243354282805759,0.00168685076197257,0.0011085715906099,0.000687092386221747,0.000399132845440026,0.000215684409377865,0.000107443448295469,4.87945567482474e-05,1.99245121678005e-05,7.18850038101409e-06,2.24048554044115e-06,5.85602003948149e-07,1.2329196793583e-07,1.97608313266905e-08,2.21952829406331e-09,1.5365154455978e-10,5.28668851524881e-12,6.03920244717875e-14,9.25812842092732e-17,1.07013624203118e-21,0
0,0.000134571106059762,0.00251797760854206,0.0110401665701129,0.0266189250004833,0.0461559036803074,0.0648667134526211,0.0787579834017892,0.0858254023764796,0.0860422875223234,0.080716579760529,0.071731634579957,0.0609547323957506,0.0498966317380208,0.0395902041134361,0.030614041742985,0.0231883456452254,0.0172900230160065,0.0127561566140618,0.00936270676377433,0.00687666674552604,0.00508573967928236,0.00381162197378541,0.00291278689771405,0.00228147336110939,0.00183815919470249,0.00152553140387421,0.00130300979762713,0.00114224571718585,0.00102364843520688,0.000933812450863835,0.000863658984014024,0.000807109925453532,0.000760145345229409,0.00072013437142653,0.000685362772090138,0.000654705024914727,0.000627404329605404,0.000602933169892664,0.000580912418080387,0.00056107092320169,0.000543231507182602,0.000527313875016335,0.0005133499747871,0.000501512264070286,0.000492159475947645,0.000485907229904073,0.000483731740096901,0.000487113582753322,0.000498224676726752,0.000520154983968409,0.00055716568574025,0.00061494272553586,0.000700809190959072,0.000823838536591599,0.000994795883590991,0.00122582567528379,0.00152980600297111,0.00191930843127412,0.00240514164897704,0.00299451955393067,0.00368897672242316,0.00448224786795249,0.00535841754694758,0.00629071112526197,0.00724131434191787,0.00816255541438212,0.00899964778456818,0.0096949755450075,0.0101936292967006,0.0104496104885226,0.0104318765128741,0.0101292625081967,0.00955334527544198,0.00873853962720276,0.00773912598458754,0.00662343974566267,0.0054660044486747,0.00433883515283642,0.00330335655230358,0.00240429606092606,0.00166652155860415,0.00109517631259965,0.000678769133092093,0.000394286252090063,0.000213059374595023,0.00010613289734915,4.81981156679302e-05,1.96804646226587e-05,7.10027618625545e-06,2.2129350089212e-06,5.78387467473018e-07,1.21770220829837e-07,1.95164864053237e-08,2.1920339262454e-09,1.517447339543e-10,5.22095949118755e-12,5.96397108384943e-14,9.14250425885112e-17,1.05565570029307e-21,0
0,0.000134806223681711,0.00252315513765727,0.0110632711275983,0.0266752123981051,0.0462543384051062,0.0650060787318815,0.0789282844918023,0.086012008939422,0.08623022577812,0.0808935342812367,0.0718893242313106,0.0610889717663828,0.0500066060789944,0.0396774399258345,0.0306814034694672,0.0232392306517951,0.0173278071147693,0.0127838701935222,0.00938288910866638,0.00689133999201344,0.00509645179447727,0.00381952134121506,0.00291870427735901,0.00228599769709983,0.00184170128470398,0.00152837410814616,0.00130534593141299,0.00114420576719205,0.00102532038290728,0.000935255714102721,0.000864914081256633,0.000808205072069229,0.000761100868696044,0.000720965591578436,0.000686081819056898,0.000655321940733589,0.000627927702450956,0.000603370471534158,0.000581270149867122,0.000561354620491045,0.000543445603718615,0.000527461383282359,0.00051343189065618,0.000501526548965429,0.000492099403578182,0.000485758807371431,0.000483469830297465,0.000486696279738333,0.000497585440452712,0.000519192057911647,0.0005557284407194,0.00061281484021771,0.000697689033822199,0.00081931777833378,0.000988338232596901,0.00121674863092426,0.00151726953679407,0.00190231533935211,0.00238255471452956,0.00296510033281752,0.00365144945351831,0.00443538955011184,0.00530117162658714,0.0062223177667412,0.00716144546149891,0.00807143837576979,0.00889815888759438,0.00958468420018503,0.0100767768421261,0.0103290142495771,0.0103107594926115,0.0100110207788815,0.00944127674789415,0.00863556701554966,0.00764755115175077,0.00654476458127296,0.0054008445968627,0.00428693842514506,0.00326372038216919,0.00237536153714458,0.00164640921032203,0.00108192380859869,0.000670534523696589,0.000389491235475052,0.000210462253366954,0.000104836271334939,4.76080068339672e-05,1.94390059057237e-05,7.01298704724888e-06,2.18567620503358e-06,5.71249248424036e-07,1.20264553750951e-07,1.9274720337257e-08,2.16482934655322e-09,1.49857989792573e-10,5.15592091299131e-12,5.88952836413316e-14,9.02809428358597e-17,1.04144805898879e-21,0
0,0.000135042124668249,0.00252828352008969,0.0110861411064444,0.0267309186930603,0.0463517462234246,0.0651439759538122,0.0790967736126245,0.0861966089130622,0.0864161203007545,0.0810685415247128,0.0720452567792713,0.0612216956272595,0.0501153218058355,0.039763663152268,0.0307479718376962,0.0232895073684223,0.0173651326569113,0.01281124228374,0.00940281898205439,0.00690582695776497,0.00510702599443049,0.00382731768808916,0.00292454361661796,0.00229046183130342,0.0018451959580059,0.00153117865816231,0.00130765074988879,0.00114613969300618,0.00102697028839407,0.000936680275593268,0.000866153321230265,0.000809286869387943,0.000762045314346552,0.000721787829109958,0.00068679383714073,0.000655933659780336,0.000628447601076202,0.000603805921097509,0.00058162756069676,0.000561639448660647,0.000543662219437014,0.000527612757066858,0.000513519006395627,0.000501547398581623,0.000492047352656805,0.000485620044743433,0.000483219532571855,0.000486293047270045,0.000496963516394647,0.000518250858754876,0.000554319045226829,0.000610723347884381,0.000694617153443126,0.000814861664434536,0.000981967441996654,0.00120778806329962,0.00150488822772866,0.00188552679884096,0.00236023389570226,0.00293602199275573,0.00361435137156668,0.00438906163513424,0.00524456838537293,0.00615468718167948,0.00708246258530117,0.00798132771383425,0.0087977869014523,0.00947560302880693,0.00996120336839712,0.0102097352116456,0.0101909630220492,0.00989406630475208,0.00933042668761013,0.00853371271658709,0.00755696986972443,0.00646694226884579,0.00533639053944149,0.00423560343344527,0.00322451296124619,0.00234673981333017,0.00162651416520715,0.00106881441255753,0.000662388788757761,0.000384747943074759,0.00020789313251998,0.000103553617009824,4.70242530601021e-05,1.9200145976803e-05,6.92663679110258e-06,2.15871039543392e-06,5.6418769760208e-07,1.18775044847265e-07,1.90355463668781e-08,2.13791612831521e-09,1.47991427409294e-10,5.09157699273237e-12,5.81587940094257e-14,8.91490619405888e-17,1.02749839999744e-21,0
0,0.000135278481626733,0.00253336294505145,0.0111087787779374,0.026786049748581,0.0464481372485892,0.0652804190952131,0.0792634674513057,0.0863792202161656,0.0865999888231248,0.0812416179223049,0.0721994466332973,0.0613529160260029,0.0502227885692878,0.0398488812201821,0.0308137523430304,0.0233391796947323,0.017402002277617,0.0128382745519037,0.00942249733091113,0.00692012806582431,0.00511746232680644,0.00383501079449709,0.00293030450302035,0.00229486520849504,0.00184864254777306,0.00153394429328026,0.00130992340721863,0.00114804656619015,0.00102859713958193,0.000938085036701171,0.000867375515291895,0.000810354035638956,0.000762977305061312,0.000722599610498832,0.000687497256572158,0.000656538517277184,0.000628962267777277,0.000604237670563454,0.000581982715011699,0.000561923387169266,0.000543879250748729,0.000527765810663923,0.00051360905374976,0.000501572459993602,0.000492000881495564,0.000485488405245388,0.000482978206264081,0.0004859011293197,0.000496356018759766,0.000517328353504793,0.000552934298561467,0.000608664856733551,0.000691589941144821,0.000810466342136463,0.000975679387812344,0.00119893955225706,0.00149265733942956,0.00186893774542059,0.00233817380030145,0.00290727882933665,0.00357767649441936,0.00434325791873639,0.00518860147444179,0.00608781297495942,0.00700435938753908,0.00789221729904642,0.00869852602306193,0.00936772667812194,0.00984690408055418,0.0100917692192107,0.010072483633561,0.00977839631709375,0.0092207929980777,0.00843297524540353,0.00746738117822393,0.00638997226951285,0.00527264205074097,0.00418483016267631,0.00318573439664587,0.00231843104983574,0.00160683658923327,0.00105584826832614,0.000654332038350491,0.000380056450688126,0.000205352059301199,0.000102284961000645,4.64468678322475e-05,1.89638909112714e-05,6.8412278161601e-06,2.13203839287383e-06,5.5720304488432e-07,1.17301746313215e-07,1.87989734963965e-08,2.1112953586157e-09,1.46145127751981e-10,5.02793073199584e-12,5.74302789127647e-14,8.80294554708629e-17,1.01379357406685e-21,0
0,0.000135515005884075,0.00253839362294985,0.0111311863519163,0.0268406112600131,0.0465435213538001,0.0654154218873035,0.0794283825087083,0.0865598606819662,0.0867818491058262,0.0814127800359445,0.0723519084127964,0.061482645271861,0.0503290163077701,0.0399331018504235,0.0308787507658515,0.0233882517985938,0.0174384188596565,0.0128649688914546,0.00944192530849197,0.00693424392804526,0.0051277610136172,0.00384260060354345,0.00293598667880737,0.00229920742267844,0.00185204053348748,0.00153667039857777,0.00131216320475221,0.00114992560877148,0.00103020007969653,0.000939469060259463,0.000868579643473459,0.000811405465726902,0.000763895648942284,0.000723399656312606,0.000688190710670758,0.000657135060513741,0.000629470165765432,0.000604664101478508,0.000582333915250547,0.00056220466170151,0.000544094848379495,0.000527918620727829,0.000513700034952653,0.00050159965912924,0.000491957836016867,0.000485361649020415,0.000482743517629104,0.000485518087540917,0.000495760391008459,0.000516421850703414,0.000551571354305597,0.000606636341998546,0.00068860416729819,0.000806128347908096,0.000969470342134276,0.0011901990752784,0.00148057252711042,0.00185254348989607,0.00231636938155746,0.00287886543775188,0.00354141907511485,0.00429797234714685,0.0051332645900571,0.00602168867168193,0.00692712932134227,0.00780410062829366,0.00860036991922007,0.00926104911338061,0.00973387336398763,0.00997511118314785,0.00995531684396258,0.00966400698777148,0.00911237252057691,0.00833335209253467,0.00737878316621985,0.00631385319615761,0.00520959817834008,0.00413461800088565,0.00314738432659342,0.00229043505571838,0.00158737639821503,0.00104302535114134,0.00064636427551456,0.000375416770507225,0.000202839045829432,0.000101030312064394,4.5875856354314e-05,1.87302433349742e-05,6.75676125174627e-06,2.10566060688267e-06,5.50295412708564e-07,1.15844687279949e-07,1.85650069576656e-08,2.08496769230461e-09,1.44319141195324e-10,4.9649840559502e-12,5.67097627271401e-14,8.69221599121327e-17,1.00032195348907e-21,0
0,0.000135751442762947,0.00254337578240528,0.0111533659832042,0.0268946087735725,0.0466379081991809,0.0655489978430082,0.0795915351191302,0.0867385480651004,0.0869617189299354,0.0815820445381983,0.0725026569175197,0.0616108959000269,0.0504340152089158,0.0400163330185856,0.0309429731344777,0.0234367280816134,0.0174743855018831,0.0128913273936005,0.00946110424862066,0.00694817532177136,0.00513792242986475,0.00385008720151926,0.00294159002222355,0.00230348819912619,0.00185538952340457,0.00153935648743193,0.0013143695734707,0.00115177617533466,0.00103177838882469,0.000940831551424806,0.000869764834525774,0.000812440210377747,0.000764799317505937,0.000724186858420087,0.000688873012068467,0.000657722024091997,0.00062996995345462,0.000605083798311956,0.000582679674302339,0.000562481715743451,0.000544307388083143,0.000528069496128569,0.000513790191715779,0.000501627168862489,0.000491916316907606,0.000485237799284333,0.000482513404914807,0.000485141765197427,0.000495174368547751,0.000515528961821756,0.00055022768038654,0.000604635104704342,0.000685656938889789,0.000801844564071542,0.00096333692923313,0.00118156296372598,0.00146862979484312,0.00183633967777626,0.00229481590153214,0.00285077668189103,0.00350557357879014,0.00425319900411944,0.00507855147303617,0.00595630773115375,0.0068507656490636,0.00771697087265175,0.00850331179214798,0.00915556370047242,0.00962210488239633,0.00985975519117927,0.00983945727371704,0.0095508935527938,0.00900516115741128,0.0082348398422867,0.00729117308130348,0.00623858291064955,0.00514725732611324,0.00408496580724333,0.00310946197371837,0.00226275132857025,0.00156813328610933,0.00103034548666348,0.000638485408315786,0.000370828858271752,0.000200354073039658,9.9789663091481e-05,4.53112164752004e-05,1.84992028097467e-05,6.67323709978709e-06,2.07957708870286e-06,5.43464828029784e-07,1.14403876378448e-07,1.8333648630628e-08,2.05893339990195e-09,1.42513490924738e-10,4.90273793229186e-12,5.59972586228637e-14,8.58271947467151e-17,9.87073221307118e-22,0
0,0.000135987567477604,0.00254830966773863,0.0111753197774164,0.0269480477029515,0.0467313072555247,0.0656811602806732,0.0797529414670195,0.0869153000469385,0.0871396160897509,0.0817494281937495,0.0726517071005655,0.0617376806393781,0.0505377956749791,0.0400985829203698,0.0310064256920314,0.023484613148389,0.0175099054912298,0.012917352322046,0.00948003564292212,0.00696192316922412,0.00514794708469335,0.0038574708004279,0.0029471145310497,0.00230770737858725,0.00185868923913974,0.00154200218622466,0.00131654205858388,0.00115359773731403,0.00103333146773735,0.000942171840895081,0.000870930348424959,0.000813457457857075,0.000765687426563181,0.000724960260006118,0.000689543131851732,0.000658298308203035,0.000630460461890003,0.000605495525058878,0.000583018691307935,0.000562753185603277,0.00054451544489561,0.000528216951443137,0.000513877977947623,0.000501653380937706,0.000491874650709295,0.000485115112528284,0.000482286047611994,0.000484770255388431,0.000494595945861001,0.000514647567235508,0.000548901023869114,0.000602658735299171,0.000682745662095248,0.000797612180535923,0.000957276086827468,0.00117302786421701,0.00145682545785098,0.00182032225356933,0.00227350889878691,0.00282300766702912,0.00347013466226698,0.00420893209944608,0.00502445590823815,0.00589166355925357,0.00677526146908663,0.00763082091965124,0.008407344437498,0.00905126327907096,0.00951159166451075,0.009745694605675,0.00972489875250387,0.00943905042175729,0.00889915398107356,0.0081374342775688,0.00720454742659542,0.00616415861001405,0.00508561732783566,0.00403587197233082,0.00307196619229702,0.00223537908983298,0.00154910675010998,0.00101780836785771,0.000630695260542684,0.000366292619614712,0.000197897094181874,9.85629928828663e-05,4.4752939511212e-05,1.82707661754749e-05,6.59065436047564e-06,2.05378757116645e-06,5.36711232931545e-07,1.12979304014504e-07,1.81048974147534e-08,2.03319241012498e-09,1.40728175940427e-10,4.84119247686237e-12,5.52927697981583e-14,8.4744564304559e-17,9.74038191410578e-22,0
0,0.000136223181563031,0.00255319553685081,0.0111970497961948,0.0270009333440146,0.0468237278251353,0.0658119223446686,0.0799126176011877,0.0870901342395845,0.0873155583855825,0.081914947842228,0.0727990740437674,0.061863012383299,0.0506403682917045,0.0401798599405309,0.0310691148668208,0.0235319117790933,0.0175449822777927,0.0129430460905548,0.00949872112064516,0.00697548851926671,0.00515783560473922,0.00386475172256865,0.00295256030809152,0.00231186490338395,0.0018619395021104,0.00154460722089833,0.001318680305998,0.00115538986920022,0.00103485882368777,0.000943489370178854,0.000872075561018754,0.000814456517924098,0.000766559219435321,0.00072571903802442,0.000690200181243229,0.000658862959542791,0.000630940674911918,0.000605898204671564,0.00058334983037936,0.000563017878436617,0.000544717770478463,0.000528359683620639,0.000513962035732457,0.000501676881241274,0.000491831364348221,0.000484992052260303,0.000482059839349763,0.000484401873033987,0.00049402334752024,0.000513775786212288,0.000547589379891429,0.000600705081557859,0.000679868009240072,0.000793428661007623,0.000951285031873319,0.00116459070449824,0.00144515610918634,0.00180448742922162,0.00225244415979571,0.00279555371567212,0.0034350971559952,0.00416516595879532,0.004970971724115,0.00582774951938493,0.00670060973956913,0.0075456434107178,0.00831246029574505,0.00894814022744773,0.00940232618095013,0.0096329221503415,0.00961163441280554,0.00932847127488328,0.00879434533104825,0.00804113047286513,0.00711890204670085,0.00609057690287165,0.00502467551248432,0.00398733447163391,0.00303489551017411,0.0022083173161377,0.0015302961129204,0.0010054135699785,0.000622993581202029,0.000361807915696078,0.000195468037927617,9.73502677280532e-05,4.42010109763854e-05,1.80449278538777e-05,6.50901114388468e-06,2.02829150411518e-06,5.30034494052325e-07,1.1157094438979e-07,1.78787495590492e-08,2.00774434767568e-09,1.38963173726902e-10,4.78034704751439e-12,5.45962905755457e-14,8.36742594116214e-17,9.61208654785926e-22,0
0,0.00013645810976376,0.00255803365942994,0.0112185580619172,0.0270532708878005,0.0469151790601129,0.0659412970232752,0.0800705794468655,0.0872630681887686,0.087489563616664,0.0820786203823112,0.0729447729352608,0.0619869041632909,0.0507417438003064,0.0402601726250208,0.0311310472458495,0.0235786289050118,0.0175796194526487,0.0129684112430118,0.0095171624307646,0.00698887253125397,0.00516758871940641,0.00387193038692103,0.00295792754837757,0.00231596080515816,0.00186514022159566,0.00154717140512358,0.0013207840504128,0.00115715223641236,0.00103636005792861,0.00094478367865016,0.000873199950534778,0.000815436807731213,0.000767414052203366,0.000726462487773276,0.000690843395495732,0.000659415154527564,0.000631409711704695,0.000606290900957957,0.000583672101865464,0.000563274752895036,0.000544913273160855,0.000528496551420605,0.00051404117415801,0.000501696428000248,0.00049178516267475,0.000484867265843635,0.000481833363981845,0.000484035130152813,0.000493455002599392,0.000512911950413882,0.000546290964232287,0.000598772220230573,0.000677021889608562,0.000789291713128514,0.000945361230322924,0.0011562486632723,0.00143361859025954,0.00178883165619777,0.00223161769365077,0.00276841034618109,0.00340045604807212,0.00412189501472197,0.00491809279232452,0.0057645589421935,0.00662680329949989,0.00746143077437615,0.00821865149776724,0.00884618651996456,0.00929430041240694,0.00952142998713838,0.0094996567729562,0.00921914914913909,0.00869072889973611,0.00794592287676938,0.00703423220402416,0.00601783387731188,0.00496442876222795,0.00393935091305165,0.00299824816599857,0.00218156476714486,0.00151170054254064,0.00099316056388292,0.000615380052956226,0.000357374568209068,0.000193066811130773,9.61514428075891e-05,4.36554112316446e-05,1.78216801185477e-05,6.42830476919029e-06,2.00308808589146e-06,5.23434410966833e-07,1.10178757299024e-07,1.76551989555345e-08,1.98258856684736e-09,1.37218442627349e-10,4.72020032760861e-12,5.3907807377311e-14,8.26162588591235e-17,9.48577247943443e-22,0
0,0.000136692197319397,0.00256282431543252,0.011239846561925,0.0271050654320154,0.0470056699783879,0.0660692971641983,0.080226842815902,0.0874341193758249,0.0876616495742431,0.0822404627570176,0.0730888190490383,0.0621093691250996,0.0508419330722409,0.0403395296559961,0.0311922295511118,0.0236247695867048,0.0176138207280926,0.0129934504356945,0.00953536142609331,0.00700207646071775,0.00517720724783377,0.00387900729710752,0.00296321652785314,0.00231999519405915,0.00186829138420907,0.00154969462987394,0.00132285310483921,0.00115888458462218,0.00103783485472671,0.000946054392158735,0.000874303085710927,0.000816397839418748,0.000768251380729381,0.000727190009321821,0.000691472119715079,0.000659954184515882,0.00063186681142697,0.000606672802634243,0.000583984645841926,0.000563522902066995,0.000545101000340662,0.0005286265572768,0.000514114350635755,0.000501710932542874,0.000491734908637296,0.000484739564047302,0.000481605374468576,0.000483668714025468,0.000492889522068855,0.00051205458048082,0.000545004189064178,0.000596858431978028,0.000674205423630411,0.00078519926206308,0.000939502370369701,0.00114799914349601,0.00142220996475302,0.0017733516007626,0.00221102570966491,0.00274157325384193,0.00336620647009072,0.00407911379871013,0.0048658130274018,0.00570208513420158,0.00655383488739547,0.00737817525572956,0.00812590990531564,0.00874539377812423,0.00918750591019864,0.00941120978459337,0.009388957810912,0.00911107651474728,0.00858829780879783,0.00785180538532524,0.00695053264659022,0.00594592516121974,0.00490487356397432,0.00389191857913139,0.00296202214232927,0.00215512001029846,0.001493319069863,0.000981048727870697,0.000607854299627592,0.000352992363833151,0.000190693301283484,9.49664634407728e-05,4.31161160623551e-05,1.76010133352257e-05,6.34853185296479e-06,1.97817629136234e-06,5.16910723645139e-07,1.08802689729508e-07,1.74342374004622e-08,1.95772418144049e-09,1.35493923957427e-10,4.66075040035458e-12,5.32272995941546e-14,8.15705307141945e-17,9.36137340173555e-22,0
0,0.000136925307592984,0.00256756779379348,0.0112609172523117,0.0271563219911866,0.0470952094777694,0.0661959354880056,0.0803814234153608,0.0876033052189115,0.0878318340348903,0.0824004919401173,0.0732312277263242,0.062230420507122,0.0509409470864895,0.0404179398293871,0.0312526686183759,0.0236703389945046,0.0176475899200221,0.0130181664214981,0.0095533200491681,0.00701510164666903,0.00518669208734884,0.0038859830307418,0.00296842759338549,0.00232396824919364,0.0018713930446069,0.00155217685422973,0.00132488735135774,0.00116058673034549,0.00103928297168483,0.00094730121299715,0.000875384615340788,0.000817339209188526,0.000769070749223991,0.000727901095551454,0.000692085796367366,0.000660479442782663,0.000632311319660639,0.000607043209260364,0.000584286717546344,0.000563761538424255,0.00054528012295023,0.000528748831284471,0.000514180654404154,0.000501719442303483,0.000491679605765158,0.000484607902974227,0.000481374774210263,0.000483301467888396,0.00049232567880588,0.000511202365322109,0.000543727641502882,0.000594962179192696,0.000671416920034296,0.000781149427115997,0.000933706338757406,0.00113983974873146,0.00141092749551267,0.00175804412207976,0.00219066459752312,0.00271503829408837,0.00333234368459874,0.00403681693412746,0.00481412638648373,0.00564032138549054,0.00648169715792024,0.00729586894266044,0.008034227146983,0.00864575331594678,0.0090819338500943,0.00930225277853691,0.00927952902984364,0.00900424534322166,0.00848704467705097,0.00775877140726,0.00686779766837565,0.00587484597594589,0.00484600605523476,0.00384503446465153,0.00292621519509691,0.00212898144285785,0.00147515060433398,0.000969077358223929,0.000600415892879108,0.000348661058198708,0.000188347378702891,9.3795266196707e-05,4.25830971926618e-05,1.73829161757916e-05,6.26968838781714e-06,1.95355489688154e-06,5.10463119097311e-07,1.07442677286111e-07,1.72158548270513e-08,1.93315009141771e-09,1.33789543888802e-10,4.60199481505952e-12,5.25547403594243e-14,8.05370334899713e-17,9.23882936812269e-22,0
0,0.000137157319996019,0.00257226439132753,0.0112817720613112,0.0272070455056225,0.0471838063482426,0.0663212245997508,0.0805343368547334,0.0877706430736104,0.088000134754055,0.0825587249235877,0.0733720143586098,0.0623500716208741,0.0510387969091024,0.0404954120347648,0.0313123713781884,0.0237153423910916,0.0176809309322312,0.0130425620358929,0.00957104031970427,0.00702794950032629,0.00519604420323108,0.00389285822999478,0.00297356115391985,0.0023278802101822,0.00187444531727854,0.00155461809725754,0.00132688673296163,0.00116225855264113,0.00104070423120501,0.000948523911053171,0.00087644425905495,0.000818260587669118,0.000769871780164594,0.00072859532160854,0.000692683954258238,0.000660990413025525,0.000632742676450582,0.00060740151882313,0.000584577674515973,0.000563989980524432,0.000545449921730754,0.0005288626170484,0.000514239291945515,0.000501721125795448,0.000491618382676585,0.000484471368075493,0.000481140600532055,0.000482932373849797,0.000491762389901979,0.000510354143781133,0.000542460064614224,0.000593082086356408,0.000668654855609755,0.000777140501014566,0.000927971199784562,0.0011317682621828,0.00139976862405939,0.00174290625279006,0.00217053090967886,0.00268880146762147,0.00329886307397708,0.0039949991299828,0.00476302686908076,0.00557926097654494,0.00641038269667594,0.00721450378914025,0.00794359465020365,0.0085472561803413,0.00897757508020954,0.00919454982614975,0.00917136151651371,0.00889864716792652,0.00838696168091246,0.00766681392206295,0.00678602116302867,0.00580459118410057,0.0047878220649714,0.00379869531009645,0.00289082487984832,0.00210314731152521,0.00145719394790828,0.000957245678598358,0.000593064358167695,0.000344380379420274,0.000186028898480089,9.26377798846054e-05,4.20563227439638e-05,1.71673758090278e-05,6.19176981250241e-06,1.92922250254524e-06,5.04091237298068e-07,1.06098645461932e-07,1.70000395130298e-08,1.90886500667559e-09,1.32105215129063e-10,4.54393064622052e-12,5.18900972398154e-14,7.95157171910828e-17,9.11808596136049e-22,0
0,0.000137388128170535,0.00257691441179054,0.01130241289232,0.0272572408493115,0.0472714692827182,0.0664451769990062,0.080685598651961,0.0879361502330189,0.0881665694598901,0.0827151787060438,0.0735111943722081,0.0624683358333278,0.0511354936747798,0.0405719552372684,0.0313713448388649,0.0237597851159257,0.0177138477423993,0.0130666401844187,0.00958852432343846,0.00704062149510389,0.00520526461962929,0.00389963359323261,0.00297861767264714,0.00233173136968698,0.00187744836928588,0.00155701843083232,0.00132885124634991,0.00116389998577922,0.00104209851295085,0.000949722315998723,0.000877481799183114,0.000819161711410708,0.000770654165394936,0.000729272335591728,0.000693266198800353,0.000661486659212238,0.000633160405737316,0.00060774721676257,0.000584856965217467,0.000564207641253,0.000545609775092644,0.000528967259163248,0.000514289574081984,0.000501715259311568,0.000491550479364954,0.000484329159996634,0.000480902010058784,0.00048256053775778,0.000491198700989187,0.000509508888390476,0.000541200340581513,0.000591216922628907,0.000665917857263855,0.000773170931536262,0.000922295176681377,0.00112378262809801,0.00138873095240814,0.00172793518177411,0.00215062134572801,0.00266285890720025,0.003265760130569,0.00395365517539145,0.00471250851688958,0.00551889718435597,0.00633988403337562,0.0071340716359877,0.00785400366974969,0.00844989318705939,0.00887442016366353,0.00908809145410493,0.00906444599328151,0.00879427313803153,0.00828804060825602,0.00757592553174211,0.0067051966717473,0.00573515533215498,0.00473031715001046,0.00375289763150077,0.00285584857514672,0.00207761572994776,0.00143944780749302,0.000945552848399236,0.000585799180054274,0.000340150031248284,0.000183737702218778,9.14939264373147e-05,4.15357576439836e-05,1.69543780708375e-05,6.1147710744849e-06,1.90517755205362e-06,4.97794676474439e-07,1.0477051077243e-07,1.67867782658879e-08,1.88486746826477e-09,1.30440838421427e-10,4.48655454628156e-12,5.12333328521147e-14,7.85065242485693e-17,8.99909357875584e-22,0
0,0.000137617638394166,0.00258151816507449,0.0113228416265877,0.0273069128368735,0.0473582068864171,0.0665678050885025,0.080835224238427,0.0880998439274274,0.0883311558473555,0.0828698702820759,0.0736487832141954,0.0625852265509398,0.0512310485702864,0.040647578461384,0.0314295960712596,0.0238036725713324,0.0177463443895917,0.0130904038315431,0.00960577420220204,0.00705311915771473,0.00521435441149821,0.00390630986759951,0.00298359766006189,0.0023355220667932,0.00188040241383587,0.00155937797328613,0.00133078093555331,0.00116551101275886,0.00104346574718462,0.000950896310386599,0.000878497073562537,0.000820042375369016,0.000771417658259171,0.000729931850320576,0.000693832203409346,0.000661967816603433,0.000633564106010691,0.000608079866263847,0.000585124118985395,0.000564414017416138,0.000545759148368034,0.000529062192127118,0.000514330904546323,0.000501701215142094,0.000491475235047549,0.000484180582034371,0.000480658265751567,0.000482185175785457,0.000490633772342277,0.000508665690964795,0.000539947475774619,0.000589365586400336,0.000663204686098472,0.000769239305201751,0.000916676635076717,0.00111588093525425,0.00137781222692079,0.00171312823884036,0.00213093273852651,0.00263720686590583,0.00323303044791196,0.00391277993466384,0.0046625654136406,0.0054592232878697,0.00627019365358894,0.00705456422937147,0.00776544531313014,0.008353654952743,0.00877245941660584,0.00898286790148911,0.00895877286447379,0.00869111406662722,0.00819027290644637,0.00748609850699067,0.00662531742599094,0.00566653268844986,0.00467348662753346,0.00370763774708192,0.00282128350345576,0.00205238469433947,0.001421910806056,0.000933997970258664,0.000578619806944591,0.000335969695883198,0.000181473619587799,9.03636217003117e-05,4.10213639920978e-05,1.67439076162744e-05,6.03868668581996e-06,1.88141835045261e-06,4.91572997829358e-07,1.03458181768624e-07,1.65760565883904e-08,1.86115586734998e-09,1.28796303884798e-10,4.42986279277814e-12,5.05844054144082e-14,7.75093903566311e-17,8.88180681647447e-22,0
0,0.000137845768178967,0.00258607596651432,0.0113430601256047,0.0273560662296701,0.0474440276850449,0.0666891211815469,0.0809832289630598,0.0882617413236633,0.0884939115726073,0.0830228166324311,0.0737847963396206,0.0627007572052134,0.0513254728195231,0.0407222907763855,0.0314871321951285,0.0238470102100679,0.0177784249631065,0.0131138559907342,0.00962279214508633,0.00706544406025974,0.00522331469743583,0.00391288784243423,0.00298850166780467,0.00233925268114202,0.00188330770458579,0.00156169688378348,0.00133267588629116,0.0011670916595709,0.00104480590887165,0.000952045823543069,0.000879489969176082,0.000820902426256276,0.000772162066642849,0.000730573636052318,0.000694381701889532,0.000662433583806344,0.000633953442035108,0.000608399099660124,0.000585378737110014,0.000564608680520138,0.000545897584286513,0.000529146930514818,0.000514362769849297,0.000501678451127392,0.000491392077388839,0.000484025029010258,0.000480408725406839,0.000481805602527406,0.000490066866544607,0.000507823749812353,0.000538700587494103,0.000587527091574061,0.000660514223268248,0.000765344332788467,0.000911114068307713,0.00110806140228077,0.00136701032395245,0.0016984828811115,0.00211146204184597,0.00261184170670526,0.00320066971294182,0.00387236834294337,0.00461319168497439,0.00540023257285434,0.00620130400922292,0.00697597323731674,0.00767791056324977,0.0082585319235165,0.00867168294214614,0.00887886915810384,0.00885433225776922,0.00858916047367194,0.00809364972521923,0.00739732482840444,0.00654637638561817,0.00559871727713768,0.00461732560409555,0.00366291180102865,0.00278712674979541,0.00202745209743744,0.00140458149255065,0.000922580096717051,0.000571525655325808,0.000331839036490519,0.000179236469708756,8.92467761369551e-05,4.05131013859148e-05,1.65359480554549e-05,5.96351077311496e-06,1.85794307999679e-06,4.85425729765342e-07,1.02161559943124e-07,1.63678588265903e-08,1.83772846216657e-09,1.27171492212296e-10,4.37385133050555e-12,4.99432692391687e-14,7.65242452221465e-17,8.76618393862633e-22,0
0,0.000138072445038727,0.00259058813628805,0.0113630702332165,0.0274047057411622,0.0475289401318993,0.0668091375083707,0.0811296280956707,0.0884218595241679,0.0886548542476747,0.0831740347149792,0.0739192491998724,0.0628149412396527,0.0514187776700911,0.040796101283272,0.0315439603669198,0.0238898035242078,0.0178100935925224,0.0131369997156136,0.00963958038057772,0.00707759781319225,0.00523214663331787,0.00391936834342328,0.00299333028319678,0.00234292362772566,0.00188616453059345,0.00156397535733547,0.00133453622097101,0.00116864199011549,0.00104611901245852,0.000953170826159193,0.00088046041651845,0.00082174175665321,0.00077288724680996,0.000731197514030967,0.000694914481688651,0.000662883715734056,0.000634328137516079,0.000608704610811696,0.000585620484935272,0.000564791268594174,0.000546024694526756,0.00052922106025941,0.000514384730288114,0.000501646501385413,0.000491300512933985,0.000483861977392193,0.000480152831443601,0.000481421220427722,0.000489497337531935,0.000506982358373322,0.000537458892192123,0.000585700555375326,0.000657845457409098,0.000761484836450279,0.000905606084355239,0.00110032236460332,0.0013563232370811,0.00168399668091011,0.00209220631938714,0.00258675989316263,0.00316867369905499,0.00383241540232788,0.00456438149834181,0.00534191833625133,0.00613320752788158,0.00689829026444329,0.00759139029864024,0.00816451440051728,0.00857208066065446,0.00877608499867405,0.00875111406116564,0.00848840262435997,0.00799816195499451,0.00730959622331453,0.0064683662729714,0.00553170290852147,0.00456182900156624,0.00361871578476884,0.00275337527842276,0.00200281574098204,0.00138745835079212,0.000911298236198984,0.000564516113556029,0.000327757699450612,0.000177026062397432,8.81432954594692e-05,4.00109272134845e-05,1.63304820751763e-05,5.88923712223882e-06,1.83474981434593e-06,4.7935237166469e-07,1.00880540541082e-07,1.61621683023169e-08,1.81458339319935e-09,1.25566275744193e-10,4.31851580927078e-12,4.9309875174754e-14,7.55510132366258e-17,8.65218641889572e-22,0
0,0.000138297605403056,0.0025950549988952,0.0113828737774889,0.0274528360415995,0.0476129526140307,0.0669278662215352,0.0812744368296293,0.0885802155658607,0.0888140014354199,0.0833235414564032,0.0740521572321038,0.0629277920979758,0.0515109743812046,0.0408690191030489,0.031600087768847,0.0239320580352183,0.0178413544388196,0.013159838092072,0.00965614116955513,0.00708958205905866,0.00524085140663844,0.00392575222740569,0.00299808412438637,0.00234653535226674,0.00188897321183582,0.00156621362037667,0.00133636209425368,0.00117016210169534,0.00104740510724366,0.000954271325496227,0.000881408384602308,0.000822560299789696,0.000773593097939495,0.000731803350767907,0.000695430377916487,0.000663318017360903,0.000634687968594643,0.000608996148343939,0.000585849084845764,0.000564961478931418,0.000546140152215403,0.000529284230909784,0.000514396411959997,0.000501604968074308,0.000491200118608896,0.000483690976515881,0.00047989010182646,0.000481031510382357,0.00048892462085164,0.0005061408951168,0.000536221694996447,0.000583885187506572,0.000655197473453116,0.000757659738255186,0.000900151394215145,0.00109266226282079,0.0013457490657356,0.00166966731496867,0.00207316273499282,0.00256195798116351,0.00313703825992807,0.00379291617841723,0.00451612906292282,0.00528427389006735,0.00606589662123034,0.00682150686513465,0.00750587531153832,0.00807159256271195,0.00847364233684313,0.00867450501342747,0.0086491079560301,0.00838883056342889,0.00790380026113937,0.00722290419873077,0.00639127960336659,0.00546548320619699,0.00450699158033964,0.00357504555600106,0.00272002594776057,0.0019784733468872,0.0013705398074025,0.00090015135836296,0.000557590545257083,0.000323725316373155,0.000174842199275412,8.70530811940091e-05,3.95147969150002e-05,1.61274915478454e-05,5.81585921836921e-06,1.81183653128194e-06,4.73352397275921e-07,9.96150132867067e-08,1.59589674318776e-08,1.79171869678263e-09,1.23980519429309e-10,4.26385161772171e-12,4.86841710010743e-14,7.45896140791378e-17,8.53977854433314e-22,0
0,0.000138521193659454,0.00259947688270035,0.0114024725723476,0.0275004617621124,0.0476960734575674,0.0670453194005141,0.0814176702839686,0.08873682641884,0.0889713706447781,0.0834713537445638,0.0741835358496217,0.0630393232134727,0.0516020742128214,0.0409410533662217,0.0316555215991118,0.0239737792850878,0.0178722116864587,0.0131823742312427,0.00967247679905492,0.00710139846692894,0.00524943023147709,0.00393204037775485,0.00300276383603524,0.00235008832711371,0.00189173409522945,0.0015684119268381,0.00133815368911669,0.00117165212101616,0.00104866427326927,0.000955347361131444,0.000882333876527401,0.000823358024913737,0.00077427955727742,0.000732391052966097,0.000695929268035717,0.000663736338178613,0.000635032758070631,0.000609273509641562,0.00058606431003673,0.000565119061639314,0.000546243685260787,0.000529336148748654,0.000514397499662066,0.000501553514067972,0.000491090534161159,0.00048351164077684,0.000479620121991005,0.000480636023377972,0.00048834822499497,0.000505298814549283,0.000534988380385326,0.000582080280492305,0.000652569442668379,0.000753868049976076,0.000894748801538428,0.00108507963234776,0.00133528600505993,0.00165549255481058,0.00205432854392123,0.0025374326115351,0.00310575932400633,0.00375386579723654,0.00446842862956,0.00522729256485718,0.00599936369247621,0.00674561455531416,0.00742135632405291,0.00797975648730285,0.00837635760399228,0.00857411863545274,0.00854830344667202,0.00829043414586232,0.00781055511463597,0.00713724007083246,0.0063151087123912,0.00540005163135692,0.00445280796012055,0.00353189685574034,0.0026870755237696,0.0019544225672474,0.00135382423892938,0.000889138398894967,0.000550748292354882,0.000319741505902495,0.000172684674766421,8.5976031187159e-05,3.90246642173937e-05,1.59269576291312e-05,5.74337028189708e-06,1.78920112411102e-06,4.67425257750286e-07,9.83648630347545e-08,1.57582378325063e-08,1.76913231729706e-09,1.22414081687252e-10,4.20985391368911e-12,4.80661017845087e-14,7.3639963257763e-17,8.42892707247838e-22,0
0,0.000138743161307133,0.00260385411953156,0.0114218684190147,0.027547587498272,0.0477783109322986,0.0671615090555514,0.0815593435049987,0.0888917089849557,0.0891269793262671,0.0836174884214848,0.074313400433158,0.0631495479993991,0.0516920884158719,0.0410122132033783,0.0317102690631603,0.0240149728284089,0.0179026695363168,0.0132046112632415,0.00968858957671946,0.00711304872744033,0.00525788434402182,0.00393823370027181,0.0030073700854845,0.00235358304759275,0.00189444755109399,0.00157057055465822,0.00133991121335722,0.00117311220063406,0.00104989661767296,0.000956399001180039,0.000883236925545581,0.000824134933178545,0.000774946595830686,0.000732960563011181,0.000696411067144958,0.000664138567269907,0.000635362370268287,0.000609536535509562,0.000586265978974519,0.000565263813903526,0.000546335070423167,0.000529376570669802,0.00051438773057346,0.000501491856437543,0.000490971455431728,0.000483323642679536,0.000479342537654566,0.000480234373046515,0.000487767723677449,0.000504455639205445,0.000533758403879694,0.000580285201075684,0.000649960613781885,0.000750108863989724,0.000889397193393864,0.00107757309417716,0.00132493233687131,0.00164147025816711,0.00203570108505752,0.00251318050345862,0.00307483288958373,0.00371525944249035,0.00442127449070284,0.00517096771284145,0.00593360114306108,0.0066706048229826,0.00733782400263359,0.00788899616799361,0.00828021598563725,0.00847491516519551,0.008448689886827,0.00819320306439,0.00771841681955435,0.00705259499139103,0.00623984578036566,0.00533540150457266,0.00439927263855564,0.00348926532359882,0.00265452069193778,0.00193066099331058,0.00133730997822954,0.000878258263807614,0.000543988677806441,0.000315805875337107,0.000170553276990135,8.49120400603514e-05,3.85404813448265e-05,1.57288608455911e-05,5.67176330064644e-06,1.76684141189639e-06,4.61570384367012e-07,9.71299703552615e-08,1.55599604179103e-08,1.74682211811791e-09,1.20866815182436e-10,4.15651765142544e-12,4.74556101965554e-14,7.27019725962523e-17,8.31960093429465e-22,0
0,0.000138963466208541,0.00260818704432438,0.0114410631072602,0.0275942178131764,0.0478596732556031,0.0672764471308837,0.0816994714674975,0.0890448800962884,0.0892808448677602,0.0837619622769125,0.0744417663229439,0.0632584798403113,0.051781028223482,0.0410825077367538,0.0317643373658671,0.0240556442253114,0.0179327321993901,0.0132265523315906,0.00970448182585505,0.00712453454838685,0.00526621499858617,0.00394433311953253,0.00301190355934437,0.00235702002876358,0.00189711397000779,0.00157268980268095,0.00134163489648335,0.00117454251579774,0.00105110227144468,0.000957426338936975,0.000884117591563131,0.000824891053986506,0.000775594214539167,0.000733511854962501,0.000696875723784084,0.000664524628926741,0.000635676706468614,0.00060978510542255,0.000586453950466521,0.000565395574881976,0.000546414128035367,0.000529405298725949,0.000514366888628568,0.00050141976064508,0.000490842628360868,0.000483126706644203,0.000479057048409782,0.00047982622902959,0.000487182748957881,0.000503610952507858,0.000532531284635434,0.000578499382545761,0.000647370305061117,0.000746381345156786,0.000884095532024356,0.00107014134663443,0.00131468642158694,0.00162759836131182,0.00201727777395612,0.002489198448583,0.00304425502040576,0.00367709235310901,0.00437466098035991,0.00511529271069842,0.00586860137865433,0.00659646913765386,0.00725526897102845,0.00779930153135071,0.00818520691499897,0.00837688379240937,0.00835025650339335,0.00809712687413939,0.00762737553768404,0.00696895997146377,0.006165482854282,0.00527152602533247,0.00434638000794799,0.00344714651149617,0.00262235806803861,0.0019071861635309,0.00132099532019863,0.000867509833299265,0.000537311008048041,0.000311918022083577,0.000168447788564744,8.38609996179293e-05,3.8062199207722e-05,1.55331811733695e-05,5.60103105881393e-06,1.7447551486498e-06,4.55787190981403e-07,9.59102120588497e-08,1.53641154841108e-08,1.72478589145169e-09,1.19338567519537e-10,4.10383760608014e-12,4.68526368001778e-14,7.17755506718079e-17,8.21177097650165e-22,0
0,0.000139182071926403,0.00261247599480435,0.0114600584164882,0.0276403572401147,0.0479401685957971,0.0673901455074052,0.0818380690755368,0.0891963565135611,0.0894329845905097,0.0839047920424056,0.0745686488115177,0.0633661320842533,0.0518689048430932,0.0411519460726803,0.0318177337045537,0.0240957990351583,0.0179624038911833,0.0132482005882533,0.00972015588103351,0.00713585765079492,0.00527442346406577,0.00395033957563817,0.00301636496046043,0.00236039980253347,0.0018997337600105,0.00157476998789611,0.00134332498694848,0.00117594326163921,0.00105228138654187,0.00095842948988963,0.000884975958029172,0.000825626441736436,0.000776222440869477,0.000734044930985414,0.000697323216200653,0.000664894478749491,0.00063597570084226,0.000610019133293807,0.000586628119269593,0.000565514221155752,0.000546480717298346,0.000529422175269579,0.000514334799501426,0.000501337035367159,0.000490703843643653,0.000482920603484079,0.000478763402010911,0.000479411311059554,0.000486592985099726,0.000502764392396069,0.000531306598832686,0.000576722317888981,0.00064479789724478,0.000742684723570904,0.000878842847483811,0.00106278315801061,0.00130454669100902,0.00161387487220815,0.00199905609661924,0.00246548330575986,0.00301402184173551,0.00363935982105279,0.00432858247405615,0.00506026096206406,0.00580435681452074,0.00652319895880899,0.00717368182189673,0.00771066245146977,0.00809131975240526,0.00828001361584114,0.00825299241772295,0.00800219501475169,0.00753742131063606,0.00688632590265803,0.00609201186749597,0.00520841828958173,0.00429412437026456,0.00340553589597155,0.00259058420779358,0.00188399557080208,0.00130487852691838,0.000856891965221252,0.000530714575195006,0.000308077534963208,0.00016636798732823,8.28227992139095e-05,3.75897675726812e-05,1.53398981089433e-05,5.53116616298554e-06,1.72294003159533e-06,4.5007507622598e-07,9.4705461669065e-08,1.51706827866328e-08,1.70302136718179e-09,1.17829181868917e-10,4.05180839571139e-12,4.62571203073505e-14,7.08606032092257e-17,8.10540973783338e-22,0
0,0.000139398947135723,0.00261672131120149,0.0114788561166718,0.0276860102848544,0.0480198050749689,0.0675026160048442,0.0819751511629968,0.0893461549245053,0.0895834157454106,0.0840459943859131,0.0746940631372012,0.0634725180357167,0.0519557294493928,0.0412205372948326,0.0318704652627574,0.0241354428109288,0.0179916888267132,0.0132695591892159,0.00973561408417889,0.00714701976543222,0.00528251102078585,0.0039562540213238,0.0030207550052141,0.00236372291508881,0.00190230734411339,0.00157681144298319,0.00134498174968961,0.00117731465067314,0.00105343413332129,0.000959408589058237,0.000885812129165271,0.000826341172927226,0.000776831325781599,0.00073455981817359,0.000697753549023858,0.000665248100171245,0.000636259316824926,0.000610238563703947,0.000586788412174791,0.000565619662672633,0.000546534732085504,0.000529427078618528,0.000514291326131099,0.000501243527876163,0.000490554931960653,0.000482705145476376,0.000478461389273766,0.000478989383675591,0.000485998163090242,0.000501915645637468,0.000530083973771595,0.000574953553671348,0.000642242827226397,0.000739018288078485,0.000873638231054888,0.00105549735997476,0.00129451164187133,0.00160029786437808,0.00198103360392829,0.00244203199632943,0.00298412953682973,0.00360205718934366,0.00428303338879311,0.0050058658997711,0.00574085988033095,0.00645078574347525,0.00709305312722268,0.00762306876313169,0.00799854380092189,0.00818429366089765,0.00815688666473326,0.00790839683023858,0.00744854407969105,0.00680468357623046,0.00601942465741758,0.00514607130548285,0.00424249995062258,0.00336442888924926,0.00255919561555766,0.00186108666896017,0.00128895783228461,0.000846403498195676,0.000524198659020001,0.000304283995387187,0.000164313646987152,8.17973260819162e-05,3.71231352153488e-05,1.51489907327737e-05,5.4621610655464e-06,1.70139370860562e-06,4.44433425491326e-07,9.35155898474677e-08,1.49796416099763e-08,1.68152622083022e-09,1.16338497529578e-10,4.00042450109979e-12,4.56689978109066e-14,6.99570334360461e-17,8.00049125454131e-22,0
0,0.000139614065101566,0.00262092333599201,0.0114974579691546,0.0277311814275939,0.0480985907713591,0.0676138703835109,0.0821107324938124,0.0894942919422003,0.0897321555094934,0.0841855859068024,0.0748180244781853,0.0635776509493025,0.0520415131779766,0.0412882904581927,0.0319225392046732,0.0241745810942141,0.0180205912160629,0.0132906312905575,0.00975085878108776,0.007158022629703,0.00529047895769726,0.00396207741938596,0.00302507442112008,0.0023669899246087,0.00190483515808251,0.00157881451412397,0.0013466054639348,0.00117865691056937,0.00105456069825119,0.000960363788626409,0.000886626227496958,0.000827035343576781,0.000777420941025309,0.000735056565716318,0.000698166750299041,0.00066558550135828,0.000636527543884412,0.000610443368536413,0.000586934784513785,0.000565711839126873,0.000546576097197565,0.000529419919186439,0.000514236364726412,0.000501139119915796,0.000490395759718409,0.000482480181959588,0.000478150839519685,0.000478560251502819,0.000485398055742978,0.000501064442742879,0.000528863082594736,0.000573192684568885,0.000639704582405987,0.000735381380482444,0.000868480829359877,0.00104828284167842,0.00128457983006172,0.00158686547141129,0.00196320790665505,0.00241884149989533,0.00295457434377866,0.00356517985029849,0.00423800818301055,0.00495210098785433,0.00567810302447401,0.0063792209530243,0.00701337344766018,0.00753651027361156,0.00790686832038738,0.00808971289551239,0.00806192821007601,0.00781572158682411,0.00736073370363707,0.00672402370025528,0.00594771298141582,0.00508447800758686,0.00419150090941869,0.00332382084919238,0.00252818875213306,0.00183845687863458,0.00127323144617181,0.000836043254421396,0.000517762528733696,0.000300536978414468,0.000162284537700741,8.07844656322423e-05,3.66622500580599e-05,1.49604377666257e-05,5.39400808576325e-06,1.6801137848993e-06,4.38861612710241e-07,9.23404647765376e-08,1.47909708301979e-08,1.66029808072982e-09,1.14866350436309e-10,3.94968028359912e-12,4.50882049934295e-14,6.90647424028343e-17,7.8969908911381e-22,0
0,0.000139827403214629,0.00262508241366255,0.0115158657273295,0.027775875124618,0.0481765337213409,0.0677239203456706,0.0822448277619914,0.0896407841034004,0.0898792209826343,0.084323583131302,0.0749405479471716,0.0636815440240178,0.0521262671196739,0.0413552145836614,0.0319739626702032,0.0242132194107668,0.0180491152604303,0.0133114200449581,0.00976589231833658,0.00716886798488821,0.00529832856988289,0.00396781074039401,0.00302932394468804,0.00237020139922919,0.00190731764846423,0.00158077955905374,0.00134819642124931,0.00117997028216759,0.00105566128187188,0.000961295255828639,0.000887418391652619,0.000827709066920166,0.000777991376728649,0.000735535242371346,0.000698562868841539,0.000665906712443742,0.000636780394634634,0.000610633543973453,0.000587067217039001,0.000565790716725665,0.000546604765016932,0.000529400636025448,0.000514169841195775,0.000501023724014973,0.000490226225242178,0.000482245595397788,0.000477831616502267,0.000478123755031113,0.000484792473318069,0.00050021055341903,0.000527643639565986,0.000571439348473775,0.000637182695635094,0.000731773390353502,0.000863369839087353,0.00104113854447471,0.00127474986544523,0.00157357588204313,0.0019455766709878,0.00239590885053353,0.00292535255266864,0.00352872324394024,0.00419350135654782,0.00489895972334602,0.00561607871792494,0.006308496059273,0.0069346333409227,0.00745097677328538,0.0078162825400229,0.00799626024440545,0.00796810596557157,0.00772415848898805,0.0072739799748131,0.00664433691506872,0.00587686853112943,0.00502363126958695,0.00414112135324636,0.0032837070882634,0.00249756004180461,0.00181610359251692,0.00125769755818398,0.000825810042201507,0.000511405444588863,0.000296836053704866,0.000160280426607183,7.97841017195399e-05,3.62070592938894e-05,1.47742176252293e-05,5.32669942878744e-06,1.65909782907823e-06,4.3335900196614e-07,9.11799525048776e-08,1.46046489713327e-08,1.63933453449109e-09,1.13412573616978e-10,3.89957000123244e-12,4.45146763156263e-14,6.81836292722494e-17,7.7948851929502e-22,0
0,0.000140038942577662,0.00262919889049375,0.0115340811372095,0.0278200958096869,0.0482536419210442,0.0678327775365888,0.082377451591438,0.0897856478668629,0.0900246291844705,0.0844600025083239,0.075061648586519,0.0637842103981483,0.0522100023154687,0.0414213186532526,0.0320247427705512,0.024251363266545,0.0180772651486182,0.0133319285985971,0.00978071704053536,0.00717955757369354,0.00530606115634107,0.00397345496065446,0.00303350431951948,0.0023733579152305,0.00190975527082625,0.00158270694532448,0.0013497549237938,0.00118125501770693,0.00105673609697671,0.00096220317106569,0.000888188774399468,0.000828362471355294,0.000778542739245308,0.000735995934208571,0.00069894197187364,0.000666211783056769,0.000637017902257324,0.000610809107811839,0.000587185713135282,0.000565856285298698,0.00054662071251655,0.000529369193734728,0.000514091707954395,0.000500897280190924,0.000490046255370273,0.000482001297859671,0.000477503614762921,0.000477679766837829,0.000484181259602574,0.000499353782498054,0.00052642539584388,0.000569693222112195,0.000634676740689269,0.00072819375038163,0.000858304502266337,0.00103406345718419,0.0012650204072214,0.00156042733573868,0.00192813761451536,0.00237323113338742,0.00289646050303136,0.00349268285656699,0.00414950745060407,0.00484643563788343,0.00555477945771409,0.00623860254996088,0.00685682336932025,0.00736645804516244,0.00772677566976914,0.00790392460190806,0.00787540880309363,0.00763369669390229,0.00718827263354896,0.00656561380717305,0.00580688294535299,0.00496352391580476,0.00409135534473025,0.00324408288159734,0.00246730587867932,0.00179402418010949,0.00124235434103541,0.00081570265822181,0.000505126659326631,0.000293180786378462,0.000158301078298234,7.87961168842465e-05,3.57575094985413e-05,1.45903084628811e-05,5.26022720279777e-06,1.63834337857422e-06,4.27924948944216e-07,9.00339172586917e-08,1.44206542563074e-08,1.61863313483773e-09,1.11976997605201e-10,3.85008782321823e-12,4.39483451863382e-14,6.73135915801529e-17,7.69415175753531e-22,0
0,0.000140248667636666,0.00263327311436,0.0115521059379004,0.027863847895192,0.0483299233276687,0.0679404535452901,0.082508618535611,0.0899288996116859,0.0901683970515098,0.0845948604056385,0.0751813413638523,0.063885663144653,0.0522927297519623,0.0414866116058133,0.0320748865843066,0.0242890181442015,0.0181050450539214,0.0133521600884039,0.00979533528789101,0.00719009313807256,0.00531367801801612,0.00397901106040086,0.00303761629461412,0.00237646005542264,0.00191214848819015,0.00158459704875651,0.00135128128277083,0.00118251137924652,0.0010577853669887,0.000963087726222281,0.000888937540889923,0.000828995698608264,0.000779075149231732,0.00073643874259408,0.000699304142912793,0.000666500780113842,0.00063724011819686,0.00061097009706243,0.00058729029632595,0.000565908555712423,0.000546623938583645,0.000529325579694077,0.000514001941066789,0.000500759752998171,0.000489855802405333,0.000481747227866242,0.000477166756367619,0.000477228188205224,0.000483564288399895,0.00049849396629124,0.000525208135694802,0.000567954017117319,0.000632186328209825,0.000724641932208143,0.000853284102027736,0.00102705661184733,0.0012553901597571,0.00154741811872719,0.00191088850261893,0.00235080548160629,0.00286789458154804,0.00345705421946075,0.00410602104769643,0.00479452229914721,0.00549419777004006,0.00616953193366999,0.00677993410653353,0.00728294387345725,0.00763833691048514,0.00781269484350378,0.00778382556706841,0.00754432532443044,0.00710360138117153,0.00648784492176308,0.00573774782164884,0.00490414873154301,0.00404219691139171,0.0032049434742809,0.00243742263240339,0.00177221599200812,0.00122719995360042,0.000805719889606445,0.000498925419481455,0.000289570737791147,0.00015634625524756,7.78203925705016e-05,3.53135467313513e-05,1.44086882155151e-05,5.19458343447828e-06,1.61784794456706e-06,4.22558802241835e-07,8.89022217230654e-08,1.42389646529189e-08,1.59819140487702e-09,1.10559450813054e-10,3.80122784309069e-12,4.33891441161062e-14,6.64545254716476e-17,7.59476912243604e-22,0
0,0.000140456565851597,0.00263730543454297,0.0115699418619861,0.0279071357731011,0.0484053858605207,0.0680469599050682,0.0826383430770434,0.0900705556356658,0.090310541434423,0.0847281731063693,0.0752996411680899,0.0639859152670325,0.0523744603573227,0.0415511023332173,0.0321244011539712,0.0243261894999728,0.0181324591313693,0.0133721176396211,0.00980974939404758,0.00720047641729568,0.0053211804560496,0.00398448002218475,0.00304166062286306,0.00237950840770785,0.00191449776963462,0.00158645025205781,0.00135277581703884,0.00118373963725566,0.00105880932451108,0.000963949123164533,0.000889664867094908,0.000829608902093835,0.000779588739928318,0.000736863782387693,0.000699649479883001,0.000666773785843099,0.000637447110097785,0.000611116565802021,0.000587381008040511,0.000565947557555197,0.000546614461623443,0.000529269801586541,0.000513900537687514,0.000500611128885158,0.000489654841383123,0.000481483347566513,0.000476820987982855,0.000476768946089099,0.000482941460383284,0.000497630969320424,0.000523991673097742,0.000566221476507608,0.000629711102063483,0.000721117442685842,0.000848307958799802,0.00102011707991039,0.00124585786884289,0.00153454656043784,0.00189382714522693,0.00232862907358983,0.00283965121998048,0.00342183290772043,0.00406303677161556,0.00474321331214815,0.00543432621306322,0.00610127574424553,0.00670395614370533,0.00720042405130185,0.0075509554631285,0.00772255983622105,0.00769334508573373,0.00745603348084125,0.00701995589172745,0.00641102077401935,0.00566945472681841,0.00484549847242324,0.00399364005364685,0.0031662840879205,0.00240790665332168,0.00175067636376805,0.00121223254366659,0.000795860515773935,0.000492800966559544,0.000286005466235049,0.000154415718197636,7.68568093229997e-05,3.48751166265357e-05,1.4229334638714e-05,5.12976008300375e-06,1.59760901642869e-06,4.17259904552782e-07,8.77847272961825e-08,1.40595579153928e-08,1.57800684286356e-09,1.0915975986798e-10,3.75298409055972e-12,4.28370048559947e-14,6.5606325914618e-17,7.49671666709516e-22,0
0,0.000140662627401931,0.00264129620155702,0.0115875906358363,0.0279499638157205,0.0484800374018082,0.068152308093778,0.0827666396267452,0.0902106321536799,0.090451079095509,0.0848599568057858,0.0754165628058538,0.0640849796956247,0.0524552049976743,0.0416147996769851,0.032173293482881,0.0243628827609268,0.0181595115152878,0.0133918043636496,0.00982396168417445,0.00721070914623888,0.00532856977022866,0.00398986282944636,0.00304563805970856,0.00238250356380064,0.00191680358905076,0.00158826694359268,0.00135423885187536,0.00118494006935513,0.00105980821003256,0.000964787572397273,0.000890370938403379,0.000830202245449387,0.000780083655622037,0.00073727118033034,0.000699978093424682,0.000667030896015829,0.000637638959958164,0.000611248583249573,0.000587457905615151,0.000565973337063439,0.000546592317412024,0.000529201885178289,0.000513787513767347,0.000500451413824779,0.000489443367624044,0.000481209640205268,0.0004764662782537,0.00047630199040029,0.000482312700273688,0.000496764681385821,0.00052277584869793,0.000564495371526257,0.000627250736074461,0.000717619820520745,0.000843375426890517,0.00101324396879776,0.00123642231832722,0.00152181103029335,0.00187695139389377,0.00230669913050536,0.00281172689330419,0.00338701453920509,0.00402054928737819,0.00469250232037753,0.0053751573794129,0.00603382554476913,0.00662888009492042,0.00711888838768823,0.00746462053702329,0.00763350844799696,0.00760395618128737,0.00736881025137001,0.00693732582255599,0.0063351318592965,0.00560199520635136,0.00478756587281406,0.00394567875202705,0.00312809992657314,0.0023787542771375,0.00172940261939586,0.00119745025042217,0.000786123310114263,0.000486752538103804,0.000282484527571598,0.00015250922650948,7.59052469649518e-05,3.44421644756934e-05,1.4052225342081e-05,5.06574905268686e-06,1.57762406574249e-06,4.12027593738324e-07,8.66812943192624e-08,1.38824116219734e-08,1.55807692650854e-09,1.07777749917558e-10,3.70535054224017e-12,4.22918585231848e-14,6.4768886893062e-17,7.39997452706041e-22,0
0,0.000140866844923064,0.00264524576698456,0.0116050539798443,0.0279923363762925,0.0485538857972223,0.0682565095339415,0.0828935225235095,0.0903491452961001,0.0905900267063216,0.0849902276083662,0.0755321209982275,0.0641828692842895,0.052534974473886,0.0416777124252883,0.0322215705324858,0.0243991033225321,0.018186206317147,0.0134112233561456,0.00983797447327638,0.00722079305386907,0.00533584725761062,0.00399516046524556,0.00304954936195255,0.00238544611808848,0.00191906642403278,0.00159004751628349,0.00135567071787306,0.00118611295919298,0.00106078227077038,0.000965603291863682,0.000891055948369803,0.000830775901223306,0.000780560050270547,0.000737661073600378,0.000700290105381169,0.000667272218362368,0.000637815762475106,0.000611366232042233,0.000587521060500524,0.000565985955262446,0.000546557557171112,0.000529121872327672,0.000513662901995987,0.000500280631188957,0.000489221394536601,0.000480926107851149,0.000476102615451123,0.000475827291565051,0.000481677954306743,0.000495895014933847,0.000521560527071602,0.00056277549880275,0.000624804931088785,0.000714148633254208,0.000838485891415228,0.00100643641882929,0.00122708232708761,0.00150920993482297,0.00186025913916761,0.00228501291404833,0.00278411811802177,0.00335259477357524,0.00397855330117634,0.00464238300683478,0.00531668389843753,0.00596717293113109,0.00655469660213705,0.00703832671372053,0.00737932135731017,0.00754552955611882,0.00751564767903955,0.00728264472174686,0.00685570082383089,0.00626016866232071,0.00553536079295804,0.00473034365344362,0.00389830697370218,0.00309038618210555,0.00234996182912402,0.00170839207450615,0.00118285120670491,0.000776507041505366,0.00048077936865696,0.000279007475804128,0.000150626538479024,7.49655847590915e-05,3.40146353024532e-05,1.38773378203414e-05,5.00254220442351e-06,1.55789054994087e-06,4.06861203796659e-07,8.55917822846958e-08,1.37075032089529e-08,1.53839911688084e-09,1.06413244905419e-10,3.65832113136551e-12,4.17536357146879e-14,6.39421015822542e-17,7.3045235188653e-22,0
0,0.000141069213270009,0.00264915448332039,0.011622333608603,0.0280342577894488,0.0486269388563336,0.0683595755926895,0.083019006033139,0.0904861111072412,0.0907274008454485,0.0851190015251114,0.0756463303778313,0.0642795968074455,0.0526137795187175,0.0417398493103003,0.0322692392199491,0.0244348565465178,0.0182125476236655,0.0134303776953435,0.00985179006470212,0.00723072986190523,0.00534301421130497,0.00400037391113627,0.00305339528669795,0.00238833666661797,0.00192128675488987,0.00159179236663122,0.00135707174995422,0.00118725859544026,0.00106173175963607,0.00096639650587174,0.000891720097593451,0.000831330049700921,0.000781018086270143,0.000738033608520413,0.000700585647442571,0.000667497871152308,0.000637977623561496,0.000611469606689415,0.000587570556654292,0.000565985486298554,0.000546510245840716,0.000529029819198618,0.000513526749955661,0.000500098819840903,0.000488988951645603,0.000480632769356966,0.00047573000535955,0.000475344838334263,0.00048103718795781,0.000495021902692662,0.000520345594268463,0.000561061677801959,0.000622373412335208,0.000710703474549027,0.000833638765532604,0.000999693600445553,0.00121783674630311,0.00149674171506081,0.00184374830821636,0.0022635677244204,0.00275682145063709,0.00331856931142156,0.00393704356032311,0.00459284909494469,0.00525889843822416,0.00590130953524259,0.00648139633962664,0.0069587288882481,0.00729504717166289,0.00745861205483814,0.00742840841567175,0.0071975259837982,0.00677507054717678,0.00618612166549776,0.00546954301427902,0.00467382452827965,0.00385151867837755,0.0030531380390399,0.00232152562793303,0.00168764203917685,0.00116843354103664,0.000767010475685357,0.000474880690633173,0.000275573863596159,0.00014876741162351,7.40377015534422e-05,3.35924739300659e-05,1.37046494815076e-05,4.94013136605835e-06,1.53840591559993e-06,4.0176006574104e-07,8.4516050024585e-08,1.35348100014973e-08,1.51897086194119e-09,1.05066067821222e-10,3.61188975658871e-12,4.12222666103757e-14,6.312586250756e-17,7.21034507419365e-22,0
0,0.000141269729305261,0.00265302270382343,0.0116394312310263,0.0280757323715375,0.0486992043528245,0.0684615175815654,0.0831431043476086,0.0906215455438487,0.0908632179964335,0.0852462944710876,0.0757592054861849,0.064375174957424,0.05269163079429,0.0418012190058585,0.0323163064160364,0.0244701477589914,0.0182385394951449,0.0134492704405807,0.00986541074883099,0.00724052128363688,0.00535007191939633,0.00400550414616881,0.00305717659040866,0.00239117580619317,0.00192346506376591,0.00159350189384191,0.00135844228649107,0.00118837727089368,0.00106265693431081,0.000967167444133781,0.000892363592715231,0.000831864877853087,0.000781457933351976,0.000738388939398313,0.000700864859929959,0.000667707981921223,0.000638124659015437,0.000611558812185686,0.000587606489098495,0.000565972015942027,0.000546450460528325,0.000528925794656407,0.000513379118462996,0.000499906032421669,0.000488746082820988,0.000480329658527333,0.000475348469378931,0.000474854635814859,0.00048039038389744,0.000494145295546847,0.000519130955602217,0.000559353748530135,0.000619955927051167,0.000707283961747169,0.000828833487956169,0.000993014711708572,0.00120868445699593,0.00148440484419932,0.00182741686268446,0.00224236089850164,0.00272983348627332,0.00328493389347141,0.00389601485319497,0.00454389434937533,0.00520179370741058,0.00583622702792468,0.00640897001797176,0.00688008480294254,0.00721178725634574,0.0073727448622416,0.00734222724669309,0.00711344314321534,0.00669542465345442,0.00611298135642209,0.00540453339985531,0.00461800121075139,0.00380530782362819,0.0030163506789382,0.00229344198904181,0.00166714982053372,0.00115419537946525,0.000757632376495049,0.000469055735107412,0.000272183242740839,0.000146931602940928,7.31214759133828e-05,3.31756250426478e-05,1.35341376724025e-05,4.87850834177873e-06,1.51916760142566e-06,3.96723508395722e-07,8.34539558816543e-08,1.33643092415933e-08,1.49978959974628e-09,1.03736040927291e-10,3.56605028996153e-12,4.06976810663992e-14,6.23200616885252e-17,7.11742118212503e-22,0
0,0.000141468391708139,0.00265685078237532,0.0116563485504224,0.0281167644208375,0.0487706900245804,0.0685623467562084,0.0832658315841762,0.0907554644736272,0.0909974945458331,0.0853721222631803,0.0758707607713333,0.0644696163421129,0.0527685388898496,0.0418618301254074,0.0323627789432627,0.0245049822487914,0.0182641859640105,0.0134679046310041,0.00987883880191846,0.00725016902288344,0.00535702166399333,0.00401055214600698,0.00306089402807564,0.00239396413357404,0.00192560183385573,0.00159517649904785,0.00135978266852039,0.00118946928167389,0.00106355805641849,0.00096791634090698,0.000892986645519408,0.000832380578394232,0.000781879767592711,0.000738727227487985,0.000701127890704774,0.000667902686328169,0.000638256993326012,0.000611633962765449,0.000587628962624084,0.000565945640242402,0.000546378289115781,0.000528809878826333,0.00051322008007904,0.000499702333810297,0.000488492844685904,0.000480016822471571,0.000474958042818499,0.000474356703699848,0.000479737540152831,0.000493265160625839,0.000517916533662868,0.000557651569470598,0.00061755224234574,0.000703889733670467,0.000824069520712363,0.000986398976048849,0.00119962436781394,0.00147219782547106,0.00181126279675635,0.00222138980819683,0.00270315085741945,0.00325168429986493,0.00385546200917059,0.00449551257676636,0.00514536245681104,0.00577191712150677,0.00633740838766713,0.00680238438687506,0.0071295309216791,0.00728791692645394,0.00725709305317516,0.00703038532657471,0.00661675281979843,0.00604073823466726,0.00534032348743355,0.00456286641937963,0.00375966836972684,0.0029800192843715,0.00226570722787428,0.00164691272509123,0.00114013484723325,0.000748371507003737,0.000463303732530766,0.000268835164586407,0.000145118869145193,7.22167862413742e-05,3.27640332407103e-05,1.33657797018024e-05,4.81766492063392e-06,1.50017304096223e-06,3.91750859117918e-07,8.2405357864282e-08,1.31959781133985e-08,1.4808527613555e-09,1.02422985964227e-10,3.520796584174e-12,4.01798086999484e-14,6.15245907696893e-17,7.02573433842122e-22,0
0,0.000141665200803178,0.00266063907334488,0.0116730872645235,0.0281573582176755,0.0488414035736574,0.0686620743159363,0.0833872017844547,0.0908878836738129,0.0911302467813988,0.0854965006180421,0.0759810105857116,0.0645629334828606,0.0528445143197943,0.041921691220194,0.0324086635742728,0.0245393652660476,0.0182894910335367,0.0134862832844387,0.00989207648508452,0.00725967477307951,0.00536386472039028,0.00401551888214748,0.00306454835247789,0.00239670224476461,0.0019276975487077,0.00159681658461329,0.00136109323904263,0.00119053492650899,0.00106443539078611,0.00096864343422402,0.00089358947212904,0.000832877348938158,0.000782283770527426,0.000739048640057106,0.00070137489419012,0.00066808212713003,0.000638374758600835,0.00061169518078432,0.000587638090626979,0.000565906464320095,0.000546293829007116,0.000528682161797991,0.000513049717769655,0.000499487799739178,0.000488229305185092,0.000479694320122302,0.000474558773361983,0.000473851074675971,0.000479078668453532,0.000492381479583619,0.000516702266527478,0.000555955015724988,0.000615162143274745,0.000700520448638817,0.000819346347119314,0.000979845640233063,0.00119065541302904,0.00146011919023494,0.00179528413540497,0.00220065185893737,0.00267677023279189,0.00321881634949325,0.00381537989856616,0.00444769762637668,0.00508959748087418,0.00570837157216363,0.00626670224236358,0.00672561761064451,0.00704826751697214,0.00720411723124015,0.00717299474783786,0.00694834168768436,0.00653904474598247,0.00596938281792979,0.0052769048286726,0.00450841288287373,0.00371459428401625,0.00294413904251539,0.002238317662629,0.0016269280608739,0.00112625007029031,0.000739226630529824,0.000457623913379062,0.000265529180422052,0.000143328966879448,7.13235108855694e-05,3.23576430915395e-05,1.31995528614372e-05,4.75759288426583e-06,1.48141966504987e-06,3.86841444453055e-07,8.13701137872209e-08,1.30297937662543e-08,1.46215777346966e-09,1.01126724337574e-10,3.47612247912684e-12,3.96685789662061e-14,6.07393411394202e-17,6.93526750095306e-22,0
0,0.000141860158405489,0.00266438793145794,0.0116896490654788,0.0281975180244575,0.0489113526661437,0.0687607114032412,0.0835072289134537,0.0910188188297897,0.0912614908903786,0.0856194451502178,0.0760899691842274,0.064655138812617,0.0529195675219398,0.0419808107776914,0.0324539670304308,0.0245733020209303,0.0183144586767388,0.0135044093964013,0.00990512604342953,0.007269040216473,0.00537060235632971,0.00402040532123108,0.00306814031352827,0.00239939073438111,0.00192975269160337,0.00159842255351597,0.00136237434239638,0.0011915745060945,0.00106528920478229,0.000969348965204362,0.00089417229228515,0.000833355391241237,0.000782670128353893,0.000739353349550498,0.000701606030492052,0.000668246453260315,0.000638478093602509,0.000611742595713808,0.000587633994061759,0.000565854601279908,0.000546197186002467,0.000528542742459863,0.000512868123700437,0.000499262515548321,0.000487955542296736,0.000479362220902339,0.000474150719686295,0.0004733377929904,0.00047841379274213,0.000491494247049639,0.000515488106148626,0.000554263977338616,0.00061278543110586,0.000697175782683211,0.000814663469963388,0.000973353972529476,0.00118177655072886,0.00144816749624588,0.00177947893280625,0.00218014448832293,0.00265068831629931,0.00318632589939217,0.00377576343256755,0.00440044339065922,0.00503449161898991,0.00564558218201728,0.00619684242179062,0.00664977449010074,0.0069679864349762,0.00712133480106649,0.00708992128055063,0.00686730141332385,0.00646229016017846,0.00589890564759027,0.00521426899431089,0.00445463334474846,0.00367007954487053,0.0029087051484085,0.0022112696168427,0.00160719313933981,0.00111253917666483,0.000730196511566613,0.000452015508741307,0.000262264841828027,0.000141561652909648,7.04415282383944e-05,3.19563991749288e-05,1.30354344450557e-05,4.69828401392849e-06,1.46290490405688e-06,3.81994590729847e-07,8.03480813994028e-08,1.28657333355874e-08,1.44370206082784e-09,9.98470772873731e-11,3.43202180790179e-12,3.91639212282558e-14,5.9964204037929e-17,6.84600405048752e-22,0
0,0.000142053267681213,0.00266809771167193,0.0117060356398151,0.0282372480856262,0.0489805449319299,0.0688582691032155,0.0836259268586025,0.0911482855337532,0.0913912429579294,0.0857409713704349,0.0761976507225413,0.0647462446742893,0.0529937088559991,0.0420391972202261,0.0324986959805981,0.024606797682567,0.0183390928354129,0.0135222859392453,0.00991798970526447,0.00727826702342424,0.00537723583135516,0.00402521242443582,0.00307167065769533,0.002402030195092,0.00193176774500626,0.00159999480879618,0.00136362632370045,0.00119258832252145,0.00106611976772565,0.000970033177437649,0.000894735328700854,0.000833814910523792,0.000783039031218621,0.000739641532839047,0.000701821464610372,0.000668395819001441,0.000638567142882561,0.000611776343237425,0.000587616800500665,0.000565790171233657,0.000546088473284915,0.00052839172745058,0.000512675398152135,0.000499026575064032,0.00048767164287282,0.000479020603524432,0.000473733950217712,0.000472816913159911,0.000477742947832753,0.00049060346923321,0.000514274016902127,0.000552578357790848,0.00061042192175409,0.000693855427933493,0.000810020409853102,0.000966923261050686,0.00117298676118198,0.00143634132608887,0.00176384527090239,0.0021598651648884,0.00262490184609994,0.00315420884418571,0.00373660756315909,0.00435374380577009,0.00498003775666005,0.0055835408010267,0.00612781981438956,0.00657484508970351,0.00688867711590589,0.00703955870567399,0.00700786164330697,0.00678725372843731,0.00638647882416962,0.0058292972937492,0.00515240757884726,0.00440152056750766,0.00362611814528616,0.00287371280790707,0.00218455942171529,0.00158770527712545,0.0010990002977086,0.0007212799166225,0.000446477750853842,0.000259041700993518,0.000139816684300338,6.95707168260735e-05,3.15602461247173e-05,1.2873401765744e-05,4.63973009686491e-06,1.44462618990744e-06,3.77209624601001e-07,7.93391185000766e-08,1.27037739619049e-08,1.42548304838568e-09,9.85838660422742e-11,3.38848840218825e-12,3.86657648206247e-14,5.91990706555017e-17,6.75792775615802e-22,0
0,0.00014224453302144,0.00267176876905498,0.0117222486683673,0.0282765526275538,0.049048987964401,0.0689547584429173,0.0837433094287584,0.0912762992834196,0.0915195189656341,0.0858610946840433,0.0763040692555283,0.0648362633192903,0.0530669486022575,0.0420968589037906,0.0325428570400792,0.0246398573781109,0.0183633974193089,0.0135399158614214,0.00993066968144333,0.00728735685179539,0.00538376639624489,0.00402994114694371,0.00307514012749312,0.0024046212171221,0.0019337431900724,0.00160153375306662,0.00136484952835632,0.00119357667876576,0.00106692735035565,0.00097069631643166,0.000895278806482557,0.000834256114861477,0.0007833906725761,0.000739913370545244,0.000702021365729551,0.000668530383240737,0.000638642056002676,0.000611796564437636,0.000587586643286936,0.000565713300420579,0.000545967810508494,0.000528229230214743,0.000512471648544056,0.000498780079589103,0.000487377701594673,0.000478669554910096,0.000473308542011319,0.000472288498807811,0.000477066178202114,0.000489709162665508,0.000513059974277618,0.000550898072633508,0.000608071444370067,0.000690559091162888,0.000805416703732218,0.000960552812255583,0.00116428504535893,0.00142463928576081,0.00174838125809896,0.00213981138698325,0.00259940759374191,0.00312246111557417,0.00369790728304937,0.00430759285201832,0.00492622882654617,0.00552223932868651,0.00605962535968528,0.00650081952555259,0.00681032905107058,0.00695877806421212,0.00692680487472344,0.00670818790083288,0.0063116005380704,0.00576054835978852,0.00509131220478278,0.00434906733643679,0.00358270409613812,0.0028391572403649,0.00215818341821945,0.00156846179762938,0.00108563156922655,0.000712475614983841,0.000441009873585409,0.000255859311005353,0.00013809381857433,6.87109553899704e-05,3.11691286665351e-05,1.27134321716644e-05,4.58192293210328e-06,1.426580957925e-06,3.72485873534776e-07,7.83430830443994e-08,1.25438928080649e-08,1.40749816329615e-09,9.7336911959672e-11,3.34551609721802e-12,3.81740391070704e-14,5.84438322218793e-17,6.67102274502995e-22,0
0,0.000142433959928158,0.00267540145866902,0.0117382898261868,0.0283154358583794,0.0491166893200619,0.0690501903906893,0.0838593903532111,0.091402875480784,0.091646334790118,0.0859798303895961,0.076409238735904,0.0649252069062644,0.0531392969604212,0.0421538041170205,0.0325864567697199,0.0246724861919436,0.0183873763054234,0.0135573020868432,0.00994316816478731,0.00729631134642084,0.00539019529251784,0.00403459243747312,0.00307854946103186,0.00240716438781424,0.0019356795062163,0.00160303978807649,0.00136604430160482,0.00119453987823226,0.00106771222435963,0.000971338629118142,0.000895802952611279,0.000834679214639383,0.000783725248613646,0.000740169046437377,0.000702205906581484,0.000668650308801494,0.000638702986834197,0.000611803405064274,0.00058754366077275,0.000565624120415436,0.000545835322976938,0.00052805537015254,0.000512256988554338,0.000498523136993044,0.000487073820031874,0.000478309169215305,0.000472874579741077,0.000471752621615506,0.00047638353689953,0.000488811353065095,0.000511845963697356,0.000549223048262187,0.000605733840065596,0.000687286492473329,0.000800851903535826,0.000954241949594335,0.00115567042359322,0.00141306000338509,0.00173308502808213,0.00211998068175221,0.00257420236337826,0.0030910786818622,0.00365965762559413,0.00426198455426195,0.00487305780940651,0.00546166971555302,0.00599225005042259,0.00642768796812125,0.00673293178615402,0.00687898204897528,0.00684674006410964,0.00663009324543657,0.00623764514460112,0.00569264948650479,0.0050309745264657,0.00429726646304204,0.00353983142913381,0.00280503368106527,0.00213213795901534,0.00154946003244994,0.00107243113250279,0.000703782379407858,0.000435611112877835,0.000252717226110346,0.000136392813857828,6.78621229605236e-05,3.07829916521174e-05,1.25555030603664e-05,4.52485433572752e-06,1.4087666485087e-06,3.67822666262062e-07,7.73598332394799e-08,1.2386067074988e-08,1.38974483671145e-09,9.61060366531971e-11,3.30309873625494e-12,3.76886735331581e-14,5.76983800876181e-17,6.58527347525052e-22,0
0,0.000142621554910933,0.00267899613545672,0.0117541607824262,0.0283539019677997,0.0491836565181085,0.0691445758554391,0.0839741832806864,0.0915280294309247,0.0917717062017571,0.0860971936775564,0.0765131730130007,0.0650130874999715,0.0532107640486243,0.0422100410803212,0.0326295016751409,0.0247046891650007,0.0184110333373981,0.0135744475143455,0.00995548732959068,0.00730513213864989,0.00539652375200436,0.00403916723787009,0.00308189939162326,0.00240966029124245,0.0019375771707265,0.00160451331432428,0.0013672109881313,0.00119547822434793,0.00106847466194991,0.000971960363410485,0.000896307995477868,0.00083508442206238,0.000784042957735069,0.000740408746885291,0.000702375262872661,0.00066875576184132,0.000638750092927832,0.000611797014876019,0.000587487995633063,0.000565522767415291,0.000545691140903869,0.000527870271853537,0.000512031537327191,0.00049825586089212,0.000486760105793931,0.000477939546952126,0.000472432154789194,0.000471209360377022,0.000475695084563758,0.000487910074314394,0.000510631979450213,0.000547553220806954,0.000603408960762501,0.000684037364107313,0.000796325574974959,0.000947990012281971,0.0011471419343681,0.00140160212804552,0.00171795473874402,0.00210037060420682,0.00254928299104909,0.0030600575475228,0.00362185366471628,0.00421691298225558,0.00482051773493263,0.00540182396461442,0.00592568493448947,0.00635544064472151,0.00665647492417597,0.00680015988878042,0.00676765635515,0.00655295912814309,0.00616460253295993,0.0056255913558548,0.00497138623357762,0.00424611078816966,0.00349749419949307,0.00277133738342812,0.00210641941018906,0.00153069732269094,0.00105939713523252,0.000695198986752225,0.000430280707146524,0.00024961500195376,0.000134713429012363,6.7024098924475e-05,3.04017800905106e-05,1.23995918918019e-05,4.46851614567164e-06,1.39118070865845e-06,3.63219333183153e-07,7.63892276317713e-08,1.22302740159535e-08,1.37222050542286e-09,9.48910621087478e-11,3.26123017468122e-12,3.72095976741158e-14,5.69626057981784e-17,6.500664712338e-22,0
0,0.000142807325393214,0.00268255315413205,0.0117698632002083,0.0283919551268192,0.0492498970399518,0.0692379256858904,0.0840877017783561,0.0916517763408563,0.0918956488634756,0.0862131996291244,0.0766158858316808,0.0650999170703156,0.0532813599025781,0.0422655779451288,0.0326719982060937,0.0247364712942044,0.0184343723250151,0.0135913550172275,0.00996762933120017,0.0073138208459543,0.00540275299647498,0.00404366648275233,0.00308519064743452,0.00241210950787132,0.00193943665842564,0.00160595473071416,0.00136834993171436,0.00119639202019909,0.00106921493548611,0.000972561767807945,0.000896794164466566,0.000835471950715928,0.000784344000097133,0.000740632660371423,0.000702529612769161,0.000668846911310932,0.000638783534946402,0.000611777547047515,0.000587419794247624,0.000565409381596974,0.000545535398746137,0.000527674064406099,0.000511795418758243,0.000497978369910073,0.000486436671765334,0.000477560794196564,0.000471981364424761,0.000470658800146043,0.000475000888535867,0.00048700536753588,0.000509418023729221,0.000545888535130418,0.000601096668152376,0.000680811449373585,0.000791837296436833,0.000941796354187677,0.00113869863321685,0.00139026432872785,0.00170298857120541,0.00208097873637888,0.00252464634402402,0.00302939375279351,0.00358449051482327,0.00417237225095386,0.0047686016824954,0.00534269413251991,0.00585992111664782,0.006284067841727,0.00658094812816637,0.00672230087201999,0.00668954294923458,0.006476774969302,0.00609246264233023,0.0055593646943505,0.00491253905429453,0.00419559318483573,0.00345568648838051,0.00273806362101391,0.00208102415283136,0.00151217102014778,0.00104652773236891,0.000686724218547257,0.000425017897644526,0.00024655219579612,0.000133055423754771,6.61967630860172e-05,3.002543917646e-05,1.22456762001681e-05,4.41290022608241e-06,1.37382059336286e-06,3.58675206737972e-07,7.54311251866205e-08,1.2076490949614e-08,1.35492261335362e-09,9.36918107901289e-11,3.2199042837178e-12,3.67367412784072e-14,5.6236401161414e-17,6.41718150822319e-22,0
0,0.000142991279627251,0.00268607286907427,0.0117853987364781,0.0284295994874662,0.0493154183287054,0.0693302506698131,0.0841999593308573,0.0917741313184309,0.0920181783296243,0.0863278632151724,0.0767173908313753,0.0651857074915045,0.0533510944748488,0.0423204227932906,0.0327139527559257,0.0247678375319946,0.0184573970437771,0.0136080274428697,0.00997959630565973,0.00732237907159363,0.00540888423732091,0.00404809109920046,0.00308842395118623,0.0024145126142567,0.00194125844137035,0.00160736443425159,0.00136946147491364,0.00119728156820815,0.00106993331713781,0.000973143091041631,0.000897261689581998,0.000835842015172198,0.000784628577193412,0.000740840977051447,0.000702669136433588,0.00066892392846723,0.000638803476154222,0.000611745157635444,0.000587339206144244,0.000565284106538058,0.000545368234602913,0.000527466880774784,0.000511548760850128,0.000497690787011397,0.000486103635415575,0.000477173021873925,0.000471522311062644,0.000470101031466159,0.000474301022058466,0.000486097280257982,0.000508204105762277,0.000544228943922387,0.000598796832756125,0.000677608501675253,0.000787386657989198,0.000935660342828285,0.00113033959172487,0.00137904529335801,0.00168818472892611,0.00206180268654774,0.00250028932019913,0.00299908337330165,0.00354756333072187,0.00412835652077511,0.0047173027818089,0.00528427233068128,0.00579494976008996,0.00621355990657626,0.00650634112357902,0.00664539434942071,0.00661238910847194,0.00640153024687358,0.00602121546505784,0.00549396027613598,0.00485442475815353,0.00414570656079345,0.00341440240511304,0.00270520768934294,0.00205594858447147,0.00149387848838499,0.00103382108689268,0.000678356861516033,0.000419821928793541,0.000243528366710387,0.000131418558766329,6.53799957224227e-05,2.965391431624e-05,1.20937336046834e-05,4.35799847128999e-06,1.35668376686266e-06,3.54189621743107e-07,7.44853853606927e-08,1.19246952718462e-08,1.33784861291839e-09,9.25081057352522e-11,3.17911495381268e-12,3.62700343074163e-14,5.55196583090647e-17,6.33480918270508e-22,0
0,0.000143173426616736,0.00268955563422513,0.0118007690418437,0.0284668391824824,0.0493802277886422,0.069421561533239,0.0843109693393268,0.091895109371286,0.0921393100449394,0.0864411992952817,0.0768177015452371,0.065270470541328,0.0534199776342505,0.0423745836365546,0.0327553716611437,0.0247987927859467,0.0184801112345637,0.0136244676124177,0.00999139036941405,0.00733080840433258,0.0054149186752811,0.0040524420064915,0.00309160001988946,0.0024168701827835,0.00194304298858698,0.001608742819774,0.00137054595879266,0.00119814716984583,0.0010706300785836,0.000973704581758014,0.000897710801115157,0.000836194830636916,0.000784896891480758,0.000741033888359544,0.000702794015608695,0.000668986986435175,0.000638810081957411,0.000611700005097629,0.00058724638349717,0.000565147088694972,0.000545189789673928,0.000527248857238902,0.000511291695131265,0.000497393238899882,0.000485761118176616,0.000476776345113952,0.000471055101594618,0.00046953614967601,0.000473595563552677,0.000485185865661738,0.000506990241026723,0.000542574406881508,0.000596509333073382,0.000674428283630188,0.000782973260478461,0.000929581358455667,0.00112206389662389,0.00136794372792768,0.00167354143689441,0.00204284008853411,0.00247620884754283,0.00296912251971557,0.00351106730753051,0.00408485999782864,0.00466661421351981,0.00522655072625878,0.00573076208783709,0.00614390724957711,0.00643264370046931,0.00656942973653598,0.00653618415841357,0.00632721449928507,0.00595085104952868,0.00542936892577609,0.00479703515865211,0.00409644386086222,0.00337363608916342,0.00267276490754725,0.00203118912037946,0.0014758171037153,0.00102127537051148,0.000670095708047223,0.000414692048484911,0.000240543075761288,0.000129802595792028,6.45736776346576e-05,2.92871511511591e-05,1.19437418193963e-05,4.30380280942239e-06,1.33976770380087e-06,3.49761915698696e-07,7.3551868167923e-08,1.17748644665419e-08,1.32099596626133e-09,9.13397706437607e-11,3.13885609772714e-12,3.58094069715975e-14,5.48122697527951e-17,6.25353330702621e-22,0
0,0.000143353776046393,0.00269300180298932,0.011815975760406,0.028503678324988,0.0494443327846291,0.0695118689396691,0.0844207451204524,0.0920147254058409,0.0922590593435737,0.0865532226168737,0.0769168313993982,0.0653542179005438,0.0534880191653437,0.0424280684161557,0.0327962612010648,0.024829341918467,0.0185025186033568,0.0136406783205264,0.0100030136190643,0.00733911041820448,0.00542085750021066,0.00405672011587013,0.00309471956461787,0.00241918278143677,0.00194479076583934,0.00161009027971301,0.00137160372267312,0.00119898912537527,0.00107130549074273,0.000974246488236152,0.000898141729344449,0.000836530612632798,0.000785149146044066,0.000741211586653784,0.000702904433243,0.000669036259813579,0.000638803519490016,0.000611642249859853,0.000587141480675035,0.000564998476932548,0.000545000207770959,0.000527020132886126,0.000511024356131515,0.000497085855475932,0.000485409244881098,0.000476370882668772,0.000470579846785541,0.000468964254281869,0.000472884595965121,0.000484271181900188,0.000505776450539486,0.000540924889975276,0.000594234054812926,0.000671270566274602,0.000778596714712388,0.00092355879322879,0.00111387064896909,0.00135695835569861,0.00165905694088785,0.00202408860105383,0.00245240188358596,0.00293950733741932,0.00347499768058921,0.00404187693410917,0.00461652920972923,0.00516952154304203,0.00566734938399447,0.00607510034553057,0.00635984571545782,0.00649439651599625,0.0064609174905168,0.00625381732801496,0.00588135950277446,0.00536558152078328,0.00474036211560486,0.0040477980690403,0.00333338171197857,0.00264073061987037,0.00200674219474904,0.00145798425608913,0.00100888876429553,0.000661939556624925,0.000409627508353306,0.000237595886168419,0.00012820729773089,6.37776901934358e-05,2.89250955789521e-05,1.17956786621136e-05,4.25030520569584e-06,1.32306989027004e-06,3.45391429067865e-07,7.26304342395778e-08,1.16269761154381e-08,1.30436214638388e-09,9.01866299568459e-11,3.09912165334736e-12,3.53547897634096e-14,5.41141284352692e-17,6.17333968931e-22,0
0,0.000143532338217809,0.00269641172813795,0.0118310205295807,0.0285401210081305,0.0495077406415433,0.0696011834892782,0.0845292999055461,0.0921329942263396,0.0923774414481998,0.0866639478144268,0.0770147937123242,0.0654369611523612,0.0535552287680272,0.0424808850024902,0.0328366275975467,0.0248594897465586,0.0185246228210265,0.013656662335157,0.0100144681311709,0.0073472866723163,0.00542670189088658,0.00406092633035394,0.00309778329031144,0.00242145097360255,0.00194650223542531,0.00161140720388497,0.00137263510391751,0.00119980773362474,0.00107195982353614,0.00097476905813524,0.000898554704268276,0.000836849576715934,0.000785385544295514,0.000741374264897604,0.000703000573154211,0.000669071924320415,0.000638783957241401,0.000611572053925647,0.000587024653833479,0.000564838422099874,0.000544799634877283,0.000526780849155706,0.000510746880909112,0.000496768769346841,0.000485048143255278,0.000475956756387456,0.000470096660728162,0.000468385448391022,0.000472168206178018,0.000483353291483347,0.000504562760215347,0.000539280364770714,0.000591970890196142,0.000668135128341649,0.000774256640719075,0.000917592050462191,0.00110575896339109,0.001346087916478,0.00164472950679837,0.00200554590712586,0.00242886541495176,0.0029102340062084,0.00343934972536717,0.0039994016276611,0.00456704105445304,0.00511317706223562,0.00560470299487649,0.00600712973519078,0.00628793709349934,0.00642028423953968,0.0063865785643698,0.00618132839993013,0.0058127309928311,0.00530258899390626,0.00468439753727943,0.00399976221042075,0.00329363347862929,0.00260910019702858,0.00198260426177165,0.00144037734990261,0.000996659459255264,0.000653887212219364,0.000404627564025567,0.000234686363454574,0.000126632428718118,6.29919153811194e-05,2.85676937732459e-05,1.16495220625252e-05,4.19749766541013e-06,1.30658782476568e-06,3.41077505531173e-07,7.17209448789508e-08,1.14810079070682e-08,1.287944638172e-09,8.90485089299576e-11,3.05990558624569e-12,3.49061134873209e-14,5.34251277766988e-17,6.09421436163519e-22,0
0,0.000143709123990881,0.00269978576171505,0.0118459049799135,0.0285761713047177,0.0495704586436778,0.0696895157181208,0.084636646839639,0.0922499305339409,0.0924944714691792,0.0867733894087755,0.0771116016942549,0.0655187117820138,0.0536216160572158,0.0425330411948675,0.0328764770147881,0.0248892410416488,0.0185464275231717,0.0136724223974219,0.0100257559620975,0.00735533871069059,0.00543245301484655,0.00406506154456892,0.00310079189560832,0.00242367531789549,0.0019481778559992,0.00161269397930686,0.00137364043773712,0.00120060329178614,0.00107259334567381,0.000975272538269431,0.000898949955365989,0.000837151938221795,0.000785606289704835,0.000741522116373816,0.00070308261972669,0.000669094156473739,0.000638751564720793,0.000611489580524802,0.000586896060548002,0.000564667076647914,0.000544588218750352,0.0005265311494264,0.000510459408623783,0.000496442115384812,0.000484677943461316,0.000475534090741633,0.000469605660350787,0.000467799838199967,0.000471446484476208,0.000482432260722324,0.00050334920028666,0.000537640807828813,0.000589719737326409,0.000665021755607753,0.00076995266707481,0.000911680543943446,0.00109772796741554,0.00133533116595807,0.00163055742001562,0.00198720971352917,0.00240559645692168,0.00288129874000443,0.0034041187573681,0.0039574284227154,0.00451814308402643,0.00505750962315791,0.00554281433001334,0.00593998602657593,0.00621690782947507,0.00634708252984291,0.00631315690970042,0.00610973744939817,0.0057449557508723,0.00524038233520204,0.00462913338233157,0.00395232935292812,0.00325438562930647,0.00257786903744622,0.00195877179661148,0.00142299380473138,0.000984585656865963,0.000645937486641941,0.000399691475346897,0.000231814075580617,0.00012507775419981,6.22162358298347e-05,2.82148922012711e-05,1.15052500695997e-05,4.14537223667477e-06,1.29031901905416e-06,3.3681949221828e-07,7.08232621111664e-08,1.13369376449147e-08,1.27174093933171e-09,8.79252336990294e-11,3.02120189201381e-12,3.44633092871429e-14,5.27451617172644e-17,6.01614356855e-22,0
0,0.000143884144730334,0.00270312425494698,0.0118606307348908,0.0286118332668421,0.0496324940341395,0.0697768760973443,0.0847427989806041,0.0923655489258549,0.0926101644037952,0.0868815618064839,0.0772072684467277,0.0655994811764126,0.0536871905625944,0.0425845447213337,0.0329158155591923,0.0249186005294727,0.0185679363100095,0.0136879612214715,0.0100368791478932,0.00736326806214045,0.00543811202825746,0.00406912664461205,0.00310374607270188,0.00242585636801043,0.00194981808241741,0.00161395099003512,0.00137462005702285,0.00120137609523664,0.00107320632446594,0.000975757174407221,0.000899327711384397,0.000837437912037954,0.000785811585557542,0.000741655334427897,0.000703150757639609,0.000669103133304705,0.000638706512155356,0.00061139499379679,0.00058675585948313,0.000564484594284765,0.000544366108563482,0.000526271178644736,0.000510162080151577,0.00049610603032805,0.000484298777684089,0.000475103012397153,0.000469106964972655,0.000467207532532085,0.000470719524065547,0.000481508159226822,0.000502135804778561,0.000536006200156545,0.000587480499618013,0.000661930240300113,0.000765684430294154,0.000905823697312986,0.00108977680084387,0.00132468687511374,0.00161653898486289,0.00196907775030382,0.00238259205303383,0.00285269778658683,0.00336930013203336,0.00391595170980144,0.00446982868745728,0.00500251162386103,0.00548167486304991,0.00587365989614338,0.00614674798962374,0.00627478108216989,0.00624064212818794,0.00603903428019486,0.00567802407313815,0.00517895259391058,0.00457456166155716,0.00390549260889196,0.00321563244067745,0.00254703256837597,0.00193524129629015,0.00140583105599663,0.000972665569544309,0.00063808919886775,0.000394818506586402,0.000228978593068064,0.000123543041000888,6.14505348561336e-05,2.7866637639972e-05,1.13628408583108e-05,4.09392101288969e-06,1.27426099896263e-06,3.326167399188e-07,6.99372487285187e-08,1.11947432548317e-08,1.25574856124094e-09,8.68166313407875e-11,2.98300459838757e-12,3.40263086709262e-14,5.20741247557666e-17,5.93911375685391e-22,0
0,0.000144057412256812,0.00270642755815473,0.0118751994107473,0.028647110925497,0.0496938540142439,0.069863275032411,0.0848477692983046,0.0924798638945246,0.0927245351355474,0.0869884792992905,0.0773018069621736,0.0656792806238734,0.053751961728442,0.0426354032385578,0.032954649279288,0.0249475728900062,0.0185891527463076,0.0137032814944201,0.0100478397042067,0.00737107624017398,0.0054436800758105,0.00407312250793826,0.00310664650722053,0.00242799467259549,0.00195142336560475,0.00161517861702487,0.00137557429219661,0.00120212643738114,0.00107379902565545,0.000976223211092929,0.00089968820014729,0.000837707712400853,0.00078600163473836,0.000741774112237697,0.000703205171622776,0.000669099032099538,0.000638648970218482,0.000611288458505692,0.000586604210094318,0.000564291129664915,0.00054413345458273,0.00052600108298969,0.000509855037737311,0.000495760652420754,0.0004839107797582,0.000474663649827347,0.000468600695902389,0.000466608642419995,0.000469987420637696,0.000480581059450875,0.000500922611034288,0.000534376526710889,0.000585253085278852,0.000658860380559476,0.000761451574276268,0.000900020943500283,0.00108190461518927,0.00131415382965268,0.00160267252408051,0.00195114777029198,0.00235984927471054,0.00282442742733973,0.00333488924464277,0.00387496592583578,0.00442209130673316,0.00494817552167861,0.00542127613254649,0.00580814208984115,0.00607744771282587,0.00620336966585465,0.00616902389509528,0.00596920876722484,0.00561192632267675,0.00511829088014929,0.00452067443947715,0.00385924513647119,0.00317736822711467,0.00251658624691426,0.00191200928048901,0.00138888655556945,0.000960897421080795,0.000630341175328395,0.000390007926623755,0.000226179489110453,0.000122028057386824,6.06946964924995e-05,2.75228771906525e-05,1.12222727357554e-05,4.04313613500142e-06,1.25841130509756e-06,3.28468603274153e-07,6.90627683317285e-08,1.10544027917994e-08,1.23996502972496e-09,8.57225299276513e-11,2.94530776718148e-12,3.35950435336289e-14,5.14119119848294e-17,5.86311156649534e-22,0
0,0.000144228938802103,0.00270969602066903,0.0118896126162715,0.0286820082901889,0.0497545457429116,0.0699487228623335,0.084951570673773,0.0925928898268542,0.0928375984335028,0.0870941560636169,0.0773952301235822,0.0657581213139102,0.0538159389135181,0.0426856243317755,0.0329929841656996,0.0249761627574435,0.0186100803613555,0.0137183858763037,0.0100586396262315,0.00737876474292498,0.00544915829063981,0.00407705000326895,0.00310949387812764,0.00243009077514439,0.00195299415243963,0.00161637723800768,0.0013765034710811,0.00120285460951349,0.00107437171326965,0.000976670891488104,0.000900031648385703,0.000837961552714262,0.000786176639537376,0.000741878642606977,0.000703246046237422,0.000669082030167625,0.000638579109785379,0.000611170139783557,0.000586441272359438,0.000564086838109178,0.000543890407875564,0.000525721009570249,0.000509538424681022,0.000495406121088225,0.000483514084831313,0.000474216132963861,0.000468086976075362,0.00046600328072827,0.000469250271976841,0.000479651036282153,0.000499709659285797,0.000532751775949872,0.000583037406841785,0.000655811979952923,0.000757253749802121,0.000894271724211042,0.00107411057316272,0.00130373082951295,0.00158895637835231,0.00193341754871509,0.00233736522091246,0.00279648397701266,0.00330088153021332,0.00383446555418982,0.00437492443708564,0.00489449383370793,0.00536160974268974,0.00574342342404645,0.00600899721175408,0.00613283812563281,0.00609829196073729,0.00590025085807179,0.00554665293091532,0.00505838836644312,0.00446746383576999,0.00381358014094249,0.00313958734180767,0.00248652556092083,0.00188907229227603,0.00137215777231855,0.000949279447031915,0.000622692250177648,0.000385259009118619,0.000223416339674446,0.000120532573119699,5.9948605515967e-05,2.71835582922851e-05,1.10835241467131e-05,3.99300979355413e-06,1.242767493498e-06,3.24374440952033e-07,6.81996853674679e-08,1.09158944460692e-08,1.22438788576182e-09,8.46427585776869e-11,2.9081054960491e-12,3.31694461777459e-14,5.07584191229502e-17,5.78812382245287e-22,0
0,0.000144398736968095,0.0027129299907483,0.0119038719526103,0.0287165293485486,0.0498145763360678,0.0700332298589262,0.0850542158984205,0.0927046410034809,0.0929493689517037,0.0871986061601404,0.0774875507042302,0.0658360143370902,0.0538791313910062,0.0427352155147832,0.0330308261511637,0.0250043747202139,0.0186307226489708,0.0137332770000697,0.0100692808886761,0.00738633505310715,0.00545454779426236,0.00408090999051998,0.00311228885763968,0.00243214521390612,0.00195453088565583,0.00161754722738578,0.00137740791878631,0.00120356090069459,0.00107492464948943,0.000977100457230878,0.000900358281586886,0.000838199645387307,0.000786336801476699,0.000741969117780451,0.00070327356567954,0.000669052304633209,0.00063849710171331,0.000611040202899466,0.000586267206536977,0.00056387187535236,0.000543637120048264,0.00052543110615269,0.000509212385055135,0.000495042576643742,0.000483108829060304,0.00047376059288145,0.000467565929726259,0.000465391561812658,0.000468508177604316,0.000478718166670679,0.00049849699226536,0.000531131939426146,0.00058083338073998,0.000652784847031884,0.000753090614077745,0.000888575489460544,0.00106639384820419,0.00129341668840357,0.00157538890587099,0.00191588488278372,0.00231513701781653,0.00276886378349343,0.00326727246339561,0.00379444512473812,0.00432832162721563,0.00484145913723174,0.00530266736392168,0.00567949478640096,0.0059413867739009,0.00606317638283444,0.0060284361517991,0.0058321505743928,0.0054821943990751,0.00499923628910421,0.00441492202656446,0.00376849087586407,0.00310228417776835,0.00245684602985055,0.00186642689876375,0.00135564219260637,0.000937809895075505,0.000615141265532252,0.000380571032664264,0.000220688723591549,0.000119056359509069,5.9212147474099e-05,2.68486287335928e-05,1.09465736786952e-05,3.9435342305526e-06,1.2273271362292e-06,3.20333615804935e-07,6.73478651624642e-08,1.07791965487497e-08,1.20901468612365e-09,8.35771475000295e-11,2.87139192008396e-12,3.2749449332073e-14,5.01135425436596e-17,5.71413752748324e-22,0
0,0.000144566819689134,0.00271612981549933,0.0119179790130744,0.0287506780659424,0.0498739528660498,0.0701168062260754,0.0851557176732787,0.0928151315980924,0.0930598612286282,0.0873018435334222,0.0775787813674673,0.0659129706849451,0.0539415483485084,0.0427841842299794,0.0330681811105857,0.0250322133210346,0.0186510830675346,0.0137479574715921,0.0100797654457584,0.00739378863798906,0.00545984969653664,0.00408470332074703,0.00311503211116059,0.00243415852180999,0.0019560340037595,0.00161868895614126,0.00137828795761086,0.00120424559764564,0.00107545809453384,0.0009775121483115,0.000900668323860145,0.000838422201690143,0.000786482321155637,0.000742045729278245,0.00070328791360358,0.000669010032248392,0.00063840311664409,0.000610898813051802,0.000586082172948396,0.000563646397316004,0.00054337374300929,0.000525131520914749,0.000508877063449427,0.000494670160024152,0.000482695149337116,0.000473297161513503,0.000467037682093456,0.000464773601212317,0.000467761238457531,0.000477782529293207,0.000497284654854224,0.000529517011419064,0.000578640926922093,0.000649778794931127,0.000748961830319193,0.000882931697148815,0.00105875362405501,0.00128321023338406,0.00156196848193871,0.00189854759133693,0.00229316181851545,0.00274156322759202,0.00323405755836805,0.00375489921388861,0.00428227647948295,0.00478906407008499,0.00524444073349358,0.00561634713655176,0.00587460676249453,0.00599437443645047,0.00595944637251738,0.00576489801316992,0.00541854129944355,0.00494082594947395,0.00436304124560487,0.00372397064412551,0.00306545316873852,0.00242754320550494,0.00184406969170408,0.00133933732073782,0.000926487025332314,0.000607687071689945,0.000375943280926728,0.000217996222641213,0.000117599189458073,5.84852087085412e-05,2.65180366640084e-05,1.08114000665255e-05,3.89470174115286e-06,1.21208782192135e-06,3.16345495014098e-07,6.65071739544708e-08,1.06442875768796e-08,1.19384300395935e-09,8.25255280361514e-11,2.83516121327427e-12,3.23349861687598e-14,4.94771793020308e-17,5.64113985563386e-22,0
0,0.000144733200197439,0.0027192958408006,0.0119319353829443,0.0287844583850865,0.0499326823610233,0.0701994620990293,0.0852560886082735,0.0929243756767869,0.0931690896867013,0.0874038820115908,0.077668934666557,0.0659890012499324,0.0540031988880867,0.0428325378484462,0.0331050548611324,0.0250596830569938,0.0186711650400559,0.0137624298697103,0.0100900952312212,0.00740112694938775,0.00546506509563816,0.00408843083610631,0.00311772429723059,0.0024361312264047,0.00195750394095948,0.00161980279175855,0.00137914390695679,0.00120490898465509,0.00107597230655892,0.000977906202962464,0.000900961997817899,0.00083862943162557,0.00078661339811258,0.000742108667747909,0.000703289272964546,0.000668955389225416,0.000638297324826743,0.000610746135181533,0.000585886331782336,0.000563410559903805,0.000543100428756166,0.000524822402224091,0.000508532604741123,0.000494289012551442,0.000482273183041477,0.000472825971395364,0.00046650235915221,0.000464149515371938,0.000467009556599937,0.000476844204249883,0.000496072693764849,0.00052790698860161,0.000576459968503535,0.000646793641004841,0.000744867067375275,0.000877339812673673,0.0010511890943672,0.00127311030447925,0.00154869349859968,0.0018814035145084,0.00227143680273662,0.00271457872283422,0.00320123236872881,0.0037158224445963,0.00423678265006291,0.00473730133097096,0.0051869216559511,0.00555397150680553,0.00580864761731181,0.00592642236408285,0.00589131260573591,0.00569848334783111,0.0053556842765156,0.00488314871503874,0.00431181378529904,0.00368001279889301,0.00302908879000779,0.00239861267271001,0.00182199728802517,0.00132324067936552,0.000915309110656607,0.000600328527326588,0.00037137504277068,0.000215338421626041,0.000116160837505174,5.77676763763537e-05,2.61917306036029e-05,1.06779821964917e-05,3.84650467519463e-06,1.19704715625803e-06,3.12409450220031e-07,6.56774789203583e-08,1.05111461580305e-08,1.17887042932322e-09,8.14877326973174e-11,2.79940758982348e-12,3.19259903187918e-14,4.88492271587548e-17,5.56911814642972e-22,0
0,0.000144897891991319,0.00272242841122847,0.0119457426392785,0.0288178742256658,0.0499907718044105,0.0702812075437111,0.0853553412215336,0.0930323871974765,0.0932770686318557,0.0875047353060767,0.0777580230445662,0.0660641168254443,0.0540640920263465,0.0428802836700689,0.0331414531623578,0.0250867883796627,0.0186909719542588,0.0137766967462902,0.0101002721583654,0.0074083514236788,0.00547019507804987,0.00409209336982917,0.00312036606748806,0.00243806384980968,0.00195894112710992,0.00162088909815897,0.00137997608325649,0.00120555134349796,0.00107646754156909,0.000978282857561804,0.000901239524470486,0.000838821543815045,0.000786730230702,0.000742158122832283,0.000703277825876732,0.000668888551086361,0.000638179895958361,0.000610582333804486,0.000585679842918583,0.000563164518817557,0.000542817329183617,0.00052450389843881,0.00050817915388776,0.000493899275717853,0.00048184306781795,0.00047234715543284,0.000465960087373938,0.000463519421390929,0.000466253234959124,0.000475903272790142,0.000494861157253549,0.000526301869738917,0.000574290431450425,0.000643829206496365,0.000740805999384544,0.000871799308578125,0.00104369946234667,0.0012631157543261,0.00153556236430157,0.00186445051341675,0.00224995917657856,0.00268790671526406,0.00316879248738545,0.00367720948636151,0.00419183384907257,0.00468616367973081,0.00513010200355608,0.0054923590027034,0.00574349985539707,0.00585931032278828,0.00582402491384588,0.00563289682925107,0.00529361404801473,0.00482619602042998,0.00426123199765883,0.00363661074445871,0.00299318555914923,0.00237005004992644,0.0018002063303151,0.00130734980985519,0.00090427443689832,0.000593064499674089,0.000366865612373096,0.000212714908439739,0.000114741079861891,5.70594384692997e-05,2.58696594520651e-05,1.05462991101008e-05,3.79893543858844e-06,1.18220276241854e-06,3.08524857640727e-07,6.48586482015619e-08,1.03797510744774e-08,1.16409456965409e-09,8.04635951985362e-11,2.76412530534746e-12,3.152239588603e-14,4.82295846019804e-17,5.49805989965541e-22,0
0,0.00014506090880592,0.00272552786998579,0.0119594023507248,0.0288509294839581,0.0500482281343322,0.0703620525560557,0.0854534879387329,0.0931391800093338,0.0933838122531392,0.0876044170113947,0.0778460588343027,0.0661383281058585,0.0541242366945581,0.0429274289236883,0.0331773817163564,0.0251135336952319,0.018710507162692,0.0137907606263025,0.0101102981201002,0.00741546348182106,0.00547524071856593,0.004095691746209,0.00312295806664295,0.00243995690867767,0.00196034598766363,0.00162194823564605,0.00138078479991044,0.00120617295336616,0.00107694405334008,0.000978642346548261,0.000901501123133369,0.00083899874539769,0.000786833015985101,0.000742194283051705,0.000703253753487506,0.000668809692528631,0.000638050999041459,0.000610407572860827,0.000585462865769953,0.000562908429391684,0.000542524595910989,0.00052417615772786,0.000507816855740675,0.000493501090992295,0.000481404941375023,0.000471860846693516,0.00046541099350913,0.000462883436797135,0.000465492377090384,0.000474959817065116,0.00049365009486071,0.000524701655415419,0.000572132244293193,0.000640885316238401,0.000736778305463343,0.000866309664228922,0.00103628394042684,0.00125322544784944,0.00152257350358319,0.00184768646987773,0.0022287261722632,0.0026615436832539,0.00313673354644229,0.00363905505521376,0.00414742384066899,0.00463564393757033,0.00507397371665024,0.00543150080352267,0.00567915407169423,0.00579302854982407,0.00575757343962007,0.00556812878664196,0.00523232140580369,0.00476995936831763,0.00421128829514187,0.00359375793700182,0.00295773803667934,0.00234185098979756,0.00177869348725657,0.00129166227261432,0.000893381303139052,0.000585893864680681,0.00036241428932571,0.000210125274128388,0.000113339694446832,5.63603838312546e-05,2.5551772496811e-05,1.04163300074724e-05,3.75198649456894e-06,1.16755228147758e-06,3.0469109817854e-07,6.40505509270955e-08,1.02500812669715e-08,1.14951305020887e-09,7.94529504892881e-11,2.72930865795842e-12,3.11241374599239e-14,4.76181508670944e-17,5.42795277066255e-22,0
0,0.000145222264586282,0.00272859455883333,0.0119729160773348,0.0288836280324669,0.0501050582430648,0.0704420070613722,0.0855505410924685,0.0932447678522799,0.0934893346223681,0.087702940604972,0.0779330542582948,0.0662116456866297,0.0541836417388131,0.042973980767284,0.0332128461679438,0.0251399233646699,0.0187297739828566,0.0138046240079181,0.0101201749890074,0.00742246452939438,0.00548020308030734,0.00409922678059904,0.00312550093246059,0.00244181091416724,0.00196171894363529,0.00162298056086057,0.00138157036723482,0.00120677409080888,0.00107740209335206,0.00097898490234718,0.000901747011345553,0.000839161241941067,0.000786921949632817,0.000742217335699197,0.000703217235864723,0.000668718987304696,0.000637910802256264,0.00061022201558012,0.000585235559140375,0.000562642446444619,0.000542222380127117,0.000523839327909557,0.000507445854877169,0.0004930945996461,0.000480958941304188,0.000471367178218744,0.000464855204391683,0.000462241679342778,0.000464727086963396,0.00047401391990406,0.000492439557175989,0.000523106347787979,0.000569985337867072,0.000637961798380917,0.000732783669422046,0.000860870365523383,0.00102894174997006,0.0012434382619641,0.00150972535678589,0.00183110928613623,0.00220773504790229,0.00263548613732141,0.00310505121708523,0.00360135391368226,0.0041035464431215,0.00458573498724708,0.00501852880396539,0.0053713881627113,0.00561560093959928,0.00572756736330392,0.00569194840694981,0.00550416962834261,0.0051717972166937,0.00471443033020583,0.00416197515140242,0.00355144788526856,0.00292274082664848,0.00231401117964012,0.00175745545401671,0.00127617564738708,0.000882628021903982,0.000578815507154943,0.000358020378727136,0.00020756911294557,0.000111956460916344,5.56704021738858e-05,2.52380194202897e-05,1.02880542503967e-05,3.70565036482507e-06,1.15309337276591e-06,3.00907557516637e-07,6.32530572343256e-08,1.01221158381461e-08,1.13512351445411e-09,7.84556347812857e-11,2.69495198924424e-12,3.07311501270027e-14,4.70148259546084e-17,5.35878456614105e-22,0
0,0.000145381973462504,0.00273162881802368,0.0119862853703815,0.0289159737195612,0.050161268976514,0.0705210809137321,0.0856465129216728,0.0933491643565135,0.0935936496938233,0.08780031944702,0.0780190214288116,0.0662840800644157,0.0542423159202128,0.0430199462881838,0.033247852104859,0.0251659617039017,0.0187487756973515,0.0138182893626185,0.0101299046174194,0.00742935595664885,0.00548508321474794,0.00410269927942008,0.00312799529575468,0.00244362637192419,0.00196306041157329,0.00162398642674428,0.00138233309241781,0.00120735502968195,0.00107784191073219,0.000979310755306074,0.000901977404798119,0.000839309237362563,0.00078699722583998,0.000742227466747389,0.000703168451896457,0.00066861660811478,0.000637759472846523,0.000610025824360501,0.000584998081097682,0.000562366724145442,0.000541910832451017,0.000523493556306464,0.000507066295449623,0.000492679942596269,0.000480505204917116,0.00047086628285439,0.000464292846762674,0.000461594266820571,0.000463957468769852,0.000473065664612592,0.000491229595626211,0.000521515950362573,0.000567849645076994,0.000635058484144143,0.000728821779506865,0.00085548090462187,0.00102167212099413,0.00123375308530087,0.00149701637978651,0.00181471688461621,0.00218698308727667,0.0026097306199526,0.00307374120946432,0.00356410087075382,0.00406019552885996,0.00453642977322108,0.004963759342884,0.00531201240826035,0.0055528312114392,0.00566291716277074,0.00562714012149182,0.00544100984251431,0.00511203242315998,0.00465960054713827,0.00411328510195843,0.00350967415117733,0.00288818857716703,0.00228652634188232,0.00173648895259529,0.00126088753351808,0.00087201291935157,0.000571828320894838,0.000353683191265464,0.000205046022401831,0.000110591160692012,5.49893840907357e-05,2.49283503065491e-05,1.01614513650843e-05,3.65991963051665e-06,1.13882371419479e-06,2.97173626205806e-07,6.24660382876776e-08,9.99583405558568e-09,1.12092362441881e-09,7.74714855734965e-11,2.66104968515163e-12,3.03433694812392e-14,4.64195106462963e-17,5.29054324029997e-22,0
0,0.000145540049726824,0.00273463098623773,0.0119995117721829,0.0289479703691264,0.0502168671337071,0.0705992838953862,0.0857414155710623,0.0934523830420808,0.0936967713039905,0.0878965667804465,0.0781039723479216,0.0663556416372384,0.0543002679150845,0.0430653325032981,0.0332824050579887,0.0251916529840041,0.0187675155540332,0.0138317591353185,0.0101394888375071,0.00743613913856424,0.00548988216174994,0.00410611004017667,0.00313044178038866,0.00244540378207092,0.00196437080353951,0.00162496618251144,0.00138307327948389,0.00120791604110531,0.00107826375220545,0.000979620133638933,0.000902192517271918,0.000839442933860392,0.000787059037249588,0.00074222486076607,0.000703107579201911,0.00066850272651125,0.000637597177017579,0.000609819160660647,0.00058475058885972,0.000562081415894363,0.000541590102806942,0.000523138989615136,0.000506678321049977,0.000492257260264634,0.000480043869099287,0.000470358293098586,0.00046372404711176,0.000460941316898126,0.000463183626750103,0.000472115134790701,0.000490020262283834,0.000519930467792374,0.000565725100684644,0.000632175207594391,0.000724892328164908,0.000850140779703583,0.00101447429192174,0.00122416881795404,0.00148444504374978,0.00179850720768673,0.00216646759962703,0.00258427370543003,0.00304279927257367,0.00352729078181905,0.00401736502450064,0.00448772130177151,0.00490965747965421,0.00525336494301915,0.00549083571888314,0.00559906842969286,0.00556313897123241,0.00537863999775037,0.00505301804397103,0.00460546173032033,0.00406521074478129,0.00346843035035486,0.00285407598087253,0.00225939223445312,0.00171579073213466,0.00124579555018742,0.000861534335442793,0.000564931208802916,0.000349402043292067,0.000202555603308907,0.000109243576985278,5.43172210698327e-05,2.46227156471191e-05,1.00365010446307e-05,3.61478693318614e-06,1.12474100254715e-06,2.93488699742402e-07,6.1689366295436e-08,9.8712153545823e-09,1.10691106101156e-09,7.65003416746415e-11,2.62759617678044e-12,2.99607316333761e-14,4.58321065197194e-17,5.22321689141011e-22,0
0,0.000145696507812461,0.00273760140052369,0.0120125968159285,0.0289796217802243,0.0502718594663032,0.0706766257162078,0.0858352610906216,0.0935544373184857,0.0937987131713391,0.0879916957308072,0.078187918907586,0.0664263407046744,0.0543575063152248,0.0431101463593766,0.0333165105016085,0.0252170014314168,0.0187859967661887,0.0138450357445003,0.0101489294613794,0.0074428154349184,0.00549460094960746,0.0041094598514812,0.00313284100328423,0.00244714363920299,0.00196565052709601,0.00162592017362743,0.00138379122926526,0.00120845739342783,0.0010786678620531,0.000979913263378418,0.000902392560583516,0.000839562531853286,0.000787107574886229,0.000742209700849369,0.000703034794052445,0.000668377512813634,0.000637424079845549,0.000609602184903354,0.000584493238692546,0.00056178667421576,0.000541260340312442,0.000522775773789345,0.000506282074588164,0.000491826692451424,0.000479575070178531,0.000469843340964927,0.00046314893153458,0.000460282946968975,0.000462405665037079,0.000471162414168731,0.000488811609694124,0.000518349905695263,0.00056361164111564,0.00062931180544058,0.000720995011830329,0.0008448494947435,0.00100734750935054,0.00121468437124871,0.00147200983489842,0.0017824782174427,0.00214618591945494,0.0025591119996658,0.00301222119412892,0.00349091854860734,0.00397504891085125,0.00443960264108214,0.00485621542956245,0.00519543724495744,0.00542960537329083,0.00553601172788948,0.00549993542697501,0.00531705074360607,0.00499474517473813,0.00455200566166434,0.0040177447408143,0.00342771015260865,0.00282039777534203,0.0022326046511266,0.00169535756919434,0.00123089733661921,0.000851190624091424,0.000558123082988751,0.000345176256887281,0.000200097459819124,0.000107913494819386,5.36538055049406e-05,2.43210663462623e-05,9.91318315121812e-06,3.57024497557346e-06,1.11084295373796e-06,2.89852178638064e-07,6.09229145247818e-08,9.74823934060448e-09,1.09308352430462e-09,7.55420432233588e-11,2.59458594109581e-12,2.95831732192914e-14,4.52525159612614e-17,5.15679375866606e-22,0
0,0.000145851362274054,0.00274054039623856,0.0120255420255126,0.0290109317267651,0.0503262526781241,0.0707531160131669,0.0859280614351226,0.0936553404843385,0.0938994888961427,0.0880857193062943,0.078270872889785,0.0664961874680751,0.0544140396281664,0.0431543947332837,0.0333501738536419,0.0252420112281675,0.01880422251272,0.013858121582358,0.0101582282811906,0.00744938619036363,0.00549924059509756,0.00411274949308472,0.00313519357443657,0.00244884643239194,0.00196689998529814,0.00162684874179359,0.0013844872393796,0.00120897935219861,0.00107905448207796,0.00098019036833518,0.00090257774453863,0.000839668229928047,0.000787143028097773,0.000742182168551656,0.000702950271301769,0.000668241136033255,0.000637240345196591,0.000609375056389639,0.000584226185819593,0.00056148265066262,0.000540921693178262,0.000522404053935551,0.000505877698183193,0.000491388378221933,0.000479098943807105,0.000469321557859691,0.000462567625604691,0.000459619274018672,0.000461623687515875,0.000470207586459679,0.000487603690719299,0.000516774270488991,0.000561509204285002,0.000626468116849589,0.00071712953072966,0.000839606559308559,0.00100029102784215,0.00120529866752581,0.00145970925429928,0.00176662789549879,0.00212613540633317,0.00253424214003832,0.002982002800442,0.0034549791191115,0.00393324122289651,0.00439206692129746,0.00480342547706678,0.00513822086737846,0.00536913116600293,0.00547373770389068,0.00543752004275682,0.00525623281105491,0.0049372049883911,0.0044992241942637,0.00397087981442502,0.00338750728234039,0.00278714874345385,0.00220615942182474,0.00167518626799288,0.00121619055226546,0.00084098015329682,0.000551402864859542,0.000341005159918579,0.000197671199460319,0.000106600701048848,5.29990307055492e-05,2.4023353725641e-05,9.79147771807379e-06,3.52628652234119e-06,1.09712730304607e-06,2.86263468481852e-07,6.01665573151986e-08,9.6268857914993e-09,1.07943873378749e-09,7.45964317062101e-11,2.56201350156455e-12,2.92106314074759e-14,4.46806421777835e-17,5.09126221933049e-22,0
0,0.000146004627769576,0.00274344830699206,0.0120383489153721,0.029041903957191,0.0503800534247057,0.070828764349832,0.0860198284636805,0.0937551057270445,0.0939991119603365,0.088178650397761,0.0783528459666763,0.0665651920308126,0.0544698762774671,0.0431980844322931,0.0333834004759327,0.0252666865121086,0.0188221959383394,0.0138710190149505,0.0101673870692553,0.00745585273450999,0.00550380210353759,0.00411597973591386,0.00313750009693532,0.00245051264519382,0.0019681195766931,0.00162775222493778,0.00138516160421366,0.00120948218014431,0.00107942385157578,0.000980451670063612,0.000902748276892306,0.000839760224794214,0.000787165584504578,0.000742142443831336,0.000702854184324453,0.000668093763806597,0.000637046135655315,0.000609137933222395,0.000583949584340786,0.000561169495731324,0.000540574308618963,0.00052202397421948,0.00050546533306575,0.000490942455805086,0.000478615624856091,0.000468793074471796,0.000461980254258713,0.000458950414504606,0.000460837797697597,0.000469250735226312,0.000486396558398111,0.000515203569242389,0.000559417729439239,0.000623643983278724,0.00071329558870458,0.000834411488371316,0.000993304109728226,0.00119601063994334,0.00144754181766395,0.00175095424279524,0.0021063134447242,0.00250966079523265,0.00295213995629334,0.00341946748750235,0.00389193604976558,0.00434510733455165,0.00475127997589369,0.0050817074390864,0.00530940416857761,0.00541223708723663,0.00537588345619993,0.0051961770128766,0.00488038873558569,0.00444710925280113,0.0039246087537965,0.00334781551890487,0.00275432371370261,0.0021800524128817,0.00165527366061939,0.00120167287696735,0.000830901305260483,0.000544769485199777,0.000336888086091772,0.000195276433166623,0.000105304984376624,5.23527909056979e-05,2.37295295284436e-05,9.67136495120217e-06,3.4829044007168e-06,1.08359180531965e-06,2.82721979995338e-07,5.94201700903698e-08,9.50713465944785e-09,1.06597442859219e-09,7.36633499736884e-11,2.52987342872113e-12,2.88430439056901e-14,4.41163892070051e-17,5.02661078612742e-22,0
0,0.000146156319043596,0.002746325464593,0.0120510189903295,0.029072542194172,0.0504332683128697,0.0709035802159018,0.0861105739393442,0.0938537461225293,0.0940975957274128,0.0882705017787795,0.0784338497007823,0.0666333643985504,0.0545250246030185,0.0432412221943977,0.0334161956745317,0.0252910313771647,0.0188399201537725,0.0138837303823621,0.0101764075781708,0.00746221638201477,0.00550828646884825,0.00411915134211313,0.00313976116699066,0.00245214275566278,0.00196930969532364,0.00162863095720992,0.00138581461491194,0.00120996613715176,0.00107977620731225,0.000980697387833408,0.000902904363315213,0.000839838711245167,0.000787175429955472,0.000742090705001815,0.000702746704961978,0.000667935562336601,0.000636841612461487,0.000608890972238722,0.000583663587160705,0.000560847358785826,0.000540218332773294,0.000521635677782808,0.000505045119491232,0.000490489062502803,0.000478125247320953,0.000468258020674326,0.000461386941693459,0.000458276484248265,0.00046004809860615,0.000468291943761774,0.000485190265819459,0.00051363780954116,0.000557337157013551,0.000620839248323741,0.000709492893050524,0.000829263802139483,0.000986386024932054,0.00118681923229231,0.00143550605516248,0.00173545527941445,0.00208671744380615,0.00248536466508362,0.00292262856480123,0.00338437869403395,0.00385112753468233,0.00429871713497214,0.00469977134910103,0.0050258886645115,0.00525041553297702,0.00535150069072053,0.0053150163888014,0.00513687424398179,0.00482428774504769,0.00439565283389582,0.00387892441126186,0.00330862869691815,0.00272191756047074,0.00215427952727229,0.00163561660721699,0.00118734201109529,0.000820952476487573,0.000538221884240735,0.000332824374995768,0.000192912775305403,0.000104026135369181,5.17149812717186e-05,2.34395459230086e-05,9.55282523090854e-06,3.44009150105774e-06,1.07023423515725e-06,2.79227129081179e-07,5.86836293686749e-08,9.38896607269175e-09,1.05268836769233e-09,7.27426422543734e-11,2.49816034066861e-12,2.84803489668589e-14,4.35596619266996e-17,4.96282810485562e-22,0
0,0.000146306450911773,0.00274917219899791,0.0120635537454436,0.0291028501343141,0.0504859039003178,0.0709775730267672,0.0862003095287223,0.0939512746350021,0.0941949534423518,0.0883612861057312,0.0785138955452049,0.0667007144795374,0.0545794928613735,0.0432838146886349,0.0334485646999938,0.0253150498735898,0.0188573982359704,0.0138962579988698,0.0101852915409451,0.00746847843267726,0.00551269467362161,0.00412226506509185,0.00314197737396402,0.00245373723636914,0.00197047073073621,0.00162948526898215,0.00138644655937008,0.00121043148025538,0.00108011178350494,0.000980927738606372,0.000903046207365455,0.000839903882125057,0.000787172748489892,0.000742027128688946,0.000702628003475619,0.00066776669634113,0.000636626935454277,0.000608634328950134,0.000583368345924949,0.000560516387990374,0.000539853910633425,0.000521239306669016,0.000504617196662284,0.000490028334609188,0.000477627944237274,0.000467716525436585,0.000460787811273983,0.000457597598338823,0.000459254692676804,0.000467331294982435,0.00048398486600876,0.000512076999366935,0.000555267428502783,0.000618053757581027,0.000705721154369713,0.000824163025899909,0.000979536050804329,0.001177723398826,0.00142360051124905,0.00172012904440724,0.00206734483730524,0.00246135048042146,0.00289346456728849,0.00334970782493981,0.0038108098748996,0.00425288963865943,0.00464889208910914,0.00497075632379577,0.00519215649170733,0.00529151941057911,0.00525490964616687,0.0050783154816779,0.00476889342385808,0.00434484700639388,0.00383381970358612,0.00326994070651882,0.00268992520425967,0.0021288367048074,0.00161621199614015,0.0011731956756695,0.000811132077874474,0.000531759011720571,0.000328813372141328,0.000190579843700636,0.000102763946469576,5.10854979089738e-05,2.31533555059829e-05,9.43583911312821e-06,3.39784077734527e-06,1.05705238706598e-06,2.75778336865643e-07,5.79568127723872e-08,9.2723603370475e-09,1.03957833007786e-09,7.18341541673688e-11,2.46686890351916e-12,2.81224853942604e-14,4.30103660627946e-17,4.89990295219607e-22,0
0,0.000146455038246492,0.00275198883826216,0.0120759546658636,0.0291328314478814,0.0505379666952474,0.0710507521231031,0.0862890468016448,0.0940477041167556,0.0942911982315877,0.0884510159179291,0.0785929948438674,0.0667672520849223,0.0546332892260905,0.043325868515424,0.0334805127476867,0.0253387460082326,0.0188746332283276,0.0139086041531169,0.0101940406711298,0.00747464017153824,0.00551702768919354,0.00412532164957537,0.00314414930040287,0.00245529655442149,0.00197160306799314,0.00163031548685297,0.00138705772223241,0.00121087846362889,0.00108043081180981,0.000981142937017953,0.000903174010465379,0.00083995592830101,0.000787157722305603,0.000741951889794364,0.000702498248505533,0.000667587329007973,0.000636402263023338,0.000608368157489917,0.000583064010963968,0.000560176730249994,0.000539481185982228,0.000520835001757592,0.000504181702659964,0.000489560407338647,0.000477123847605718,0.000467168716745712,0.000460182985451543,0.00045691387104703,0.000458457681665464,0.000466368871331899,0.000482780411825921,0.000510521146988407,0.00055320848634488,0.000615287358522645,0.000701980086437295,0.000819108689875697,0.000972753471971703,0.00116872210410124,0.00141182374449836,0.00170497359562777,0.00204819308333408,0.00243761500291928,0.00286464394314628,0.00331545001232056,0.00377097732161833,0.0042076182236447,0.00459863475770241,0.00491630227284185,0.00513461835791544,0.00523228422663444,0.00519555411819142,0.00502049178588034,0.00471419725768353,0.00429468391160604,0.00378928761219917,0.00323174549358549,0.00265834161188362,0.00210371992229848,0.00159705674408785,0.00115923161246233,0.000801438534783374,0.000525379826935639,0.000324854428994267,0.000188277259652977,0.000101518212008706,5.04642378676622e-05,2.28709113050477e-05,9.32038733057549e-06,3.35614524761173e-06,1.04404407559877e-06,2.72375029735501e-07,5.72395990356644e-08,9.1572979372235e-09,1.02664211490722e-09,7.09377327331439e-11,2.43599383177844e-12,2.77693925460592e-14,4.2468408196452e-17,4.83782423369075e-22,0
0,0.000146602095963546,0.00275477570849323,0.012088223226692,0.029162489778531,0.0505894631559895,0.0711231267704895,0.0863767972308586,0.094143047308001,0.0943863431030089,0.088539703637769,0.0786711588317807,0.0668329869290893,0.054686421788093,0.0433673902069167,0.0335120449581081,0.0253621237448093,0.018891628140907,0.0139207711082908,0.0102026566629577,0.00748070286898355,0.00552128647571988,0.00412832183165988,0.00314627752207899,0.00245682117149223,0.00197270708768829,0.00163112193365512,0.00138764838489316,0.00121130733858097,0.00108073352131168,0.000981343195363069,0.000903287971882889,0.000839995038640106,0.00078713053173145,0.000741865161464155,0.000702357607035477,0.000667397621955761,0.000636167752066103,0.000608092610566986,0.000582750731243665,0.00055982853115801,0.000539100301337877,0.000520422902705805,0.000503738774382764,0.000489085414762132,0.000476613088325403,0.000466614721537001,0.000459572585690584,0.000456225415748465,0.000457657166567684,0.000465404754695141,0.000481576955873876,0.000508970260863439,0.00055116027381572,0.000612539900383105,0.000698269406079405,0.00081410032909525,0.00096603758019701,0.00115981432283069,0.00140017432745169,0.00168998700957634,0.00202925966423502,0.0024141550249423,0.00283616270969502,0.00328160043402339,0.00373162417989244,0.00416289632982649,0.00454899198600319,0.00486251844332748,0.00507779252544519,0.00517378620239022,0.00513694077919143,0.00496339429927275,0.00466019081095596,0.00424515576349626,0.00374532118338315,0.00319403705991366,0.00262716179662844,0.0020789251936935,0.00157814779621406,0.00114544758408366,0.000791870287104773,0.000519083298783661,0.00032094690300346,0.000186004647956734,0.000100288728214861,4.98510991477563e-05,2.25921667812416e-05,9.20645079372469e-06,3.31499799430612e-06,1.03120713547184e-06,2.69016639369697e-07,5.65318680114164e-08,9.04375953795379e-09,1.01387754163849e-09,7.00532263828911e-11,2.40552988867792e-12,2.74210103392304e-14,4.19336957702018e-17,4.77658098187257e-22,0
0,0.000146747639009774,0.00275753313380626,0.0121003608928515,0.029191828743061,0.0506403996906687,0.0711947061590628,0.0864635721917582,0.09423731683674,0.0944804009459908,0.0886273615709102,0.0787483986353336,0.0668979286300114,0.0547388985560441,0.0434083862273585,0.0335431664172114,0.0253851870041825,0.0189083859506687,0.013932761102306,0.0102111411914845,0.00748666778085112,0.005525471982256,0.00413126633887041,0.00314836260802998,0.00245831154384641,0.001973783165966,0.00163190492846655,0.00138821882550112,0.00121171835355431,0.0010810201385185,0.000981528723585772,0.00090338828871685,0.000840021399990668,0.0007870913552047,0.000741767115062368,0.000702206244362632,0.000667197735200266,0.000635923557950724,0.000607807839425654,0.000582428654322172,0.000559471934949992,0.00053871139790511,0.000520003147897394,0.000503288547492765,0.000488603489750762,0.000476095796134912,0.000466054665632137,0.000458956732403925,0.000455532344855314,0.000456853247546545,0.000464439026321882,0.000480374550416731,0.000507424349551164,0.000549122734934312,0.00060981123405679,0.000694588833062087,0.000809137483272185,0.00095938767425008,0.00115099903974509,0.00138865084647188,0.00167516738124914,0.00201054208642812,0.00239096736939811,0.00280801692204243,0.00324815431351366,0.00369274480852016,0.00411871745888782,0.00449995647441967,0.00480939684268796,0.0050216704688559,0.00511601648508568,0.00507906068799064,0.00490701424741969,0.00460686572700451,0.00419625484882453,0.00370191352841741,0.00315680946335469,0.00259638081837795,0.00205444857018601,0.00155948212621731,0.00113184137405061,0.000782425789308755,0.000512868405799314,0.000317090157624038,0.000183761636913978,9.90752932216807e-05,4.92459807031321e-05,2.23170758309088e-05,9.09401059163512e-06,3.27439216460224e-06,1.01853942166406e-06,2.65702602766148e-07,5.58335006771295e-08,8.93172598496109e-09,1.00128245014106e-09,6.9180484966504e-11,2.37547188645862e-12,2.70772792529173e-14,4.14061370931942e-17,4.71616235452839e-22,0
0,0.000146891682351603,0.00276026143628184,0.0121123691189598,0.029220851931173,0.0506907826568858,0.0712654994031978,0.0865493829621495,0.094330525218669,0.0945733845314611,0.0887140019064834,0.0788247252726052,0.0669620867096217,0.054790727456734,0.0434488629734588,0.0335738821567391,0.0254079396646464,0.0189249096017049,0.0139445763479902,0.0102194959127329,0.0074925361485411,0.00552958514683923,0.00413415589022172,0.00315040512060345,0.00245976812237321,0.00197483167454277,0.00163266478662445,0.00138876931896724,0.0012121117541279,0.00108129088735882,0.000981699729272407,0.000903475155886165,0.000840035197167473,0.000787040369252513,0.0007416579201489,0.000702044324072056,0.000666987827125574,0.000635669834484143,0.000607513993810756,0.000582097926312214,0.000559107084463527,0.000538314615532538,0.000519575874397515,0.000502831156368287,0.000488114763926172,0.000475572099560268,0.00046548867368463,0.000458335544895425,0.0004548347697559,0.000456046023868599,0.000463471766758358,0.000479173247306659,0.000505883421633193,0.000547095814377417,0.000607101212005085,0.00069093808999008,0.000804219696695103,0.000952803059788162,0.00114227524946447,0.00137725190160606,0.00166051282399436,0.00199203788026302,0.00236804888958798,0.00278020267293857,0.0032151069197389,0.00365433361992262,0.00407507517419474,0.00445152099256943,0.00475692955406839,0.0049662437434055,0.0050589663057098,0.00502190498796347,0.00485134293883507,0.00455421372814329,0.00414797352724706,0.00365905782368378,0.00312005681791941,0.00256599378371007,0.00203028614029942,0.00154105673641063,0.00111841078684244,0.000773103510485763,0.000506734136182739,0.000313283562336075,0.000181547858345983,9.78777070746376e-05,4.86487824449451e-05,2.20455927872982e-05,8.98304799263029e-06,3.2343209706531e-06,1.00603880949911e-06,2.62432362264006e-07,5.51443791397161e-08,8.82117830576081e-09,9.88854700788966e-10,6.83193597592693e-11,2.34581468660973e-12,2.67381403312608e-14,4.08856413456323e-17,4.65655763307945e-22,0
0,0.000147034240964392,0.00276296093592593,0.0121242493492096,0.029249562905248,0.0507406183614228,0.0713355155412172,0.0866342407220478,0.094422684857119,0.0946653065119954,0.0887996367173254,0.0789001496536992,0.0670254705942013,0.0548419163354795,0.0434888267747715,0.0336041971545621,0.0254303855622161,0.0189412020054771,0.0139562190332743,0.0102277224638408,0.00749830919912854,0.0055336268965737,0.00413699119628146,0.00315240561550375,0.00246119135261994,0.00197585298073148,0.00163340181974171,0.00138930013697495,0.00121248778302208,0.00108154598918221,0.000981856417647901,0.000903548766122191,0.000840036612940488,0.000786977748477179,0.000741537744461378,0.000701872008015346,0.000666768054459694,0.000635406733884809,0.000607211221937665,0.000581758691848572,0.000558734121103291,0.00053791009267546,0.000519141217913404,0.000502366734062453,0.000487619367616974,0.000475042125869222,0.00046491686913181,0.00045770914130944,0.000454132800761283,0.000455235593847157,0.000462503055786741,0.000477973097918754,0.000504347485643099,0.000545079457402751,0.00060440968817234,0.000687316902214586,0.000799346518126349,0.000946283049245068,0.00113364195637746,0.00136597610645568,0.00164602146937383,0.00197374459987426,0.00234539646905868,0.0027527160926279,0.00318245356698563,0.00361638508001025,0.00403196310067754,0.00440367837918007,0.00470510873624764,0.0049115039850006,0.0050026269789784,0.00496546490703834,0.00479637176500897,0.00450222661571756,0.00410030423137653,0.00361674731073497,0.00308377329384873,0.00253599584596454,0.00200643402994799,0.00152286865777316,0.00110515364794177,0.000763901934377597,0.00050067948782144,0.000309526492659083,0.000179362947602156,9.66957717361394e-05,4.80594052443038e-05,2.17776724218363e-05,8.87354444484144e-06,3.19477768979556e-06,9.93703194711903e-07,2.59205365561689e-07,5.44643866394576e-08,8.7120977103169e-09,9.76592174537358e-10,6.74697034673602e-11,2.31655320006513e-12,2.6403535185738e-14,4.037211858244e-17,4.59775622106502e-22,0
0,0.000147175329822547,0.00276563195063186,0.012136003017256,0.0292779652001355,0.0507899130599698,0.0714047635351324,0.0867181565535084,0.0945138080430274,0.094756179421944,0.0888842779602396,0.0789746825810988,0.0670880896147831,0.0548924729565358,0.0435282838940829,0.033634116335026,0.0254525284909221,0.0189572660410581,0.0139676913213842,0.0102358224632108,0.00750398814547836,0.00553759814771745,0.00413977295923563,0.00315436464184067,0.00246258167482817,0.00197684744746783,0.00163411633572581,0.00138981154799282,0.00121284668010608,0.00108178566276244,0.000981998991574886,0.00090360930996416,0.000840025828026812,0.000786903665544748,0.000741406753900628,0.000701689456293121,0.0006665385722542,0.00063513440675964,0.000606899670466734,0.000581411094060186,0.000558353184810946,0.000537497966363693,0.000518699312760237,0.000501895412267126,0.000487117429820789,0.000474506001031322,0.000464339374152785,0.000457077638586464,0.000453426547058277,0.00045442205479226,0.000461532972371516,0.000476774153093145,0.000502816550003448,0.000543073609780012,0.00060173651790987,0.000683724997749224,0.000794517500708918,0.000939826961728256,0.00112509817452814,0.00135482208805293,0.00163169146702973,0.00195565982303961,0.0023230070214546,0.00272555334869835,0.00315018961472909,0.0035788937080377,0.00398937492469536,0.00435642154196827,0.00465392662353593,0.0048574429101155,0.00494698990327647,0.00490973175766352,0.00474209220039581,0.00445089627011128,0.00405323946680496,0.00357497529632828,0.00304795311765338,0.00250638220528426,0.00198288840247602,0.00150491494998473,0.00109206780386302,0.000754819559399274,0.000494703468306022,0.000305818330162587,0.000177206543566646,9.55292910893403e-05,4.74777509342872e-05,2.15132699450957e-05,8.76548157662418e-06,3.15575566470811e-06,9.81530493500108e-07,2.5602106573097e-07,5.37934075531001e-08,8.60446559155933e-09,9.64492772983114e-10,6.66313702322131e-11,2.28768238736063e-12,2.60734059970418e-14,3.98654797362166e-17,4.53974764271689e-22,0
0,0.000147314963890335,0.00276827479614445,0.0121476315461089,0.0293060623229576,0.0508386729568743,0.0714732522704122,0.08680114144049,0.0946039069549427,0.0948460156775875,0.088967937476281,0.0790483347500403,0.0671499530075694,0.0549424050035178,0.0435672405278074,0.0336636445693015,0.0254743722031079,0.0189731045553756,0.013978995351036,0.0102437975106625,0.00750957418636208,0.00554149980577124,0.00414250187295573,0.00315628274218017,0.00246393952397178,0.0019778154333387,0.00163480863879964,0.00139030381728945,0.00121318868240788,0.00108201012430297,0.000982127651555366,0.000903656975757316,0.000840003021085508,0.000786818291176739,0.000741265112519432,0.000701496827240959,0.000666299533867518,0.000634853002084823,0.000606579484481772,0.000581055274546451,0.000557964414039422,0.000537078372173958,0.000518250291831704,0.000501417321281748,0.000486609078171335,0.000473963849683209,0.000463756309631834,0.000456441152424417,0.000452716116668325,0.000453605502966749,0.000460561594612204,0.000475576463083706,0.000501290622969691,0.00054107821772901,0.000599081557907278,0.000680162107193404,0.000789732201880784,0.00093343412292309,0.00111664292750938,0.00134378848674287,0.00161752098455569,0.00193778115104091,0.00230087749037001,0.00269871064592732,0.00311831046747623,0.0035418540764477,0.00394730439388536,0.00430974345749847,0.00460337552564723,0.00480405231568199,0.00489204656056781,0.00485469693673792,0.004688495802366,0.00440021465071829,0.0040067718120918,0.003533735152427,0.00301259057212483,0.00247714810863186,0.00195964545867677,0.00148719270144438,0.00107915112216877,0.00074585489865233,0.000488805094940157,0.000302158462473034,0.000175078288662768,9.43780709407479e-05,4.6903722311348e-05,2.12523410074796e-05,8.65884119685669e-06,3.11724830352518e-06,9.69518642561851e-07,2.52878921227372e-07,5.31313273961589e-08,8.49826352577242e-09,9.52554418410638e-10,6.58042156338592e-11,2.25919725875461e-12,2.57476955165333e-14,3.93656366195274e-17,4.48252154161363e-22,0
0,0.000147453158113344,0.00277088978602612,0.0121591363480332,0.0293338577529249,0.0508869042049127,0.07154099055578,0.0868832062687493,0.0946929936590608,0.0949348275773211,0.0890506269910652,0.0791211167489068,0.0672110699143645,0.0549917200798324,0.0436057028063901,0.0336927866757404,0.0254959204097313,0.018988720363459,0.0139901332366324,0.0102516491875856,0.00751506850657624,0.00554533276556895,0.00414517862306751,0.0031581604525965,0.00246526532979661,0.00197875729261228,0.00163547902952418,0.00139077720695016,0.00121351402412608,0.00108221958744465,0.000982242595734684,0.000903691949653502,0.000839968368715048,0.000786721794144637,0.000741112982514232,0.000701294277418479,0.000666051090951534,0.000634562667190113,0.000606250807472182,0.000580691373357361,0.000557567945731195,0.00053665144420641,0.000517794286574898,0.000500932589986623,0.000486094438910133,0.000473415795098692,0.000463167795126741,0.000455799797245045,0.000452001616411699,0.00045278603354786,0.000459588999701855,0.00047438007751278,0.00049976971258032,0.000539093227864289,0.000596444666130436,0.000676627963662472,0.000784990183295958,0.000927103865003618,0.00110827524836234,0.00133287395607094,0.00160350820737186,0.00192010620852715,0.0022790048492011,0.00267218422612458,0.00308681157460223,0.00350526081070448,0.00390574531699696,0.00426363717102242,0.00455344782754833,0.00475132407895174,0.00483778851627405,0.00480035192550884,0.00463557421112353,0.00435017379587938,0.00396089391871916,0.00349302031617141,0.00297767999631908,0.00244828884978311,0.00193670143679232,0.00146969902927401,0.00106640149147501,0.000737006479930124,0.000482983394745154,0.000298546283277269,0.000172977828855386,9.32419190217036e-05,4.63372231361434e-05,2.09948416996401e-05,8.55360529512702e-06,3.07924907991064e-06,9.57665599120452e-07,2.49778395897113e-07,5.24780328244835e-08,8.39347327286232e-09,9.40775053823865e-10,6.49880966932823e-11,2.23109287431439e-12,2.54263470672943e-14,3.88725019265716e-17,4.4260676794049e-22,0
0,0.000147589927410548,0.00277347723162497,0.012170518824454,0.029361354941168,0.050934612905083,0.0716079871230396,0.0869643618257678,0.0947810801092919,0.0950226273018666,0.0891323581151003,0.0791930390596384,0.0672714493830194,0.0550404257091195,0.0436436767947154,0.0337215474202349,0.0255171767806683,0.019004116248688,0.0140011070684606,0.0102593790570956,0.00752047227706201,0.00554909791136928,0.00414780388702103,0.00315999830272587,0.00246655951686163,0.00197967337526966,0.00163612780482281,0.00139123197589549,0.00121382293664352,0.00108241426327525,0.000982344019907549,0.000903714415613951,0.000839922045453127,0.000786614341266915,0.000740950524219536,0.000701081961601282,0.000665793393441224,0.000634263547746298,0.000605913781318433,0.000580319528977125,0.000557163915300184,0.000536217315064941,0.000517331426969109,0.000500441345820261,0.000485573636862412,0.000472861959163175,0.000462573948841634,0.000455153686165006,0.000451283151876553,0.00045196374059388,0.000458615263890797,0.000473185045331388,0.000498253826612713,0.000537118587145636,0.000593825701765525,0.00067312230272401,0.000780291010751676,0.000920835526549268,0.00109999417948138,0.00132207716267495,0.0015896513386035,0.00190263264337936,0.00225738610099774,0.00264597036797218,0.0030556884301806,0.00346910858911713,0.00386469156371215,0.00421809579630049,0.0045041359892856,0.00469925015733289,0.00478420741912476,0.00474668828943882,0.00458331914959156,0.00430076582278754,0.00391559851101633,0.00345282428982137,0.00294321578551517,0.00241979976929861,0.00191405261249558,0.00145243107930785,0.00105381682144574,0.000728272845715657,0.000477237404459472,0.000294981192322809,0.000170904813651391,9.21206449888068e-05,4.57781581338271e-05,2.07407285526469e-05,8.44975604181678e-06,3.04175153309319e-06,9.45969340937057e-07,2.46718958980828e-07,5.18334116351303e-08,8.29007677651169e-09,9.29152642965338e-10,6.41828718738637e-11,2.20336434397056e-12,2.51093045448063e-14,3.838598923427e-17,4.37037593459712e-22,0
0,0.000147725286666934,0.00277603744204477,0.0121817803658689,0.0293885573105812,0.0509818051064195,0.0716742506269291,0.0870446188007088,0.094868178147358,0.0951094269145118,0.0892131423441418,0.0792641120581608,0.0673311003678904,0.0550885293357014,0.0436811684925219,0.0337499315165818,0.0255381449450195,0.0190192949630427,0.0140119189128922,0.0102669886641891,0.00752578665502593,0.00555279611694847,0.00415037833416183,0.00316179681582121,0.00246782250458126,0.00198056402703784,0.00163675525800694,0.00139166837990111,0.0012141156485426,0.0010825943603409,0.000982432117525922,0.000903724555414079,0.000839864223778606,0.000786496097408335,0.000740777896104741,0.000700860032775459,0.000665526589547011,0.00063395578775556,0.000605568546280559,0.000579939878310951,0.000556752456616962,0.000535776115840923,0.000516861841508181,0.000499943714760416,0.000485046795416829,0.000472302462352027,0.000461974887603923,0.000454502930971195,0.000450560827392392,0.000451138717015395,0.000457640462455175,0.000471991414784414,0.000496742972544169,0.000535154242833972,0.000591224525168601,0.000669644862339721,0.000775634254121136,0.000914628452466889,0.00109179877252392,0.00131139678618138,0.00157594859896256,0.00188535812657695,0.00223601827831463,0.00262006538686123,0.00302493657280723,0.00343339214265345,0.00382413706445246,0.00417311251540587,0.00445543254579086,0.00464782258820222,0.0047312950009805,0.00469369767804333,0.00453172242326785,0.00425198292736311,0.00387087838605553,0.00341314064067225,0.00290919239114981,0.00239167625447507,0.00189169529885553,0.00143538602606895,0.00104139504277782,0.000719652553172354,0.000471566170533497,0.000291462595415093,0.000168858896098386,9.10140604233507e-05,4.52264329938398e-05,2.04899585379239e-05,8.34727578808757e-06,3.00474926786592e-06,9.3442786631192e-07,2.43700085114273e-07,5.11973527665887e-08,8.18805616422861e-09,9.17685170323184e-10,6.33884010819747e-11,2.1760068275415e-12,2.47965124172807e-14,3.790601300281e-17,4.3154363013928e-22,0
0,0.000147859250726643,0.00277857072411691,0.0121929223517661,0.0294154682556797,0.0510284868058286,0.0717397896450011,0.0871239877844045,0.0949542995029196,0.0951952383613751,0.0892929910595679,0.0793343460148297,0.0673900317303079,0.0551360383250412,0.0437181838348219,0.0337779436268489,0.0255588284914188,0.0190342592273554,0.0140225708125833,0.0102744795359015,0.00753101278406143,0.00555642824569396,0.00415290262580306,0.00316355650880794,0.00246905470726885,0.00198142958942374,0.00163736167880298,0.00139208667161911,0.001214392385622,0.00108276008465887,0.000982507079708567,0.000903722548650064,0.000839795074115383,0.000786367225481315,0.000740595254773174,0.000700628642134463,0.000665250825749607,0.000633639529544439,0.000605215240989408,0.000579552556674717,0.000556333701996963,0.000535327976100065,0.000516385657186114,0.000499439821308471,0.000484514036508668,0.000471737423712562,0.000461370726844965,0.000453847642099945,0.000449834746007562,0.000450311054550722,0.000456664669669848,0.000470799233380333,0.000495237157517657,0.00053320014245212,0.000588640997820172,0.000666195382812411,0.000771019487291285,0.000908481993917649,0.00108368808832464,0.00130083151910538,0.00156239822663201,0.00186828035206537,0.00221489844306181,0.00259446563472558,0.00299455158541852,0.00339810625474458,0.00378407581017326,0.00412868057851246,0.00440733010666749,0.00459703348869443,0.0046790430766302,0.00464137182470105,0.00448077592005186,0.00420381738410075,0.0038267264135205,0.00337396300094566,0.00287560432072976,0.00236391373927749,0.00186962584628685,0.00141856107273322,0.00102913410717653,0.000711144174128258,0.000465968749119868,0.000287989904411922,0.00016683973278169,8.99219788298306e-05,4.46819543692266e-05,2.02424890669659e-05,8.24614706577646e-06,2.96823595455253e-06,9.23039194075048e-07,2.40721254326193e-07,5.05697462983995e-08,8.08739374729647e-09,9.06370641126782e-10,6.26045456667708e-11,2.14901553472972e-12,2.44879157256618e-14,3.7432488575682e-17,4.26123888857689e-22,0
0,0.000147991834386599,0.00278107738237407,0.0122039461505483,0.02944209114247,0.0510746639479453,0.0718046126775303,0.0872024792693727,0.0950394557937309,0.095280073471697,0.089371915528776,0.079403751094891,0.0674482522390578,0.0551829599642077,0.0437547286923265,0.0338055883617454,0.0255792309683435,0.0190490117315634,0.0140330647866758,0.010281853181464,0.00753615179427103,0.00555999515069867,0.00415537741529836,0.00316527789234058,0.00247025653418104,0.00198227039974941,0.00163794735338033,0.0013924871006005,0.0012146533709146,0.00108291163973188,0.000982569095252091,0.000903708572747034,0.000839714764837999,0.000786227886449155,0.000740402754963116,0.000700387939078085,0.000664966246797107,0.000633314913759193,0.000604854002440385,0.000579157697787245,0.000555907782191414,0.000534873023872117,0.000515902999485606,0.000498929788476888,0.000483975480606203,0.000471166960849291,0.000460761580584124,0.000453187928619751,0.0004491050094704,0.000449480843745153,0.000455687958785254,0.000469608547865079,0.000493736388311872,0.000531256233750028,0.000586074982284345,0.000662773606737575,0.000766446288105177,0.000902395508248299,0.0010756611968138,0.00129038006675406,0.00154899847715248,0.00185139703662466,0.00219402368635434,0.00256916749987245,0.00296452909510372,0.00336324576108093,0.00374450185214603,0.00408479330366727,0.00435982135595777,0.00454687505546964,0.00462744354356445,0.00458970254643828,0.00443047161004519,0.00415626154588979,0.00378313553554959,0.00333528506765669,0.00284244613772309,0.00233650770425334,0.00184784064248465,0.00140195345108189,0.00101703198732245,0.000702746295054039,0.00046044420605964,0.000284562537215241,0.000164846983819773,8.88442156335822e-05,4.41446298755127e-05,1.99982779908515e-05,8.14635258720602e-06,2.93220532894204e-06,9.1180136356689e-07,2.3778195203354e-07,4.99504834502053e-08,7.98807202063113e-09,8.95207081331806e-10,6.18311684192365e-11,2.12238572509209e-12,2.41834600833241e-14,3.69653321792393e-17,4.20777391844387e-22,0
